"provider","selected_source","grade","Freq"
"deepseek","frozen_initial_collection","abstain",32
"minimax","frozen_initial_collection","abstain",34
"minimax","hku_reopened_pass1","abstain",1
"minimax","official_minimax_direct_resumed_supplement","abstain",1
"minimax","official_minimax_direct_supplement","abstain",1
"deepseek","recovery_2026-10-06","abstain",1
"minimax","recovery_2026-10-06","abstain",1
"minimax","recovery_resumed_2026-10-06","abstain",1
"deepseek","frozen_initial_collection","correct",422
"minimax","frozen_initial_collection","correct",330
"minimax","hku_reopened_pass1","correct",13
"minimax","hku_reopened_pass2_4096","correct",1
"minimax","official_minimax_direct_supplement","correct",4
"deepseek","recovery_2026-10-06","correct",1
"minimax","recovery_2026-10-06","correct",17
"minimax","recovery_resumed_2026-10-06","correct",3
"deepseek","frozen_initial_collection","incorrect",43
"minimax","frozen_initial_collection","incorrect",69
"minimax","hku_reopened_pass1","incorrect",9
"minimax","hku_reopened_pass2_4096","incorrect",2
"minimax","official_minimax_direct_supplement","incorrect",1
"minimax","recovery_2026-10-06","incorrect",7
"deepseek","recovery_deepseek_only_2026-10-06","incorrect",1
"minimax","recovery_resumed_2026-10-06","incorrect",1
"minimax","hku_reopened_pass2_4096","technical_incomplete",4
