"question_id","condition","repeats","error","correct","abstain","grade"
"SV0013","N0",2,0.5,0.5,0,"correct"
"SV0036","N0",2,0,0,1,"abstain"
"SV0097","N0",2,0.5,0,0.5,"correct"
"SV0200","N0",2,0,0,1,"incorrect"
"SV0356","N0",2,1,0,0,"correct"
"SV0483","N0",2,1,0,0,"incorrect"
"SV0491","N0",2,1,0,0,"correct"
"SV0538","N0",2,0.5,0,0.5,"correct"
"SV0541","N0",1,0,0,1,"abstain"
"SV0598","N0",2,0.5,0,0.5,"incorrect"
"SV0613","N0",2,1,0,0,"correct"
"SV0618","N0",2,0,1,0,"correct"
"SV0700","N0",2,0.5,0,0.5,"correct"
"SV0701","N0",2,1,0,0,"correct"
"SV0799","N0",2,1,0,0,"correct"
"SV0874","N0",2,1,0,0,"correct"
"SV0876","N0",2,1,0,0,"incorrect"
"SV0894","N0",2,0.5,0,0.5,"incorrect"
"SV0914","N0",1,1,0,0,"abstain"
"SV0963","N0",2,1,0,0,"correct"
"SV1016","N0",2,1,0,0,"abstain"
"SV1049","N0",2,1,0,0,"incorrect"
"SV1054","N0",2,0,1,0,"correct"
"SV1190","N0",2,1,0,0,"correct"
"SV1199","N0",2,1,0,0,"abstain"
"SV1228","N0",2,0.5,0,0.5,"abstain"
"SV1263","N0",2,0,0,1,"correct"
"SV1268","N0",1,0,0,1,"correct"
"SV1301","N0",2,1,0,0,"incorrect"
"SV1390","N0",2,1,0,0,"incorrect"
"SV1391","N0",2,0,0,1,"correct"
"SV1436","N0",2,1,0,0,"correct"
"SV1448","N0",2,1,0,0,"correct"
"SV1501","N0",2,1,0,0,"correct"
"SV1502","N0",2,0.5,0,0.5,"correct"
"SV1682","N0",2,1,0,0,"correct"
"SV1704","N0",2,0.5,0,0.5,"abstain"
"SV1744","N0",2,1,0,0,"incorrect"
"SV1791","N0",2,0.5,0,0.5,"correct"
"SV1808","N0",2,0.5,0,0.5,"correct"
"SV1816","N0",2,1,0,0,"correct"
"SV1847","N0",2,0.5,0,0.5,"correct"
"SV1851","N0",2,0.5,0,0.5,"abstain"
"SV1857","N0",2,0.5,0.5,0,"incorrect"
"SV1866","N0",2,0,0,1,"correct"
"SV1953","N0",2,0,0,1,"incorrect"
"SV1972","N0",2,0,0.5,0.5,"correct"
"SV2035","N0",1,0,0,1,"correct"
"SV2103","N0",2,0,0,1,"correct"
"SV2119","N0",2,0.5,0,0.5,"correct"
"SV2137","N0",2,1,0,0,"incorrect"
"SV2145","N0",2,1,0,0,"incorrect"
"SV2176","N0",2,0,1,0,"correct"
"SV2178","N0",2,0,0,1,"correct"
"SV2209","N0",2,1,0,0,"correct"
"SV2232","N0",2,1,0,0,"correct"
"SV2268","N0",2,0,1,0,"correct"
"SV2300","N0",2,0.5,0.5,0,"correct"
"SV2444","N0",2,1,0,0,"correct"
"SV2543","N0",2,0,0,1,"incorrect"
"SV2595","N0",2,1,0,0,"correct"
"SV2657","N0",2,0,0,1,"incorrect"
"SV2658","N0",2,0,0,1,"correct"
"SV2693","N0",2,0,0,1,"correct"
"SV2796","N0",2,0.5,0,0.5,"correct"
"SV2831","N0",2,0.5,0,0.5,"correct"
"SV2832","N0",2,1,0,0,"correct"
"SV2892","N0",2,0.5,0.5,0,"incorrect"
"SV3030","N0",2,0,0,1,"correct"
"SV3248","N0",2,1,0,0,"correct"
"SV3258","N0",2,0.5,0,0.5,"correct"
"SV3265","N0",2,0,0,1,"correct"
"SV3267","N0",2,1,0,0,"correct"
"SV3285","N0",2,0.5,0.5,0,"abstain"
"SV3290","N0",2,0,0,1,"correct"
"SV3304","N0",2,1,0,0,"correct"
"SV3372","N0",2,0,0,1,"correct"
"SV3442","N0",2,1,0,0,"incorrect"
"SV3462","N0",2,0.5,0,0.5,"correct"
"SV3488","N0",2,1,0,0,"correct"
"SV3489","N0",2,1,0,0,"incorrect"
"SV3533","N0",2,1,0,0,"correct"
"SV3592","N0",2,1,0,0,"correct"
"SV3674","N0",2,1,0,0,"correct"
"SV3685","N0",2,0.5,0,0.5,"abstain"
"SV3930","N0",2,1,0,0,"abstain"
"SV3961","N0",2,1,0,0,"correct"
"SV3974","N0",2,0.5,0,0.5,"abstain"
"SV4021","N0",1,1,0,0,"correct"
"SV4076","N0",2,1,0,0,"correct"
"SV4086","N0",2,1,0,0,"correct"
"SV4215","N0",2,1,0,0,"incorrect"
"SV4222","N0",1,1,0,0,"correct"
"SV4257","N0",2,0.5,0.5,0,"incorrect"
"SV4261","N0",2,0.5,0,0.5,"abstain"
"SV4277","N0",2,1,0,0,"incorrect"
"SV4283","N0",2,0.5,0,0.5,"correct"
"SV0013","N1",2,0.5,0.5,0,"correct"
"SV0036","N1",2,1,0,0,"abstain"
"SV0097","N1",2,1,0,0,"correct"
"SV0200","N1",2,0,0,1,"incorrect"
"SV0356","N1",2,1,0,0,"correct"
"SV0483","N1",2,1,0,0,"incorrect"
"SV0491","N1",2,1,0,0,"correct"
"SV0538","N1",2,1,0,0,"correct"
"SV0541","N1",1,1,0,0,"abstain"
"SV0598","N1",2,0.5,0,0.5,"incorrect"
"SV0613","N1",2,1,0,0,"correct"
"SV0618","N1",2,0,1,0,"correct"
"SV0700","N1",2,1,0,0,"correct"
"SV0701","N1",2,1,0,0,"correct"
"SV0799","N1",2,1,0,0,"correct"
"SV0874","N1",1,1,0,0,"correct"
"SV0876","N1",2,1,0,0,"incorrect"
"SV0894","N1",2,0.5,0,0.5,"incorrect"
"SV0914","N1",1,1,0,0,"abstain"
"SV0963","N1",2,1,0,0,"correct"
"SV1016","N1",2,1,0,0,"abstain"
"SV1049","N1",2,1,0,0,"incorrect"
"SV1054","N1",2,0,1,0,"correct"
"SV1190","N1",2,1,0,0,"correct"
"SV1199","N1",2,1,0,0,"abstain"
"SV1228","N1",2,1,0,0,"abstain"
"SV1263","N1",2,0,0,1,"correct"
"SV1268","N1",2,0.5,0,0.5,"correct"
"SV1301","N1",2,1,0,0,"incorrect"
"SV1390","N1",2,1,0,0,"incorrect"
"SV1391","N1",2,0.5,0,0.5,"correct"
"SV1436","N1",2,1,0,0,"correct"
"SV1448","N1",2,1,0,0,"correct"
"SV1501","N1",2,1,0,0,"correct"
"SV1502","N1",2,0.5,0,0.5,"correct"
"SV1682","N1",2,1,0,0,"correct"
"SV1704","N1",2,0.5,0,0.5,"abstain"
"SV1744","N1",2,1,0,0,"incorrect"
"SV1791","N1",2,1,0,0,"correct"
"SV1808","N1",2,0.5,0.5,0,"correct"
"SV1816","N1",2,1,0,0,"correct"
"SV1847","N1",2,0.5,0,0.5,"correct"
"SV1851","N1",2,1,0,0,"abstain"
"SV1857","N1",2,1,0,0,"incorrect"
"SV1866","N1",2,1,0,0,"correct"
"SV1953","N1",2,0.5,0,0.5,"incorrect"
"SV1972","N1",2,0,1,0,"correct"
"SV2035","N1",1,1,0,0,"correct"
"SV2103","N1",2,0.5,0,0.5,"correct"
"SV2119","N1",2,1,0,0,"correct"
"SV2137","N1",1,1,0,0,"incorrect"
"SV2145","N1",2,1,0,0,"incorrect"
"SV2176","N1",2,0,1,0,"correct"
"SV2178","N1",2,0.5,0,0.5,"correct"
"SV2209","N1",2,1,0,0,"correct"
"SV2232","N1",2,1,0,0,"correct"
"SV2268","N1",2,0,1,0,"correct"
"SV2300","N1",2,0.5,0.5,0,"correct"
"SV2444","N1",2,1,0,0,"correct"
"SV2543","N1",2,0.5,0,0.5,"incorrect"
"SV2595","N1",2,1,0,0,"correct"
"SV2657","N1",1,1,0,0,"incorrect"
"SV2658","N1",2,0.5,0,0.5,"correct"
"SV2693","N1",2,1,0,0,"correct"
"SV2796","N1",2,0.5,0,0.5,"correct"
"SV2831","N1",2,1,0,0,"correct"
"SV2832","N1",2,1,0,0,"correct"
"SV2892","N1",2,0.5,0.5,0,"incorrect"
"SV3030","N1",2,0.5,0,0.5,"correct"
"SV3248","N1",2,1,0,0,"correct"
"SV3258","N1",2,1,0,0,"correct"
"SV3265","N1",2,0,0,1,"correct"
"SV3267","N1",2,1,0,0,"correct"
"SV3285","N1",2,0.5,0.5,0,"abstain"
"SV3290","N1",2,0,0,1,"correct"
"SV3304","N1",2,1,0,0,"correct"
"SV3372","N1",2,0,0,1,"correct"
"SV3442","N1",2,1,0,0,"incorrect"
"SV3462","N1",2,0.5,0,0.5,"correct"
"SV3488","N1",2,1,0,0,"correct"
"SV3489","N1",2,1,0,0,"incorrect"
"SV3533","N1",2,1,0,0,"correct"
"SV3592","N1",2,1,0,0,"correct"
"SV3674","N1",2,1,0,0,"correct"
"SV3685","N1",1,1,0,0,"abstain"
"SV3930","N1",2,1,0,0,"abstain"
"SV3961","N1",2,1,0,0,"correct"
"SV3974","N1",2,0.5,0,0.5,"abstain"
"SV4021","N1",1,1,0,0,"correct"
"SV4076","N1",2,1,0,0,"correct"
"SV4086","N1",2,1,0,0,"correct"
"SV4215","N1",1,1,0,0,"incorrect"
"SV4222","N1",1,1,0,0,"correct"
"SV4257","N1",2,0.5,0.5,0,"incorrect"
"SV4261","N1",2,0.5,0,0.5,"abstain"
"SV4277","N1",2,1,0,0,"incorrect"
"SV4283","N1",2,1,0,0,"correct"
