"question_id","query"
"SV3267","Saudi Arabia top religious body green light codification Sharia law"
"SV2209","1st ASEM Transport Ministers' Meeting date"
"SV3304","James V. Allred nominated Southern District Texas Roosevelt date"
"SV4076","Julia Rucklidge Bachelor of Science McGill University year"
"SV2178","Corbin Bleu Broadway Wall of Fame Tony's Di Napoli portrait"
"SV1054","SROSS-C satellite launch date Satish Dhawan Space Centre"
"SV0701","Anugrah Narayan Sinha Deputy Premier Finance Minister Bihar date"
"SV1972","guidelines requirements soluble biomarkers osteoarthritis clinical trials published year"
"SV1502","Dina Nath Walli Indian watercolor artist poet Srinagar"
"SV3290","Glipa andamana beetle species described year"
"SV2832","Willis H. Flygare Irving Langmuir Award year"
"SV0491","Mildred Cohn Golden Plate Award American Academy of Achievement year"
"SV0700","Kangri cancer effect first studied year history"
"SV3674","Spencer Perceval Attorney General England Wales resigned"
"SV2103","Dr. Abu Baker Asvat Order of Luthuli Silver Cyril Ramaphosa"
"SV1808","Contract Law of the People's Republic of China abolished year month"
"SV0618","Seiko Official Timer Olympics year began"
"SV2595","Cities: Skylines release date Google Stadia"
"SV4222","Manuleleua Paletasala Tovale appointed Associate Minister Prime Minister Cabinet date"
"SV0013","Monash Gallery of Art rebrand Museum of Australian Photography MAPh year"
"SV4283","Christian Gyrling departs Naughty Dog after 17 years replaced Travis McIntosh"
"SV0613","Mira Sintra-Meleças railway station opening date"
"SV3592","M'hamed Djellouli Prime Minister Tunisia date appointed"
"SV2658","T. M. Selvaganapathy acquitted High Court Pleasant Stay hotel case"
"SV2658","Pleasant Stay hotel case High Court acquittal date Selvaganapathy Jayalalithaa"
"SV1436","Eric Xing joined Mohamed bin Zayed University of Artificial Intelligence MBZUAI"
"SV1436","Eric Xing MBZUAI president appointed when month"
"SV1436","Eric Xing MBZUAI Mohamed bin Zayed University Artificial Intelligence president join"
"SV1436","""Eric Xing"" MBZUAI ""joined"" OR ""appointed"" month year"
"SV3462","Gopalaswami Parthasarathy Vice Chancellor Jawaharlal Nehru University assumed charge date"
"SV0874","Paul Holdengräber Austrian Decoration for Science and Art awarded year"
"SV1791","Clint Ballard Jr. adopted alias ""Buddy Clinton"""
"SV2831","MOI Project ""Museums of Impact"" Creative Europe program finished year"
"SV2232","Society of Illustrators Welfare Fund established year"
"SV0799","Ketanji Brown Jackson circuit judge service end date"
"SV2300","Centro Botín exhibition ""Amigos"" Spain"
"SV3533","NASA Vehicle Assembly Building National Historic Civil Engineering Landmark ASCE year"
"SV2035","Ronnie Milsap first moved to Nashville month year"
"SV1391","first SoCal Sword Fight tournament year"
"SV4021","Ronald Reagan nominate Jean Galloway Bissell circuit judge date"
"SV3372","Teotihuacan Ocelot alabaster sculpture found year"
"SV1866","first Q Con Prism Comics West Hollywood date"
"SV1866","Prism Comics Q Con history first event"
"SV2444","Leonard P. Zakim Michael Dukakis reelection campaign"
"SV2693","Olton Willem van Genderen Surinamese politician death date"
"SV0097","Notepad++ 7.8.8 release date"
"SV1268","Theresa Kuffour former First Lady Ghana death date"
"SV1263","Ursa Minor cave Sequoia National Park first discovered"
"SV1682","Albertina Sisulu retired from politics year"
"SV0538","Mario-Rafael Ionian Austrian figure skater born"
"SV3258","Retlaw 1 combine car sold Carolwood Foundation date"
"SV1847","Noel Turner Maltese footballer born date"
"SV3961","Stella Jang Innisfree cosmetics model year"
"SV3961","Stella Jang singer-songwriter Innisfree ambassador"
"SV2119","Doris Lusk painting Tuai Power Station year"
"SV2796","Pakistan International Airlines Fokker 27 hijacked Sukkur Karachi"
"SV3030","Albertus Petrus Snyman Conradie architect South Africa death date"
"SV2268","Motonori Matuyama geophysicist born date"
"SV4086","Anna Netrebko People's Artist of Russia year awarded"
"SV3265","Vinton Cerf ""A View from the 21st Century"" publication date"
"SV1816","Kaitlin Armstrong arraigned pleaded not guilty Moriah Wilson murder"
"SV3488","Alain Stanké Knight National Order of Quebec year"
"SV0963","Bonaya Adhi Godana first elected National Assembly Kenya year"
"SV3248","William Hammon University Pittsburgh gamma globulin blood plasma polio survivors purification year"
"SV2176","President Bush signed Iraq War authorization resolution date"
"SV1501","Stepan Timoshenko Worcester Reed Warner Medal year"
