"question_id","question","reference_answer","granularity","topic","verified_source_url","source_id","initial_observations","initial_incorrect","initial_correct","initial_abstain","observed_initial_error","all_six_initial_answers_incorrect","independent_human_review_complete"
"SV1049","What day, month, and year did the original ActRaiser soundtrack come out in Japan?","January 25, 1991","day","Music","https://en.wikipedia.org/wiki/ActRaiser","1049",6,6,0,0,TRUE,TRUE,FALSE
"SV1390","In what year was Elliott Fitch Shepard nominated for United States Attorney for the Southern District of New York by President Rutherford B. Hayes?","1881","year","Politics","https://en.wikipedia.org/wiki/Elliott_Fitch_Shepard","1390",6,6,0,0,TRUE,TRUE,FALSE
"SV2103","In which year was Dr. Abu Baker Asvat awarded the Order of Luthuli in Silver by President Cyril Ramaphosa?","2021","year","Politics","https://en.wikipedia.org/wiki/Abu_Baker_Asvat","2103",6,6,0,0,TRUE,TRUE,FALSE
"SV3248","In which year did William Hammon at the University of Pittsburgh purify the gamma globulin component of the blood plasma of polio survivors?","1950","year","Science and technology","https://en.wikipedia.org/wiki/Polio","3248",6,6,0,0,TRUE,TRUE,FALSE
"SV3593","In what year was the Wood River Baptist Association formed in Illinois?","1838","year","History","http://www.blackandchristian.com/articles/academy/trussell1.shtml","3593",6,6,0,0,TRUE,TRUE,FALSE
"SV3930","What were the month and year when Telegram introduced animated emoji?","August 2019","month","Science and technology","https://en.wikipedia.org/wiki/Telegram_(software)","3930",6,6,0,0,TRUE,TRUE,FALSE
"SV4021","In what date, month, and year did Ronald Reagan nominate Jean Galloway Bissell, the U.S. circuit judge, to a new seat?","24 May 1984","day","Politics","https://www.fjc.gov/history/judges/bissell-jean-galloway","4021",6,6,0,0,TRUE,TRUE,FALSE
"SV0036","In which month and year did Khusro Bakhtiar (former Federal Minister for Planning, Development, and Reforms, Pakistan) announce that the government was considering establishing a Pak-China business council to promote the private sector's role in the China-Pakistan Economic Corridor (CPEC)?","June 2019","month","Politics","https://www.app.com.pk/national/pak-china-business-council-to-be-formed-to-promote-private-sector-khusro/","36",6,5,0,1,TRUE,FALSE,FALSE
"SV0097","What day, month, and year was Notepad++ version 7.8.8 released?","June 28, 2020","day","Science and technology","https://notepad-plus-plus.org/news/v788-released/","97",6,5,0,1,TRUE,FALSE,FALSE
"SV0356","In what year was the Chinese survey conducted that obtained the figure of 29,029.24 feet (8,848.11 meters) for Mount Everest's height?","1975","year","Geography","https://kathmandupost.com/national/2020/12/08/it-s-official-mount-everest-is-8-848-86-metres-tall","356",6,5,1,0,TRUE,FALSE,FALSE
"SV0491","In what year did the biochemist Mildred Cohn receive the Golden Plate Award from the American Academy of Achievement?","1984","year","Science and technology","https://en.wikipedia.org/wiki/Mildred_Cohn","491",6,5,0,1,TRUE,FALSE,FALSE
"SV0541","On what date, month, and year was the Public Order Ordinance commenced in Hong Kong?","17 November 1967","day","Politics","https://en.wikipedia.org/wiki/Public_Order_Ordinance","541",6,5,0,1,TRUE,FALSE,FALSE
"SV0799","On what month, day, and year did Ketanji Brown Jackson's service as a circuit judge end?","29 June 2022","day","Politics","https://www.fjc.gov/node/1394151","799",6,5,1,0,TRUE,FALSE,FALSE
"SV1629","When did BAe and the American aircraft manufacturer McDonnell Douglas sign a memorandum of understanding regarding the McDonnell Douglas AV-8B Harrier II? Example answer: mm-yyyy","08-1981","month","Science and technology","https://en.wikipedia.org/wiki/Harrier_jump_jet","1629",6,5,0,1,TRUE,FALSE,FALSE
"SV1682","In which year did Albertina Sisulu retire from politics?","1999","year","Politics","https://www.sahistory.org.za/people/albertina-nontsikelelo-sisulu","1682",6,5,1,0,TRUE,FALSE,FALSE
"SV2145","In which month and year was Durga Prasad Dhar (an Indian politician) appointed as the Union Minister for Planning?","July, 1972","month","Politics","https://dpdhar.com/timeline/","2145",6,5,0,1,TRUE,FALSE,FALSE
"SV2543","In which year was John B. Mortimer appointed a Judge of the High Court of Hong Kong?","1985","year","Politics","https://en.wikipedia.org/wiki/John_B._Mortimer","2543",6,5,0,1,TRUE,FALSE,FALSE
"SV2892","In what year was Phillip Paul Bliss, famous Christian songwriter, appointed as a teacher in the Rome, Pennsylvania Academy?","1858","year","Music","https://www.wholesomewords.org/biography/biobliss.html","2892",6,5,0,1,TRUE,FALSE,FALSE
"SV3304","What month, day, and year was James V. Allred nominated by President Franklin D. Roosevelt to the United States District Court for the Southern District of Texas?","5 January 1939","day","Politics","https://en.wikipedia.org/wiki/James_V._Allred","3304",6,5,1,0,TRUE,FALSE,FALSE
"SV3685","In which general elections (year) was Makhdum Khusro Bakhtyar (Pakistani politician) re-elected to the National Assembly as an independent candidate from Constituency NA-194 (Rahim Yar Khan-III)?","2013","year","Politics","https://en.wikipedia.org/wiki/Khusro_Bakhtiar","3685",6,5,1,0,TRUE,FALSE,FALSE
"SV0185","In which year did Maharaj Kishan Bhan (an Indian pediatrician and clinical scientist) receive the Padma Bhushan for civil services?","2013","year","Politics","https://en.wikipedia.org/wiki/Maharaj_Kishan_Bhan","185",6,4,2,0,TRUE,FALSE,FALSE
"SV0617","What day, month, and year was the municipality of Tipacoque, Boyacá, Colombia, created?","November 28th, 1968","day","Geography","https://en.wikipedia.org/wiki/Tipacoque","617",6,4,0,2,TRUE,FALSE,FALSE
"SV0701","On which day, month, and year did Anugrah Narayan Sinha become the Deputy Premier cum Finance Minister of Bihar province?","July 20, 1937","day","Politics","https://en.wikipedia.org/wiki/Anugrah_Narayan_Sinha","701",6,4,2,0,TRUE,FALSE,FALSE
"SV0874","In what year was Paul Holdengräber awarded the Austrian Decoration for Science and Art?","2010","year","Art","https://web.archive.org/web/20121010220017/http://www.pen.org/author.php/prmAID/178","874",6,4,0,2,TRUE,FALSE,FALSE
"SV0914","In what year did Swiss painter Benjamin Samuel Bolomey become a pupil of Joseph-Marie Vien?","1758","year","Art","https://artvee.com/artist/benjamin-samuel-bolomey/","914",6,4,0,2,TRUE,FALSE,FALSE
"SV0969","Which month and year was William Harrison Standley appointed as the American Ambassador to the USSR?","February 1942","month","Politics","https://history.state.gov/departmenthistory/people/standley-william-harrison","969",5,4,1,0,TRUE,FALSE,FALSE
"SV1140","In what year did Jon Kleinberg become a fellow of the Association for Computing Machinery?","2013","year","Science and technology","https://en.wikipedia.org/wiki/Jon_Kleinberg","1140",6,4,2,0,TRUE,FALSE,FALSE
"SV1228","In what year did Edward Baker Jelks earn a Ph.D. in archaeology?","1965","year","History","https://en.wikipedia.org/wiki/Edward_B._Jelks","1228",6,4,0,2,TRUE,FALSE,FALSE
"SV1391","What year was the first SoCal Sword Fight tournament held?","2012","year","Sports","https://en.wikipedia.org/wiki/Historical_European_martial_arts","1391",6,4,0,2,TRUE,FALSE,FALSE
"SV1448","In what year was Alexej von Jawlensky expelled from Germany?","1914","year","Art","https://kettererkunst.com/bio/AlexejvonJawlensky-1864-1941.php","1448",6,4,0,2,TRUE,FALSE,FALSE
"SV2035","In what month and year did Ronnie Milsap first move to Nashville?","December 1972","month","Music","https://en.wikipedia.org/wiki/Ronnie_Milsap","2035",6,4,1,1,TRUE,FALSE,FALSE
"SV2832","In what year did Willis H. Flygare win the Irving Langmuir Award?","1981","year","Science and technology","https://chemistry.illinois.edu/spotlight/faculty/flygare-willis-h-1936-1981","2832",6,4,0,2,TRUE,FALSE,FALSE
"SV3290","In what year was the beetle species Glipa andamana described?","1941","year","Science and technology","https://en.wikipedia.org/wiki/Glipa_andamana","3290",6,4,0,2,TRUE,FALSE,FALSE
"SV3442","In which year did George Bentham change the name of *Hedaroma pinifolium* to *Pimelea pinifolia*?","1865","year","Science and technology","https://en.wikipedia.org/wiki/Darwinia_pinifolia","3442",6,4,0,2,TRUE,FALSE,FALSE
"SV3489","In what year was *Hemidactylus boavistensis* elevated from a subspecies of *Hemidactylus bouvieri* to a separate species?","2008","year","Science and technology","https://en.wikipedia.org/wiki/Hemidactylus_boavistensis","3489",6,4,1,1,TRUE,FALSE,FALSE
"SV3592","On which day, month, and year did M'hamed Djellouli become the Prime Minister of Tunisia?","February 18, 1907","day","Politics","https://en.wikipedia.org/wiki/M%27hamed_Djellouli","3592",6,4,0,2,TRUE,FALSE,FALSE
"SV3691","In which month and year did Arch Linux installation images start including installation scripts by default?","April 2021","month","Science and technology","https://en.wikipedia.org/wiki/Arch_Linux","3691",6,4,0,2,TRUE,FALSE,FALSE
"SV0200","What year did Australian politician William Lawrence Morrison graduate from the University of Sydney?","1949","year","Politics","https://www.eoas.info/biogs/P005870b.htm","200",6,3,0,3,TRUE,FALSE,FALSE
"SV0598","In which month and year did Jose Maria Canlas Sison marry his wife, Julie de Lima, in a Catholic church?","January 1960","month","Politics","https://en.wikipedia.org/wiki/Jose_Maria_Sison","598",6,3,0,3,TRUE,FALSE,FALSE
"SV0613","On what day, month, and year did Mira Sintra-Meleças railway station open for revenue service?","29 November 2004","day","Geography","https://en.wikipedia.org/wiki/Mira_Sintra-Mele%C3%A7as_railway_station","613",6,3,0,3,TRUE,FALSE,FALSE
"SV0700","In which year was the Kangri cancer effect first studied?","1866","year","Science and technology","https://en.wikipedia.org/wiki/Kanger","700",6,3,0,3,TRUE,FALSE,FALSE
"SV1181","In the spring of which year did Henry Martin Nevius join the law office of future U.S. Secretary of War Russell A. Alger?","1861","year","History","https://en.wikipedia.org/wiki/Henry_M._Nevius","1181",6,3,0,3,TRUE,FALSE,FALSE
"SV1190","In which year did Ranuccio Bianchi Bandinelli, an Italian archaeologist and art historian, found the Dialoghi di archeologia with his students?","1967","year","Art","https://en.wikipedia.org/wiki/Ranuccio_Bianchi_Bandinelli","1190",6,3,3,0,TRUE,FALSE,FALSE
"SV1246","On what day, month, and year was the Dogra Art Museum (Jammu) inaugurated by the first President of India, Dr. Rajendra Prasad?","18th of April, 1954","day","Art","https://www.dailyexcelsior.com/dogra-art-museum-pride-of-jammu-against-all-odds/","1246",6,3,2,1,TRUE,FALSE,FALSE
"SV1502","In which year did Dina Nath Walli (an Indian watercolor artist and poet from Srinagar city) return to Srinagar, where he concentrated on landscape painting in watercolors?","1936","year","Art","https://en.wikipedia.org/wiki/Dina_Nath_Walli","1502",6,3,0,3,TRUE,FALSE,FALSE
"SV2119","In what year did artist Doris Lusk create a painting of the Tuai Power Station?","1948","year","Art","https://en.wikipedia.org/wiki/Tuai","2119",6,3,2,1,TRUE,FALSE,FALSE
"SV2137","In which year did Ratan Parimoo (an Indian art historian from Kashmir) win the Gaurav Puraskar, Gujarat State Lalit Kala Akademi?","2000","year","Art","https://en.wikipedia.org/wiki/Ratan_Parimoo","2137",6,3,0,3,TRUE,FALSE,FALSE
"SV2209","On what day, month, and year did the 1st ASEM Transport Ministers' Meeting begin?","October 19, 2009","day","Politics","https://aseminfoboard.org/asem_events/1st-asem-transport-ministers-meeting-asemtmm1/","2209",6,3,0,3,TRUE,FALSE,FALSE
"SV2300","As of 2022, what year did the Centro Botín Centre in Spain have the exhibition named 'Amigos'?","2019","year","Art","https://fadmagazine.com/2019/03/25/new-martin-creed-exhibition-amigos-opens-this-april/","2300",6,3,0,3,TRUE,FALSE,FALSE
"SV2444","Which year was Leonard P. Zakim first involved in the reelection campaign of Michael Dukakis?","1978","year","Politics","https://en.wikipedia.org/wiki/Leonard_P._Zakim","2444",6,3,0,3,TRUE,FALSE,FALSE
"SV2657","When was the album ""When the Sun Goes Down"" by Selena Gomez released in Japan (specific day, month, and year)?","14 September 2011","day","Music","https://en.wikipedia.org/wiki/When_the_Sun_Goes_Down_(Selena_Gomez_%26_the_Scene_album)","2657",6,3,1,2,TRUE,FALSE,FALSE
"SV2693","On what day, month, and year did Olton Willem van Genderen, a Surinamese civil servant and politician, die?","November 9, 1990","day","Politics","https://en.wikipedia.org/wiki/Olton_van_Genderen","2693",6,3,1,2,TRUE,FALSE,FALSE
"SV2796","What were the day, month, and year when Pakistan International Airlines Fokker 27 was hijacked en route to Karachi from Sukkur?","20, January 1978","day","History","https://en.wikipedia.org/wiki/Pakistan_International_Airlines","2796",6,3,0,3,TRUE,FALSE,FALSE
"SV2851","On which year was China Zorrilla invested Chevalier des Arts et des Lettres?","2008","year","Art","https://en.wikipedia.org/wiki/China_Zorrilla","2851",6,3,3,0,TRUE,FALSE,FALSE
"SV3267","In which year did the top religious body in Saudi Arabia give the green light for codification of Sharia law?","2010","year","Politics","https://en.wikipedia.org/wiki/Contract_law_in_Saudi_Arabia","3267",6,3,2,1,TRUE,FALSE,FALSE
"SV3285","Which year was Audrey McLaughlin sworn in as a member of the Queen's Privy Council for Canada?","1991","year","Politics","https://en.wikipedia.org/wiki/Audrey_McLaughlin","3285",6,3,2,1,TRUE,FALSE,FALSE
"SV3533","During which year was NASA's Vehicle Assembly Building designated as a National Historic Civil Engineering Landmark by the American Society of Civil Engineers?","2020","year","Science and technology","https://en.wikipedia.org/wiki/Vehicle_Assembly_Building","3533",6,3,3,0,TRUE,FALSE,FALSE
"SV3674","In what month and year did Spencer Perceval leave office as the Attorney General for England and Wales?","February 1806","month","Politics","https://victorianweb.org/history/pms/perceval.html","3674",6,3,3,0,TRUE,FALSE,FALSE
"SV4283","In which month and year did Naughty Dog's technology head, Christian Gyrling, depart the company after 17 years and was replaced by Travis McIntosh?","November 2023","month","Video games","https://en.wikipedia.org/wiki/Naughty_Dog","4283",6,3,2,1,TRUE,FALSE,FALSE
"SV0365","In which month and year did ""Flying"" magazine publish ""Battling the Big Lie: John King's Crusade to Change Aviation's Culture""?","March 2001","month","Other","https://web.archive.org/web/20180720134510id_/https://commons.erau.edu/cgi/viewcontent.cgi?article=1567&context=jaaer","365",6,2,0,4,TRUE,FALSE,FALSE
"SV0483","Specify the month, and year in which Activision Blizzard announced the upcoming establishment of a new esports division.","October, 2015","month","Video games","https://en.wikipedia.org/wiki/Activision_Blizzard","483",6,2,4,0,TRUE,FALSE,FALSE
"SV0538","What was the day, month, and year when Mario-Rafael Ionian, an Austrian former competitive figure skater, was born?","14 October 1990.","day","Sports","https://en.wikipedia.org/wiki/Mario-Rafael_Ionian","538",6,2,0,4,TRUE,FALSE,FALSE
"SV0876","On which day, month, and year was Max Vuyisile Sisulu born?","23 August 1945","day","Politics","https://en.wikipedia.org/wiki/Max_Sisulu","876",6,2,3,1,TRUE,FALSE,FALSE
"SV0963","In what year was Bonaya Adhi Godana first elected to the National Assembly of Kenya?","1988","year","Politics","https://en.wikipedia.org/wiki/Bonaya_Godana","963",6,2,4,0,TRUE,FALSE,FALSE
"SV1199","In which year did Pramod Kale (an Indian engineer) win the Shri Hari Om Ashram Prerit Vikram Sarabhai Award for System Analysis and Management Problems?","1975","year","Science and technology","https://en.wikipedia.org/wiki/Pramod_Kale","1199",6,2,1,3,TRUE,FALSE,FALSE
"SV1301","On which day, month, and year was the domain ""hindustantimes.com"" registered?","August 14, 1996","day","Science and technology","https://www.whois.com/whois/hindustantimes.com","1301",6,2,0,4,TRUE,FALSE,FALSE
"SV1436","In what month and year did Eric Xing join the Mohamed bin Zayed University of Artificial Intelligence?","January 2021","month","Science and technology","https://xing.mbzuai.ac.ae/wp-content/uploads/2022/07/xing_cv_2022.pdf","1436",6,2,1,3,TRUE,FALSE,FALSE
"SV1501","In what year did Stepan Prokopovich Timoshenko receive the Worcester Reed Warner Medal?","1935","year","Science and technology","https://en.wikipedia.org/wiki/Worcester_Reed_Warner","1501",6,2,4,0,TRUE,FALSE,FALSE
"SV1704","In which year was Stefan Parkman, the conductor, awarded the Order of the Dannebrog?","1997","year","Music","https://en.wikipedia.org/wiki/Stefan_Parkman","1704",6,2,1,3,TRUE,FALSE,FALSE
"SV1744","In which year did Sayed Haider Raza's (an Indian painter) mother die?","1947","year","Art","https://www.indiaart.com/artists/s-h-raza.asp","1744",6,2,0,4,TRUE,FALSE,FALSE
"SV1808","What were the year and month when the Contract Law of the People's Republic of China was abolished?","January 2021","month","Politics","https://en.wikipedia.org/wiki/Contract_Law_of_the_People%27s_Republic_of_China","1808",6,2,4,0,TRUE,FALSE,FALSE
"SV1816","What is the month and year Kaitlin Armstrong pleaded not guilty to the murder charge of Moriah Wilson and was arraigned?","July 2022","month","Other","https://en.wikipedia.org/wiki/Murder_of_Moriah_Wilson","1816",6,2,4,0,TRUE,FALSE,FALSE
"SV1857","In what year were the first Zildjian cymbals created?","1618","year","Music","https://en.wikipedia.org/wiki/Avedis_Zildjian_Company","1857",6,2,4,0,TRUE,FALSE,FALSE
"SV2232","In what year was the Society of Illustrators Welfare Fund established?","1946","year","Art","https://societyillustrators.org/about/history-of-the-society/","2232",6,2,0,4,TRUE,FALSE,FALSE
"SV2391","On what month, day, and year was the first meeting of the Palestinian National Council?","May 28, 1964","day","Politics","https://www.palestinepnc.org/en/council-establishment","2391",6,2,4,0,TRUE,FALSE,FALSE
"SV2554","In which day, month, and year was the song written by Pedro Medina Avendaño declared the national anthem of Bogotá?","31 July 1974","day","Music","https://en.wikipedia.org/wiki/Bogot%C3%A1","2554",6,2,3,1,TRUE,FALSE,FALSE
"SV2595","On what day, month, and year was Cities: Skylines released for Google Stadia?","May 17, 2022","day","Video games","https://www.xda-developers.com/cities-skylines-google-stadia/","2595",6,2,3,1,TRUE,FALSE,FALSE
"SV2658","On what date, month, and year was the Indian politician T. M. Selvaganapathy acquitted by the High Court in connection to the Pleasant Stay hotel case?","4 December 2001","day","Politics","https://en.wikipedia.org/wiki/T._M._Selvaganapathy","2658",6,2,0,4,TRUE,FALSE,FALSE
"SV2831","In which year did The MOI! Project (Museums of Impact), a part of the Creative Europe program, finish?","2022","year","Art","https://www.ne-mo.org/cooperation-funding/networking-cooperation/previous-projects/moi-museums-of-impact","2831",6,2,0,4,TRUE,FALSE,FALSE
"SV2967","On what day, month, and year was Kommunistisk Forbund founded?","21 January 1973","day","Politics","https://en.wikipedia.org/wiki/Communist_League_(Denmark)","2967",6,2,0,4,TRUE,FALSE,FALSE
"SV3372","What year was the alabaster sculpture known as the ""Teotihuacan Ocelot"" found?","1889","year","Art","https://en.wikipedia.org/wiki/Teotihuacan_Ocelot","3372",6,2,0,4,TRUE,FALSE,FALSE
"SV3488","In what year was Alain Stanké made a Knight of the National Order of Quebec?","2003","year","Politics","https://en.wikipedia.org/wiki/Alain_Stank%C3%A9","3488",6,2,2,2,TRUE,FALSE,FALSE
"SV3584","What day, month, and year did over 500,000 people gather at the Black Star Square in Ghana to welcome former U.S. President Bill Clinton and his wife, Hillary Clinton?","23 March 1998","day","Politics","https://clintonwhitehouse4.archives.gov/Africa/19980324-3069.html","3584",6,2,4,0,TRUE,FALSE,FALSE
"SV3961","What year did the singer-songwriter Stella Jang become an Innisfree cosmetics model?","2021","year","Music","https://en.wikipedia.org/wiki/Innisfree_(brand)","3961",6,2,0,4,TRUE,FALSE,FALSE
"SV3974","Specify the day, month, and year Baidu announced that it would partner with Qualcomm to offer free cloud storage to Android users with Snapdragon processors.","18 November 2012","day","Science and technology","https://en.m.wikipedia.org/w/index.php?title=Baidu&diffonly=true","3974",6,2,0,4,TRUE,FALSE,FALSE
"SV4076","In which year did Professor Julia Rucklidge earn a Bachelor of Science from McGill University in Montreal, Canada?","1992","year","Other","https://en.wikipedia.org/wiki/Julia_Rucklidge","4076",6,2,0,4,TRUE,FALSE,FALSE
"SV4086","In what year was Anna Yuryevna Netrebko named ""People's Artist of Russia""?","2008","year","Art","https://en.wikipedia.org/wiki/Anna_Netrebko","4086",6,2,4,0,TRUE,FALSE,FALSE
"SV4215","On what day, month, and year (in A.D.) was the Rastriya Prajatantra Party, a constitutional monarchist and Hindu nationalist political party in Nepal, founded?","29 May 1990","day","Politics","https://en.wikipedia.org/wiki/Rastriya_Prajatantra_Party","4215",6,2,4,0,TRUE,FALSE,FALSE
"SV4257","In which month and year did American Vice-President Al Gore and Russian Prime Minister Viktor Chernomyrdin announce plans for a new space station, which eventually became the International Space Station?","September 1993","month","Science and technology","https://en.wikipedia.org/wiki/Origins_of_the_International_Space_Station","4257",6,2,4,0,TRUE,FALSE,FALSE
"SV4261","In what year did the Soweto Gospel Choir perform for Oprah Winfrey for the first time?","2006","year","Music","https://www.sowetogospelchoir.com/about-us/","4261",6,2,2,2,TRUE,FALSE,FALSE
"SV4277","In what year did Leo Tolstoy come to Ilya Repin's studio to introduce himself?","1880","year","Art","https://en.wikipedia.org/wiki/Ilya_Repin","4277",6,2,4,0,TRUE,FALSE,FALSE
"SV0013","In which year did Melbourne's Monash Gallery of Art (MGA) rebrand and become the Museum of Australian Photography (MAPh)?","2023","year","Art","https://www.australianphotography.com/news/monash-gallery-of-art-to-rebrand-as-museum-of-australian-photography","13",6,1,5,0,TRUE,FALSE,FALSE
"SV0043","On what day, month, and year was Algerian artist Mohammed Racim born?","June 24, 1896","day","Art","https://en.wikipedia.org/wiki/Mohammed_Racim","43",6,1,4,1,TRUE,FALSE,FALSE
"SV0618","In which year of the Olympics did Seiko become the Official Timer?","1964","year","Sports","https://www.seiko.co.jp/en/sports_music/sports/history/","618",6,1,5,0,TRUE,FALSE,FALSE
"SV0646","On what day, month, and year was Dr. Sanduk Ruit conferred with the National Order of Merit of Bhutan in Gold?","17 December 2015","day","Politics","https://en.wikipedia.org/wiki/Sanduk_Ruit","646",6,1,0,5,TRUE,FALSE,FALSE
"SV1016","In what year was British chemist John Shipley Rowlinson appointed a Fellow of the Royal Academy of Engineering?","1976","year","Science and technology","https://en.wikipedia.org/wiki/John_Shipley_Rowlinson","1016",6,1,0,5,TRUE,FALSE,FALSE
"SV1054","On which day, month, and year was the SROSS-C satellite launched from the Satish Dhawan Space Centre in India?","20 May 1992","day","Science and technology","https://www.satnow.com/space-mission-details/isro/sross-c","1054",6,1,5,0,TRUE,FALSE,FALSE
"SV1268","In what month and year did Theresa Kuffour (former First Lady of Ghana) die?","October 2023","month","Politics","https://en.wikipedia.org/wiki/Theresa_Kufuor","1268",6,1,4,1,TRUE,FALSE,FALSE
"SV1441","In which year was Alexandra Park declared a local nature reserve?","2013","year","Geography","https://en.wikipedia.org/wiki/Alexandra_Palace","1441",6,1,2,3,TRUE,FALSE,FALSE
"SV1818","What year did Nicholas Biwott, a Kenyan politician, return to the University of Melbourne to study for a master's degree in economics under a Commonwealth scholarship?","1966","year","Politics","https://en.wikipedia.org/wiki/Nicholas_Biwott","1818",6,1,0,5,TRUE,FALSE,FALSE
"SV1851","On what day, month, and year was the 2021 research paper titled ""Classification of Relaxation and Concentration Mental States with EEG"" by Shingchern D. You accepted for publication in the scientific journal ""Information""?","23 April 2021","day","Science and technology","https://www.mdpi.com/2078-2489/12/5/187","1851",6,1,0,5,TRUE,FALSE,FALSE
"SV1953","In which year did Gary Schreider, the Canadian football player, die?","2011","year","Sports","https://en.wikipedia.org/wiki/Gary_Schreider","1953",6,1,0,5,TRUE,FALSE,FALSE
"SV2178","On what day, month, and year was the actor and singer Corbin Bleu's portrait added to the Broadway Wall of Fame at Tony's Di Napoli restaurant in New York?","March 16, 2010","day","Art","https://en.wikipedia.org/wiki/Corbin_Bleu","2178",6,1,0,5,TRUE,FALSE,FALSE
"SV2629","On what day, month, and year was Petra Văideanu (retired Romanian heptathlete) born?","August 24, 1965","day","Sports","https://en.wikipedia.org/wiki/Petra_V%C4%83ideanu","2629",6,1,2,3,TRUE,FALSE,FALSE
"SV3030","On which day/month/year did South African architect Albertus Petrus Snyman Conradie die?","26 December 1999","day","History","https://artefacts.co.za/main/Buildings/archframes_mob.php?archid=4103","3030",6,1,0,5,TRUE,FALSE,FALSE
"SV3258","What day, month, and year was the Retlaw 1 combine car sold to the Carolwood Foundation?","10 July 2010","day","Other","https://en.wikipedia.org/wiki/Disneyland_Railroad","3258",6,1,0,5,TRUE,FALSE,FALSE
"SV3268","In which year and month did El Cielo receive its first Michelin star in Miami?","June 2022","month","Art","https://guide.michelin.com/us/en/article/michelin-guide-ceremony/2022-florida-michelin-stars","3268",6,1,1,4,TRUE,FALSE,FALSE
"SV3693","In which year was the ensemble officially named the A.V. Alexandrov Twice Red-bannered and Red-starred Song and Dance Ensemble of the Soviet Army?","1949","year","Music","https://en.wikipedia.org/wiki/Alexandrov_Ensemble","3693",6,1,5,0,TRUE,FALSE,FALSE
"SV0894","In which year did Julian Bradley, the first Black Republican to serve in the Wisconsin Senate and only the second Black Republican to serve in the Wisconsin Legislature, first move to La Crosse, Wisconsin, with his mother?","1992","year","Politics","https://en.wikipedia.org/wiki/Julian_Bradley_(politician)","894",6,0,0,6,FALSE,FALSE,FALSE
"SV1263","On what month, day, and year was the cave known as Ursa Minor first discovered in Sequoia National Park, California, United States?","August 19, 2006","day","Geography","https://www.cavetexas.org/anl/PDF/anl200610.pdf","1263",6,0,0,6,FALSE,FALSE,FALSE
"SV1791","In which year did Clint Ballard Jr. adopt the alias Buddy Clinton?","1960","year","Music","https://en.wikipedia.org/wiki/Clint_Ballard_Jr.","1791",6,0,0,6,FALSE,FALSE,FALSE
"SV1847","On what day, month, and year was Noel Turner, a Maltese footballer, born?","December 9, 1974","day","Sports","https://en.wikipedia.org/wiki/Noel_Turner_(footballer)","1847",6,0,2,4,FALSE,FALSE,FALSE
"SV1866","What specific date (month, day, year) was the very first Q Con hosted by Prism Comics in West Hollywood?","June 18, 2022","day","Other","https://wehotimes.com/west-hollywood-hosts-first-q-con-for-lgbt-comic-book-fans/","1866",6,0,0,6,FALSE,FALSE,FALSE
"SV1972","What year were the guidelines outlining requirements for the inclusion of soluble biomarkers in osteoarthritis clinical trials published?","2015","year","Science and technology","https://en.wikipedia.org/wiki/Osteoarthritis","1972",6,0,5,1,FALSE,FALSE,FALSE
"SV2176","What were the day, month, and year when President Bush signed into law the resolution authorizing the Iraq War?","October 16, 2002","day","Politics","https://en.wikipedia.org/wiki/Authorization_for_Use_of_Military_Force_Against_Iraq_Resolution_of_2002","2176",6,0,6,0,FALSE,FALSE,FALSE
"SV2268","On what day, month, and year was Motonori Matuyama born?","25 October 1884","day","History","https://www.lindahall.org/about/news/scientist-of-the-day/motonori-matuyama/","2268",6,0,6,0,FALSE,FALSE,FALSE
"SV3037","On what day, month, and year did Floro Garrido, a Spanish retired footballer, die?","9 January 2012","day","Sports","https://en.wikipedia.org/wiki/Floro_Garrido","3037",6,0,0,6,FALSE,FALSE,FALSE
"SV3265","On what day, month, and year did Vinton Gray Cerf publish his work ""A View from the 21st Century""?","April 1, 1994","day","Science and technology","https://www.gangalib.org/cerfvita.php","3265",6,0,0,6,FALSE,FALSE,FALSE
"SV3462","On what day, month, and year did Gopalaswami Parthasarathy assume the charge of Vice Chancellor of Jawaharlal Nehru University?","April 28, 1969","day","Politics","https://en.wikipedia.org/wiki/List_of_vice-chancellors_of_the_Jawaharlal_Nehru_University","3462",6,0,0,6,FALSE,FALSE,FALSE
"SV4222","On what day, month, and year was Manuleleua Paletasala Tovale appointed Associate Minister for the Prime Minister and Cabinet?","28 July 2021","day","Politics","https://en.wikipedia.org/wiki/Manuleleua_Paletasala_Tovale","4222",6,0,0,6,FALSE,FALSE,FALSE
