"question_id","provider","repeat_id","cell_id","baseline","C0","C1","C2","C3","C4","C5"
"SV0013","deepseek",0,"SV0013:deepseek:r0","correct","incorrect","correct","correct","correct","correct","correct"
"SV0013","deepseek",1,"SV0013:deepseek:r1","correct","correct","correct","incorrect","correct","correct","correct"
"SV0013","kimi",0,"SV0013:kimi:r0","correct","correct","correct","correct","correct","correct","abstain"
"SV0013","kimi",1,"SV0013:kimi:r1","correct","incorrect","correct","correct","correct","correct","abstain"
"SV0013","minimax",0,"SV0013:minimax:r0","correct","correct","correct","correct","abstain","correct","correct"
"SV0013","minimax",1,"SV0013:minimax:r1","incorrect","incorrect","incorrect","incorrect","incorrect","correct","incorrect"
"SV0036","deepseek",0,"SV0036:deepseek:r0","incorrect","incorrect","incorrect","incorrect","incorrect","incorrect","incorrect"
"SV0036","deepseek",1,"SV0036:deepseek:r1","incorrect","incorrect","incorrect","incorrect","incorrect","incorrect","abstain"
"SV0036","kimi",0,"SV0036:kimi:r0","incorrect","abstain","abstain","abstain","abstain","abstain","abstain"
"SV0036","kimi",1,"SV0036:kimi:r1","incorrect","abstain","incorrect","incorrect","abstain","abstain","abstain"
"SV0036","minimax",0,"SV0036:minimax:r0","abstain","incorrect","incorrect","incorrect","incorrect","correct","abstain"
"SV0036","minimax",1,"SV0036:minimax:r1","incorrect","incorrect","incorrect","abstain","incorrect","incorrect","abstain"
"SV0043","deepseek",0,"SV0043:deepseek:r0","correct","correct","correct","correct","correct","correct","correct"
"SV0043","deepseek",1,"SV0043:deepseek:r1","correct","correct","correct","correct","correct","correct","correct"
"SV0043","kimi",0,"SV0043:kimi:r0","correct","correct","correct","correct","correct","correct","correct"
"SV0043","kimi",1,"SV0043:kimi:r1","correct","correct","correct","correct","correct","correct","correct"
"SV0043","minimax",0,"SV0043:minimax:r0","incorrect","incorrect","incorrect","incorrect","abstain","correct","incorrect"
"SV0043","minimax",1,"SV0043:minimax:r1","abstain","incorrect","incorrect","incorrect","incorrect","correct","correct"
"SV0097","deepseek",0,"SV0097:deepseek:r0","incorrect","incorrect","incorrect","incorrect","incorrect","correct","incorrect"
"SV0097","deepseek",1,"SV0097:deepseek:r1","incorrect","incorrect","incorrect","incorrect","incorrect","correct","incorrect"
"SV0097","kimi",0,"SV0097:kimi:r0","incorrect","incorrect","incorrect","incorrect","incorrect","incorrect","incorrect"
"SV0097","kimi",1,"SV0097:kimi:r1","incorrect","incorrect","incorrect","incorrect","incorrect","incorrect","incorrect"
"SV0097","minimax",0,"SV0097:minimax:r0","incorrect","incorrect","incorrect","incorrect","incorrect","incorrect","abstain"
"SV0097","minimax",1,"SV0097:minimax:r1","abstain","abstain","incorrect","incorrect","abstain","correct","abstain"
"SV0185","deepseek",0,"SV0185:deepseek:r0","correct","abstain","correct","correct","correct","correct","correct"
"SV0185","deepseek",1,"SV0185:deepseek:r1","correct","correct","correct","correct","correct","correct","correct"
"SV0185","kimi",0,"SV0185:kimi:r0","incorrect","abstain","incorrect","incorrect","abstain","correct","correct"
"SV0185","kimi",1,"SV0185:kimi:r1","incorrect","abstain","incorrect","incorrect","incorrect","correct","abstain"
"SV0185","minimax",0,"SV0185:minimax:r0","incorrect","incorrect","incorrect","incorrect","incorrect","incorrect","incorrect"
"SV0185","minimax",1,"SV0185:minimax:r1","incorrect","incorrect","incorrect","incorrect","incorrect","incorrect","incorrect"
"SV0200","deepseek",0,"SV0200:deepseek:r0","abstain","abstain","incorrect","abstain","abstain","correct","abstain"
"SV0200","deepseek",1,"SV0200:deepseek:r1","abstain","incorrect","incorrect","abstain","abstain","correct","abstain"
"SV0200","kimi",0,"SV0200:kimi:r0","abstain","abstain","abstain","abstain","abstain","abstain","abstain"
"SV0200","kimi",1,"SV0200:kimi:r1","incorrect","incorrect","incorrect","incorrect","incorrect","incorrect","incorrect"
"SV0200","minimax",0,"SV0200:minimax:r0","incorrect","incorrect","incorrect","incorrect","incorrect","incorrect","incorrect"
"SV0200","minimax",1,"SV0200:minimax:r1","incorrect","incorrect","incorrect","incorrect","abstain","incorrect","abstain"
"SV0356","deepseek",0,"SV0356:deepseek:r0","correct","incorrect","correct","correct","correct","correct","correct"
"SV0356","deepseek",1,"SV0356:deepseek:r1","incorrect","correct","correct","incorrect","incorrect","incorrect","incorrect"
"SV0356","kimi",0,"SV0356:kimi:r0","incorrect","incorrect","incorrect","incorrect","incorrect","incorrect","incorrect"
"SV0356","kimi",1,"SV0356:kimi:r1","incorrect","incorrect","incorrect","incorrect","incorrect","incorrect","incorrect"
"SV0356","minimax",0,"SV0356:minimax:r0","incorrect","incorrect","incorrect","incorrect","incorrect","incorrect","incorrect"
"SV0356","minimax",1,"SV0356:minimax:r1","incorrect","incorrect","correct","correct","incorrect","correct","incorrect"
"SV0365","deepseek",0,"SV0365:deepseek:r0","abstain","incorrect","incorrect","abstain","abstain","correct","abstain"
"SV0365","deepseek",1,"SV0365:deepseek:r1","incorrect","incorrect","incorrect","abstain","incorrect","incorrect","incorrect"
"SV0365","kimi",0,"SV0365:kimi:r0","abstain","incorrect","abstain","abstain","abstain","abstain","abstain"
"SV0365","kimi",1,"SV0365:kimi:r1","abstain","abstain","abstain","abstain","abstain","abstain","abstain"
"SV0365","minimax",0,"SV0365:minimax:r0","incorrect","abstain","abstain","incorrect","incorrect","abstain","abstain"
"SV0365","minimax",1,"SV0365:minimax:r1","abstain","incorrect","incorrect","abstain","abstain","correct","abstain"
"SV0483","deepseek",0,"SV0483:deepseek:r0","correct","abstain","correct","correct","correct","correct","correct"
"SV0483","deepseek",1,"SV0483:deepseek:r1","correct","correct","correct","correct","correct","correct","correct"
"SV0483","kimi",0,"SV0483:kimi:r0","correct","correct","correct","correct","correct","correct","abstain"
"SV0483","kimi",1,"SV0483:kimi:r1","correct","correct","correct","correct","correct","correct","correct"
"SV0483","minimax",0,"SV0483:minimax:r0","incorrect","incorrect","incorrect","incorrect","incorrect","incorrect","incorrect"
"SV0483","minimax",1,"SV0483:minimax:r1","incorrect","incorrect","incorrect","incorrect","incorrect","incorrect","incorrect"
"SV0491","deepseek",0,"SV0491:deepseek:r0","incorrect","incorrect","incorrect","incorrect","incorrect","incorrect","incorrect"
"SV0491","deepseek",1,"SV0491:deepseek:r1","incorrect","abstain","incorrect","incorrect","incorrect","incorrect","incorrect"
"SV0491","kimi",0,"SV0491:kimi:r0","abstain","abstain","abstain","abstain","abstain","abstain","abstain"
"SV0491","kimi",1,"SV0491:kimi:r1","incorrect","abstain","incorrect","incorrect","abstain","incorrect","incorrect"
"SV0491","minimax",0,"SV0491:minimax:r0","incorrect","incorrect","incorrect","incorrect","incorrect","incorrect","incorrect"
"SV0491","minimax",1,"SV0491:minimax:r1","incorrect","incorrect","incorrect","incorrect","incorrect","incorrect","incorrect"
"SV0538","deepseek",0,"SV0538:deepseek:r0","abstain","incorrect","abstain","abstain","abstain","correct","abstain"
"SV0538","deepseek",1,"SV0538:deepseek:r1","incorrect","incorrect","incorrect","incorrect","incorrect","incorrect","incorrect"
"SV0538","kimi",0,"SV0538:kimi:r0","abstain","abstain","abstain","abstain","abstain","abstain","abstain"
"SV0538","kimi",1,"SV0538:kimi:r1","abstain","abstain","incorrect","abstain","abstain","abstain","abstain"
"SV0538","minimax",0,"SV0538:minimax:r0","abstain","abstain","abstain","incorrect","abstain","correct","correct"
"SV0538","minimax",1,"SV0538:minimax:r1","incorrect","incorrect","incorrect","abstain","incorrect","abstain","abstain"
"SV0541","deepseek",0,"SV0541:deepseek:r0","abstain","abstain","incorrect","incorrect","incorrect","correct","correct"
"SV0541","deepseek",1,"SV0541:deepseek:r1","incorrect","abstain","incorrect","incorrect","incorrect","correct","correct"
"SV0541","kimi",0,"SV0541:kimi:r0","incorrect","incorrect","incorrect","incorrect","abstain","correct","correct"
"SV0541","kimi",1,"SV0541:kimi:r1","incorrect","incorrect","incorrect","incorrect","incorrect","abstain","incorrect"
"SV0541","minimax",0,"SV0541:minimax:r0","incorrect","incorrect","incorrect","incorrect","incorrect","incorrect","incorrect"
"SV0541","minimax",1,"SV0541:minimax:r1","incorrect","incorrect","incorrect","incorrect","incorrect","correct","incorrect"
"SV0598","deepseek",0,"SV0598:deepseek:r0","abstain","incorrect","incorrect","abstain","abstain","correct","abstain"
"SV0598","deepseek",1,"SV0598:deepseek:r1","abstain","abstain","incorrect","abstain","abstain","abstain","abstain"
"SV0598","kimi",0,"SV0598:kimi:r0","incorrect","abstain","incorrect","incorrect","incorrect","incorrect","incorrect"
"SV0598","kimi",1,"SV0598:kimi:r1","incorrect","abstain","incorrect","incorrect","abstain","abstain","incorrect"
"SV0598","minimax",0,"SV0598:minimax:r0","incorrect","incorrect","incorrect","abstain","incorrect","incorrect","incorrect"
"SV0598","minimax",1,"SV0598:minimax:r1","abstain","incorrect","incorrect","incorrect","abstain","correct","abstain"
"SV0613","deepseek",0,"SV0613:deepseek:r0","abstain","incorrect","abstain","abstain","abstain","correct","abstain"
"SV0613","deepseek",1,"SV0613:deepseek:r1","incorrect","abstain","incorrect","incorrect","incorrect","incorrect","incorrect"
"SV0613","kimi",0,"SV0613:kimi:r0","abstain","abstain","incorrect","abstain","abstain","correct","abstain"
"SV0613","kimi",1,"SV0613:kimi:r1","abstain","abstain","incorrect","abstain","abstain","correct","abstain"
"SV0613","minimax",0,"SV0613:minimax:r0","incorrect","incorrect","incorrect","incorrect","abstain","incorrect","incorrect"
"SV0613","minimax",1,"SV0613:minimax:r1","incorrect","incorrect","incorrect","incorrect","abstain","incorrect","abstain"
"SV0617","deepseek",0,"SV0617:deepseek:r0","abstain","correct","incorrect","incorrect","incorrect","correct","correct"
"SV0617","deepseek",1,"SV0617:deepseek:r1","abstain","correct","incorrect","incorrect","incorrect","correct","correct"
"SV0617","kimi",0,"SV0617:kimi:r0","incorrect","abstain","incorrect","incorrect","abstain","incorrect","abstain"
"SV0617","kimi",1,"SV0617:kimi:r1","incorrect","incorrect","incorrect","incorrect","incorrect","incorrect","abstain"
"SV0617","minimax",0,"SV0617:minimax:r0","incorrect","abstain","incorrect","incorrect","incorrect","correct","abstain"
"SV0617","minimax",1,"SV0617:minimax:r1","incorrect","incorrect","abstain","incorrect","abstain","incorrect","abstain"
"SV0618","deepseek",0,"SV0618:deepseek:r0","correct","correct","correct","correct","correct","correct","correct"
"SV0618","deepseek",1,"SV0618:deepseek:r1","correct","correct","correct","correct","correct","correct","correct"
"SV0618","kimi",0,"SV0618:kimi:r0","correct","correct","correct","correct","correct","correct","correct"
"SV0618","kimi",1,"SV0618:kimi:r1","correct","correct","correct","correct","correct","correct","correct"
"SV0618","minimax",0,"SV0618:minimax:r0","incorrect","incorrect","correct","incorrect","incorrect","correct","correct"
"SV0618","minimax",1,"SV0618:minimax:r1","correct","correct","correct","correct","correct","correct","correct"
"SV0646","deepseek",0,"SV0646:deepseek:r0","abstain","incorrect","incorrect","incorrect","abstain","correct","abstain"
"SV0646","deepseek",1,"SV0646:deepseek:r1","abstain","incorrect","incorrect","incorrect","abstain","correct","abstain"
"SV0646","kimi",0,"SV0646:kimi:r0","abstain","abstain","abstain","abstain","abstain","abstain","abstain"
"SV0646","kimi",1,"SV0646:kimi:r1","abstain","abstain","abstain","abstain","abstain","abstain","abstain"
"SV0646","minimax",0,"SV0646:minimax:r0","abstain","incorrect","incorrect","incorrect","incorrect","correct","abstain"
"SV0646","minimax",1,"SV0646:minimax:r1","incorrect","incorrect","incorrect","abstain","incorrect","abstain","correct"
"SV0700","deepseek",0,"SV0700:deepseek:r0","incorrect","correct","incorrect","incorrect","abstain","incorrect","incorrect"
"SV0700","deepseek",1,"SV0700:deepseek:r1","abstain","correct","incorrect","incorrect","abstain","correct","abstain"
"SV0700","kimi",0,"SV0700:kimi:r0","incorrect","abstain","abstain","incorrect","abstain","abstain","abstain"
"SV0700","kimi",1,"SV0700:kimi:r1","incorrect","incorrect","incorrect","incorrect","abstain","incorrect","abstain"
"SV0700","minimax",0,"SV0700:minimax:r0","abstain","incorrect","incorrect","abstain","abstain","abstain","correct"
"SV0700","minimax",1,"SV0700:minimax:r1","abstain","incorrect","abstain","incorrect","abstain","abstain","abstain"
"SV0701","deepseek",0,"SV0701:deepseek:r0","correct","abstain","correct","correct","correct","correct","correct"
"SV0701","deepseek",1,"SV0701:deepseek:r1","correct","correct","correct","correct","correct","correct","correct"
"SV0701","kimi",0,"SV0701:kimi:r0","incorrect","incorrect","correct","correct","incorrect","correct","correct"
"SV0701","kimi",1,"SV0701:kimi:r1","incorrect","abstain","incorrect","correct","incorrect","correct","correct"
"SV0701","minimax",0,"SV0701:minimax:r0","incorrect","incorrect","incorrect","incorrect","incorrect","incorrect","incorrect"
"SV0701","minimax",1,"SV0701:minimax:r1","incorrect","incorrect","incorrect","incorrect","incorrect","incorrect","incorrect"
"SV0799","deepseek",0,"SV0799:deepseek:r0","correct","correct","correct","correct","correct","correct","correct"
"SV0799","deepseek",1,"SV0799:deepseek:r1","incorrect","incorrect","incorrect","incorrect","incorrect","correct","incorrect"
"SV0799","kimi",0,"SV0799:kimi:r0","incorrect","incorrect","incorrect","incorrect","incorrect","incorrect","incorrect"
"SV0799","kimi",1,"SV0799:kimi:r1","incorrect","incorrect","incorrect","incorrect","incorrect","incorrect","incorrect"
"SV0799","minimax",0,"SV0799:minimax:r0","incorrect","incorrect","incorrect","incorrect","incorrect","incorrect","incorrect"
"SV0799","minimax",1,"SV0799:minimax:r1","incorrect","incorrect","incorrect","incorrect","incorrect","incorrect","incorrect"
"SV0874","deepseek",0,"SV0874:deepseek:r0","abstain","abstain","incorrect","incorrect","abstain","correct","abstain"
"SV0874","deepseek",1,"SV0874:deepseek:r1","abstain","abstain","incorrect","incorrect","incorrect","correct","abstain"
"SV0874","kimi",0,"SV0874:kimi:r0","incorrect","incorrect","incorrect","incorrect","incorrect","incorrect","incorrect"
"SV0874","kimi",1,"SV0874:kimi:r1","incorrect","abstain","abstain","abstain","incorrect","incorrect","incorrect"
"SV0874","minimax",0,"SV0874:minimax:r0","incorrect","incorrect","incorrect","incorrect","incorrect","incorrect","incorrect"
"SV0874","minimax",1,"SV0874:minimax:r1","incorrect","incorrect","incorrect","incorrect","incorrect","incorrect","abstain"
"SV0876","deepseek",0,"SV0876:deepseek:r0","correct","correct","correct","correct","correct","correct","correct"
"SV0876","deepseek",1,"SV0876:deepseek:r1","correct","correct","correct","correct","correct","correct","correct"
"SV0876","kimi",0,"SV0876:kimi:r0","incorrect","incorrect","abstain","abstain","abstain","correct","abstain"
"SV0876","kimi",1,"SV0876:kimi:r1","correct","correct","correct","correct","abstain","correct","correct"
"SV0876","minimax",0,"SV0876:minimax:r0","abstain","abstain","abstain","abstain","abstain","abstain","incorrect"
"SV0876","minimax",1,"SV0876:minimax:r1","incorrect","incorrect","incorrect","incorrect","incorrect","incorrect","abstain"
"SV0894","deepseek",0,"SV0894:deepseek:r0","abstain","abstain","incorrect","incorrect","abstain","correct","abstain"
"SV0894","deepseek",1,"SV0894:deepseek:r1","abstain","incorrect","incorrect","incorrect","abstain","abstain","abstain"
"SV0894","kimi",0,"SV0894:kimi:r0","abstain","abstain","abstain","incorrect","abstain","abstain","abstain"
"SV0894","kimi",1,"SV0894:kimi:r1","abstain","abstain","incorrect","abstain","abstain","abstain","abstain"
"SV0894","minimax",0,"SV0894:minimax:r0","abstain","abstain","incorrect","incorrect","abstain","correct","abstain"
"SV0894","minimax",1,"SV0894:minimax:r1","abstain","abstain","abstain","abstain","incorrect","abstain","abstain"
"SV0914","deepseek",0,"SV0914:deepseek:r0","abstain","abstain","incorrect","incorrect","incorrect","correct","correct"
"SV0914","deepseek",1,"SV0914:deepseek:r1","incorrect","abstain","incorrect","abstain","abstain","correct","abstain"
"SV0914","kimi",0,"SV0914:kimi:r0","abstain","abstain","abstain","abstain","abstain","abstain","abstain"
"SV0914","kimi",1,"SV0914:kimi:r1","incorrect","abstain","abstain","incorrect","abstain","incorrect","abstain"
"SV0914","minimax",0,"SV0914:minimax:r0","incorrect","incorrect","incorrect","incorrect","abstain","correct","incorrect"
"SV0914","minimax",1,"SV0914:minimax:r1","incorrect","incorrect","incorrect","incorrect","abstain","incorrect","abstain"
"SV0963","deepseek",0,"SV0963:deepseek:r0","correct","correct","correct","correct","correct","correct","correct"
"SV0963","deepseek",1,"SV0963:deepseek:r1","correct","correct","correct","correct","correct","correct","correct"
"SV0963","kimi",0,"SV0963:kimi:r0","correct","correct","correct","correct","correct","correct","abstain"
"SV0963","kimi",1,"SV0963:kimi:r1","correct","correct","correct","correct","correct","correct","abstain"
"SV0963","minimax",0,"SV0963:minimax:r0","incorrect","incorrect","incorrect","incorrect","incorrect","correct","abstain"
"SV0963","minimax",1,"SV0963:minimax:r1","incorrect","incorrect","incorrect","incorrect","incorrect","incorrect","incorrect"
"SV0969","deepseek",0,"SV0969:deepseek:r0","incorrect","incorrect","incorrect","incorrect","incorrect","incorrect","incorrect"
"SV0969","deepseek",1,"SV0969:deepseek:r1","incorrect","incorrect","incorrect","incorrect","incorrect","incorrect","incorrect"
"SV0969","kimi",0,"SV0969:kimi:r0","incorrect","incorrect","incorrect","incorrect","incorrect","incorrect","correct"
"SV0969","kimi",1,"SV0969:kimi:r1","incorrect","incorrect","incorrect","incorrect","incorrect","correct","incorrect"
"SV0969","minimax",0,"SV0969:minimax:r0","correct","correct","correct","correct","correct","correct","correct"
"SV1016","deepseek",0,"SV1016:deepseek:r0","abstain","incorrect","abstain","abstain","abstain","abstain","abstain"
"SV1016","deepseek",1,"SV1016:deepseek:r1","incorrect","incorrect","incorrect","abstain","incorrect","incorrect","abstain"
"SV1016","kimi",0,"SV1016:kimi:r0","abstain","abstain","abstain","abstain","abstain","correct","abstain"
"SV1016","kimi",1,"SV1016:kimi:r1","abstain","abstain","incorrect","abstain","abstain","abstain","abstain"
"SV1016","minimax",0,"SV1016:minimax:r0","abstain","abstain","incorrect","incorrect","abstain","correct","abstain"
"SV1016","minimax",1,"SV1016:minimax:r1","abstain","abstain","incorrect","abstain","abstain","correct","abstain"
"SV1049","deepseek",0,"SV1049:deepseek:r0","incorrect","correct","incorrect","correct","incorrect","correct","correct"
"SV1049","deepseek",1,"SV1049:deepseek:r1","incorrect","incorrect","incorrect","incorrect","incorrect","correct","incorrect"
"SV1049","kimi",0,"SV1049:kimi:r0","incorrect","abstain","incorrect","abstain","incorrect","incorrect","incorrect"
"SV1049","kimi",1,"SV1049:kimi:r1","incorrect","abstain","incorrect","incorrect","incorrect","abstain","incorrect"
"SV1049","minimax",0,"SV1049:minimax:r0","incorrect","incorrect","incorrect","incorrect","incorrect","incorrect","incorrect"
"SV1049","minimax",1,"SV1049:minimax:r1","incorrect","incorrect","incorrect","incorrect","incorrect","correct","abstain"
"SV1054","deepseek",0,"SV1054:deepseek:r0","correct","abstain","correct","correct","correct","correct","correct"
"SV1054","deepseek",1,"SV1054:deepseek:r1","incorrect","incorrect","incorrect","incorrect","incorrect","correct","incorrect"
"SV1054","kimi",0,"SV1054:kimi:r0","correct","correct","correct","correct","correct","correct","correct"
"SV1054","kimi",1,"SV1054:kimi:r1","correct","correct","correct","correct","correct","correct","abstain"
"SV1054","minimax",0,"SV1054:minimax:r0","correct","correct","correct","correct","correct","correct","correct"
"SV1054","minimax",1,"SV1054:minimax:r1","correct","correct","correct","correct","correct","correct","correct"
"SV1140","deepseek",0,"SV1140:deepseek:r0","correct","correct","correct","correct","correct","correct","correct"
"SV1140","deepseek",1,"SV1140:deepseek:r1","correct","incorrect","correct","correct","correct","correct","correct"
"SV1140","kimi",0,"SV1140:kimi:r0","incorrect","incorrect","incorrect","incorrect","incorrect","incorrect","incorrect"
"SV1140","kimi",1,"SV1140:kimi:r1","incorrect","incorrect","incorrect","incorrect","incorrect","incorrect","incorrect"
"SV1140","minimax",0,"SV1140:minimax:r0","incorrect","incorrect","incorrect","correct","incorrect","incorrect","incorrect"
"SV1140","minimax",1,"SV1140:minimax:r1","incorrect","incorrect","incorrect","incorrect","incorrect","incorrect","incorrect"
"SV1181","deepseek",0,"SV1181:deepseek:r0","incorrect","incorrect","incorrect","incorrect","abstain","abstain","abstain"
"SV1181","deepseek",1,"SV1181:deepseek:r1","abstain","abstain","incorrect","incorrect","abstain","correct","abstain"
"SV1181","kimi",0,"SV1181:kimi:r0","abstain","incorrect","incorrect","abstain","abstain","correct","abstain"
"SV1181","kimi",1,"SV1181:kimi:r1","abstain","incorrect","incorrect","abstain","abstain","abstain","abstain"
"SV1181","minimax",0,"SV1181:minimax:r0","incorrect","incorrect","incorrect","incorrect","incorrect","incorrect","incorrect"
"SV1181","minimax",1,"SV1181:minimax:r1","incorrect","incorrect","incorrect","incorrect","abstain","incorrect","incorrect"
"SV1190","deepseek",0,"SV1190:deepseek:r0","correct","correct","correct","correct","correct","correct","correct"
"SV1190","deepseek",1,"SV1190:deepseek:r1","correct","abstain","correct","correct","correct","correct","correct"
"SV1190","kimi",0,"SV1190:kimi:r0","incorrect","abstain","incorrect","incorrect","incorrect","incorrect","abstain"
"SV1190","kimi",1,"SV1190:kimi:r1","incorrect","abstain","abstain","incorrect","incorrect","incorrect","incorrect"
"SV1190","minimax",0,"SV1190:minimax:r0","correct","incorrect","correct","correct","correct","correct","correct"
"SV1190","minimax",1,"SV1190:minimax:r1","incorrect","incorrect","incorrect","correct","incorrect","correct","correct"
"SV1199","deepseek",0,"SV1199:deepseek:r0","abstain","incorrect","incorrect","incorrect","abstain","correct","abstain"
"SV1199","deepseek",1,"SV1199:deepseek:r1","abstain","incorrect","incorrect","incorrect","abstain","correct","abstain"
"SV1199","kimi",0,"SV1199:kimi:r0","correct","abstain","incorrect","correct","abstain","abstain","abstain"
"SV1199","kimi",1,"SV1199:kimi:r1","abstain","incorrect","incorrect","abstain","abstain","abstain","abstain"
"SV1199","minimax",0,"SV1199:minimax:r0","incorrect","incorrect","incorrect","incorrect","abstain","incorrect","correct"
"SV1199","minimax",1,"SV1199:minimax:r1","incorrect","incorrect","incorrect","incorrect","incorrect","correct","incorrect"
"SV1228","deepseek",0,"SV1228:deepseek:r0","incorrect","abstain","incorrect","incorrect","incorrect","correct","correct"
"SV1228","deepseek",1,"SV1228:deepseek:r1","incorrect","incorrect","incorrect","incorrect","incorrect","incorrect","incorrect"
"SV1228","kimi",0,"SV1228:kimi:r0","abstain","incorrect","abstain","abstain","abstain","abstain","abstain"
"SV1228","kimi",1,"SV1228:kimi:r1","abstain","abstain","incorrect","abstain","abstain","abstain","abstain"
"SV1228","minimax",0,"SV1228:minimax:r0","incorrect","incorrect","incorrect","incorrect","abstain","incorrect","incorrect"
"SV1228","minimax",1,"SV1228:minimax:r1","incorrect","incorrect","incorrect","incorrect","incorrect","incorrect","incorrect"
"SV1246","deepseek",0,"SV1246:deepseek:r0","abstain","correct","incorrect","incorrect","abstain","correct","abstain"
"SV1246","deepseek",1,"SV1246:deepseek:r1","correct","abstain","incorrect","correct","correct","correct","abstain"
"SV1246","kimi",0,"SV1246:kimi:r0","incorrect","abstain","incorrect","abstain","abstain","abstain","abstain"
"SV1246","kimi",1,"SV1246:kimi:r1","correct","abstain","correct","abstain","correct","correct","correct"
"SV1246","minimax",0,"SV1246:minimax:r0","incorrect","incorrect","incorrect","incorrect","abstain","incorrect","abstain"
"SV1246","minimax",1,"SV1246:minimax:r1","incorrect","incorrect","incorrect","incorrect","incorrect","correct","incorrect"
"SV1263","deepseek",0,"SV1263:deepseek:r0","abstain","correct","incorrect","abstain","abstain","abstain","abstain"
"SV1263","deepseek",1,"SV1263:deepseek:r1","abstain","abstain","incorrect","abstain","abstain","abstain","abstain"
"SV1263","kimi",0,"SV1263:kimi:r0","abstain","abstain","abstain","abstain","abstain","abstain","abstain"
"SV1263","kimi",1,"SV1263:kimi:r1","abstain","abstain","abstain","abstain","abstain","abstain","abstain"
"SV1263","minimax",0,"SV1263:minimax:r0","abstain","abstain","incorrect","abstain","abstain","abstain","abstain"
"SV1263","minimax",1,"SV1263:minimax:r1","abstain","abstain","abstain","abstain","abstain","correct","abstain"
"SV1268","deepseek",0,"SV1268:deepseek:r0","correct","correct","correct","correct","correct","correct","correct"
"SV1268","deepseek",1,"SV1268:deepseek:r1","correct","correct","correct","correct","correct","correct","correct"
"SV1268","kimi",0,"SV1268:kimi:r0","correct","abstain","correct","correct","correct","abstain","abstain"
"SV1268","kimi",1,"SV1268:kimi:r1","correct","correct","correct","correct","correct","correct","abstain"
"SV1268","minimax",0,"SV1268:minimax:r0","incorrect","incorrect","incorrect","incorrect","incorrect","correct","abstain"
"SV1268","minimax",1,"SV1268:minimax:r1","abstain","incorrect","incorrect","incorrect","incorrect","correct","correct"
"SV1301","deepseek",0,"SV1301:deepseek:r0","abstain","abstain","incorrect","incorrect","abstain","abstain","abstain"
"SV1301","deepseek",1,"SV1301:deepseek:r1","abstain","abstain","incorrect","incorrect","abstain","abstain","abstain"
"SV1301","kimi",0,"SV1301:kimi:r0","abstain","abstain","abstain","abstain","abstain","abstain","abstain"
"SV1301","kimi",1,"SV1301:kimi:r1","abstain","abstain","incorrect","abstain","abstain","abstain","abstain"
"SV1301","minimax",0,"SV1301:minimax:r0","incorrect","incorrect","incorrect","incorrect","incorrect","incorrect","incorrect"
"SV1301","minimax",1,"SV1301:minimax:r1","incorrect","incorrect","incorrect","incorrect","abstain","incorrect","incorrect"
"SV1390","deepseek",0,"SV1390:deepseek:r0","incorrect","incorrect","incorrect","incorrect","incorrect","incorrect","incorrect"
"SV1390","deepseek",1,"SV1390:deepseek:r1","incorrect","abstain","incorrect","incorrect","incorrect","incorrect","incorrect"
"SV1390","kimi",0,"SV1390:kimi:r0","incorrect","abstain","correct","correct","incorrect","correct","correct"
"SV1390","kimi",1,"SV1390:kimi:r1","incorrect","abstain","incorrect","incorrect","incorrect","abstain","incorrect"
"SV1390","minimax",0,"SV1390:minimax:r0","incorrect","incorrect","incorrect","incorrect","incorrect","incorrect","abstain"
"SV1390","minimax",1,"SV1390:minimax:r1","incorrect","incorrect","incorrect","incorrect","incorrect","incorrect","incorrect"
"SV1391","deepseek",0,"SV1391:deepseek:r0","abstain","incorrect","incorrect","abstain","abstain","correct","abstain"
"SV1391","deepseek",1,"SV1391:deepseek:r1","incorrect","correct","incorrect","abstain","incorrect","abstain","abstain"
"SV1391","kimi",0,"SV1391:kimi:r0","abstain","incorrect","abstain","abstain","abstain","abstain","abstain"
"SV1391","kimi",1,"SV1391:kimi:r1","incorrect","abstain","incorrect","abstain","abstain","abstain","abstain"
"SV1391","minimax",0,"SV1391:minimax:r0","incorrect","abstain","incorrect","incorrect","incorrect","correct","correct"
"SV1391","minimax",1,"SV1391:minimax:r1","incorrect","abstain","abstain","incorrect","incorrect","abstain","correct"
"SV1436","deepseek",0,"SV1436:deepseek:r0","abstain","incorrect","incorrect","incorrect","abstain","correct","abstain"
"SV1436","deepseek",1,"SV1436:deepseek:r1","abstain","incorrect","incorrect","incorrect","abstain","correct","abstain"
"SV1436","kimi",0,"SV1436:kimi:r0","incorrect","abstain","incorrect","incorrect","incorrect","incorrect","incorrect"
"SV1436","kimi",1,"SV1436:kimi:r1","incorrect","abstain","incorrect","incorrect","incorrect","incorrect","incorrect"
"SV1436","minimax",0,"SV1436:minimax:r0","correct","correct","correct","correct","correct","correct","abstain"
"SV1436","minimax",1,"SV1436:minimax:r1","abstain","abstain","correct","incorrect","abstain","correct","correct"
"SV1441","deepseek",0,"SV1441:deepseek:r0","correct","abstain","incorrect","correct","abstain","correct","abstain"
"SV1441","deepseek",1,"SV1441:deepseek:r1","correct","abstain","correct","correct","correct","correct","abstain"
"SV1441","kimi",0,"SV1441:kimi:r0","abstain","abstain","abstain","abstain","abstain","abstain","abstain"
"SV1441","kimi",1,"SV1441:kimi:r1","abstain","abstain","abstain","abstain","abstain","abstain","abstain"
"SV1441","minimax",0,"SV1441:minimax:r0","abstain","abstain","incorrect","incorrect","abstain","correct","abstain"
"SV1441","minimax",1,"SV1441:minimax:r1","incorrect","incorrect","incorrect","incorrect","abstain","incorrect","abstain"
"SV1448","deepseek",0,"SV1448:deepseek:r0","abstain","abstain","abstain","abstain","abstain","correct","correct"
"SV1448","deepseek",1,"SV1448:deepseek:r1","abstain","abstain","abstain","abstain","abstain","correct","correct"
"SV1448","kimi",0,"SV1448:kimi:r0","incorrect","abstain","incorrect","incorrect","incorrect","incorrect","incorrect"
"SV1448","kimi",1,"SV1448:kimi:r1","incorrect","incorrect","incorrect","incorrect","incorrect","incorrect","incorrect"
"SV1448","minimax",0,"SV1448:minimax:r0","incorrect","incorrect","incorrect","incorrect","incorrect","correct","correct"
"SV1448","minimax",1,"SV1448:minimax:r1","incorrect","incorrect","incorrect","incorrect","incorrect","incorrect","correct"
"SV1501","deepseek",0,"SV1501:deepseek:r0","correct","correct","correct","correct","correct","correct","correct"
"SV1501","deepseek",1,"SV1501:deepseek:r1","correct","correct","correct","correct","correct","correct","correct"
"SV1501","kimi",0,"SV1501:kimi:r0","correct","abstain","correct","correct","correct","correct","correct"
"SV1501","kimi",1,"SV1501:kimi:r1","correct","correct","correct","correct","correct","correct","correct"
"SV1501","minimax",0,"SV1501:minimax:r0","incorrect","incorrect","incorrect","incorrect","incorrect","incorrect","incorrect"
"SV1501","minimax",1,"SV1501:minimax:r1","incorrect","incorrect","incorrect","incorrect","incorrect","correct","incorrect"
"SV1502","deepseek",0,"SV1502:deepseek:r0","abstain","abstain","incorrect","incorrect","abstain","correct","correct"
"SV1502","deepseek",1,"SV1502:deepseek:r1","abstain","abstain","incorrect","incorrect","incorrect","correct","abstain"
"SV1502","kimi",0,"SV1502:kimi:r0","incorrect","abstain","abstain","incorrect","abstain","incorrect","abstain"
"SV1502","kimi",1,"SV1502:kimi:r1","incorrect","abstain","incorrect","abstain","abstain","incorrect","abstain"
"SV1502","minimax",0,"SV1502:minimax:r0","abstain","abstain","incorrect","incorrect","abstain","correct","abstain"
"SV1502","minimax",1,"SV1502:minimax:r1","incorrect","incorrect","incorrect","incorrect","incorrect","incorrect","incorrect"
"SV1629","deepseek",0,"SV1629:deepseek:r0","incorrect","correct","incorrect","incorrect","incorrect","correct","correct"
"SV1629","deepseek",1,"SV1629:deepseek:r1","incorrect","abstain","incorrect","incorrect","incorrect","correct","correct"
"SV1629","kimi",0,"SV1629:kimi:r0","incorrect","abstain","incorrect","incorrect","incorrect","incorrect","incorrect"
"SV1629","kimi",1,"SV1629:kimi:r1","incorrect","incorrect","incorrect","incorrect","incorrect","incorrect","incorrect"
"SV1629","minimax",0,"SV1629:minimax:r0","incorrect","incorrect","incorrect","abstain","incorrect","abstain","correct"
"SV1629","minimax",1,"SV1629:minimax:r1","abstain","abstain","incorrect","incorrect","incorrect","correct","correct"
"SV1682","deepseek",0,"SV1682:deepseek:r0","incorrect","correct","incorrect","incorrect","incorrect","correct","correct"
"SV1682","deepseek",1,"SV1682:deepseek:r1","correct","incorrect","correct","correct","correct","correct","correct"
"SV1682","kimi",0,"SV1682:kimi:r0","incorrect","incorrect","incorrect","incorrect","incorrect","incorrect","incorrect"
"SV1682","kimi",1,"SV1682:kimi:r1","incorrect","abstain","incorrect","incorrect","incorrect","incorrect","incorrect"
"SV1682","minimax",0,"SV1682:minimax:r0","incorrect","incorrect","incorrect","incorrect","abstain","incorrect","abstain"
"SV1682","minimax",1,"SV1682:minimax:r1","incorrect","incorrect","incorrect","incorrect","incorrect","incorrect","incorrect"
"SV1704","deepseek",0,"SV1704:deepseek:r0","abstain","incorrect","incorrect","incorrect","abstain","correct","abstain"
"SV1704","deepseek",1,"SV1704:deepseek:r1","incorrect","incorrect","incorrect","incorrect","incorrect","incorrect","incorrect"
"SV1704","kimi",0,"SV1704:kimi:r0","abstain","abstain","abstain","abstain","abstain","abstain","abstain"
"SV1704","kimi",1,"SV1704:kimi:r1","abstain","correct","abstain","abstain","abstain","abstain","abstain"
"SV1704","minimax",0,"SV1704:minimax:r0","correct","abstain","incorrect","correct","abstain","correct","abstain"
"SV1704","minimax",1,"SV1704:minimax:r1","incorrect","incorrect","incorrect","abstain","incorrect","correct","abstain"
"SV1744","deepseek",0,"SV1744:deepseek:r0","abstain","incorrect","incorrect","incorrect","incorrect","abstain","abstain"
"SV1744","deepseek",1,"SV1744:deepseek:r1","abstain","correct","incorrect","incorrect","abstain","abstain","abstain"
"SV1744","kimi",0,"SV1744:kimi:r0","abstain","abstain","incorrect","incorrect","abstain","abstain","abstain"
"SV1744","kimi",1,"SV1744:kimi:r1","abstain","abstain","abstain","abstain","abstain","abstain","abstain"
"SV1744","minimax",0,"SV1744:minimax:r0","incorrect","incorrect","incorrect","incorrect","abstain","incorrect","abstain"
"SV1744","minimax",1,"SV1744:minimax:r1","incorrect","abstain","incorrect","incorrect","abstain","abstain","abstain"
"SV1791","deepseek",0,"SV1791:deepseek:r0","abstain","abstain","incorrect","abstain","abstain","abstain","abstain"
"SV1791","deepseek",1,"SV1791:deepseek:r1","abstain","abstain","incorrect","abstain","abstain","abstain","abstain"
"SV1791","kimi",0,"SV1791:kimi:r0","abstain","abstain","abstain","abstain","abstain","correct","abstain"
"SV1791","kimi",1,"SV1791:kimi:r1","abstain","abstain","abstain","abstain","abstain","abstain","abstain"
"SV1791","minimax",0,"SV1791:minimax:r0","abstain","abstain","abstain","abstain","abstain","correct","abstain"
"SV1791","minimax",1,"SV1791:minimax:r1","abstain","abstain","incorrect","abstain","abstain","incorrect","abstain"
"SV1808","deepseek",0,"SV1808:deepseek:r0","correct","correct","correct","correct","correct","correct","correct"
"SV1808","deepseek",1,"SV1808:deepseek:r1","correct","correct","correct","correct","correct","correct","correct"
"SV1808","kimi",0,"SV1808:kimi:r0","correct","correct","correct","correct","correct","correct","correct"
"SV1808","kimi",1,"SV1808:kimi:r1","correct","correct","correct","correct","correct","correct","correct"
"SV1808","minimax",0,"SV1808:minimax:r0","incorrect","incorrect","correct","incorrect","correct","correct","correct"
"SV1808","minimax",1,"SV1808:minimax:r1","incorrect","incorrect","incorrect","incorrect","incorrect","correct","correct"
"SV1816","deepseek",0,"SV1816:deepseek:r0","correct","correct","correct","correct","correct","correct","abstain"
"SV1816","deepseek",1,"SV1816:deepseek:r1","correct","abstain","correct","correct","correct","correct","abstain"
"SV1816","kimi",0,"SV1816:kimi:r0","correct","abstain","correct","correct","correct","correct","abstain"
"SV1816","kimi",1,"SV1816:kimi:r1","correct","correct","correct","correct","abstain","correct","abstain"
"SV1816","minimax",0,"SV1816:minimax:r0","incorrect","incorrect","incorrect","incorrect","incorrect","incorrect","incorrect"
"SV1816","minimax",1,"SV1816:minimax:r1","incorrect","incorrect","incorrect","incorrect","incorrect","incorrect","incorrect"
"SV1818","deepseek",0,"SV1818:deepseek:r0","abstain","incorrect","incorrect","incorrect","incorrect","correct","correct"
"SV1818","deepseek",1,"SV1818:deepseek:r1","abstain","incorrect","incorrect","incorrect","abstain","correct","correct"
"SV1818","kimi",0,"SV1818:kimi:r0","abstain","abstain","incorrect","abstain","abstain","abstain","abstain"
"SV1818","kimi",1,"SV1818:kimi:r1","abstain","incorrect","incorrect","abstain","abstain","abstain","abstain"
"SV1818","minimax",0,"SV1818:minimax:r0","abstain","abstain","incorrect","incorrect","abstain","correct","abstain"
"SV1818","minimax",1,"SV1818:minimax:r1","incorrect","incorrect","incorrect","incorrect","abstain","abstain","abstain"
"SV1847","deepseek",0,"SV1847:deepseek:r0","correct","abstain","correct","correct","correct","correct","correct"
"SV1847","deepseek",1,"SV1847:deepseek:r1","abstain","abstain","incorrect","incorrect","incorrect","correct","abstain"
"SV1847","kimi",0,"SV1847:kimi:r0","abstain","abstain","incorrect","abstain","abstain","correct","abstain"
"SV1847","kimi",1,"SV1847:kimi:r1","correct","correct","correct","correct","abstain","correct","correct"
"SV1847","minimax",0,"SV1847:minimax:r0","abstain","abstain","incorrect","abstain","abstain","abstain","abstain"
"SV1847","minimax",1,"SV1847:minimax:r1","abstain","incorrect","incorrect","abstain","abstain","abstain","abstain"
"SV1851","deepseek",0,"SV1851:deepseek:r0","abstain","abstain","incorrect","incorrect","abstain","correct","abstain"
"SV1851","deepseek",1,"SV1851:deepseek:r1","incorrect","abstain","incorrect","incorrect","abstain","correct","correct"
"SV1851","kimi",0,"SV1851:kimi:r0","abstain","abstain","incorrect","abstain","abstain","correct","abstain"
"SV1851","kimi",1,"SV1851:kimi:r1","abstain","abstain","incorrect","abstain","abstain","correct","abstain"
"SV1851","minimax",0,"SV1851:minimax:r0","abstain","incorrect","abstain","incorrect","abstain","abstain","abstain"
"SV1851","minimax",1,"SV1851:minimax:r1","abstain","incorrect","incorrect","abstain","abstain","abstain","abstain"
"SV1857","deepseek",0,"SV1857:deepseek:r0","correct","incorrect","correct","correct","correct","correct","correct"
"SV1857","deepseek",1,"SV1857:deepseek:r1","correct","correct","correct","correct","correct","correct","correct"
"SV1857","kimi",0,"SV1857:kimi:r0","correct","correct","correct","correct","correct","correct","correct"
"SV1857","kimi",1,"SV1857:kimi:r1","correct","correct","correct","correct","correct","correct","correct"
"SV1857","minimax",0,"SV1857:minimax:r0","incorrect","incorrect","incorrect","incorrect","incorrect","incorrect","incorrect"
"SV1857","minimax",1,"SV1857:minimax:r1","incorrect","incorrect","incorrect","incorrect","incorrect","incorrect","incorrect"
"SV1866","deepseek",0,"SV1866:deepseek:r0","abstain","abstain","incorrect","abstain","abstain","correct","abstain"
"SV1866","deepseek",1,"SV1866:deepseek:r1","abstain","abstain","incorrect","incorrect","abstain","correct","abstain"
"SV1866","kimi",0,"SV1866:kimi:r0","abstain","abstain","abstain","abstain","abstain","abstain","abstain"
"SV1866","kimi",1,"SV1866:kimi:r1","abstain","abstain","abstain","abstain","abstain","abstain","abstain"
"SV1866","minimax",0,"SV1866:minimax:r0","abstain","incorrect","incorrect","incorrect","abstain","abstain","abstain"
"SV1866","minimax",1,"SV1866:minimax:r1","abstain","incorrect","abstain","incorrect","abstain","abstain","abstain"
"SV1953","deepseek",0,"SV1953:deepseek:r0","abstain","incorrect","incorrect","incorrect","abstain","abstain","abstain"
"SV1953","deepseek",1,"SV1953:deepseek:r1","abstain","incorrect","incorrect","incorrect","abstain","correct","abstain"
"SV1953","kimi",0,"SV1953:kimi:r0","incorrect","abstain","incorrect","incorrect","abstain","incorrect","correct"
"SV1953","kimi",1,"SV1953:kimi:r1","abstain","incorrect","incorrect","abstain","abstain","abstain","abstain"
"SV1953","minimax",0,"SV1953:minimax:r0","abstain","incorrect","incorrect","abstain","abstain","correct","abstain"
"SV1953","minimax",1,"SV1953:minimax:r1","abstain","incorrect","incorrect","abstain","abstain","correct","abstain"
"SV1972","deepseek",0,"SV1972:deepseek:r0","correct","correct","correct","correct","correct","abstain","correct"
"SV1972","deepseek",1,"SV1972:deepseek:r1","correct","incorrect","correct","correct","correct","correct","correct"
"SV1972","kimi",0,"SV1972:kimi:r0","correct","correct","correct","correct","correct","correct","abstain"
"SV1972","kimi",1,"SV1972:kimi:r1","correct","correct","correct","correct","correct","correct","abstain"
"SV1972","minimax",0,"SV1972:minimax:r0","correct","correct","correct","correct","correct","correct","correct"
"SV1972","minimax",1,"SV1972:minimax:r1","abstain","incorrect","incorrect","incorrect","incorrect","abstain","abstain"
"SV2035","deepseek",0,"SV2035:deepseek:r0","correct","abstain","correct","correct","correct","correct","correct"
"SV2035","deepseek",1,"SV2035:deepseek:r1","incorrect","correct","incorrect","incorrect","incorrect","incorrect","incorrect"
"SV2035","kimi",0,"SV2035:kimi:r0","incorrect","abstain","abstain","incorrect","incorrect","correct","abstain"
"SV2035","kimi",1,"SV2035:kimi:r1","incorrect","abstain","incorrect","incorrect","abstain","correct","correct"
"SV2035","minimax",0,"SV2035:minimax:r0","abstain","incorrect","incorrect","abstain","abstain","abstain","correct"
"SV2035","minimax",1,"SV2035:minimax:r1","incorrect","incorrect","incorrect","incorrect","incorrect","incorrect","incorrect"
"SV2103","deepseek",0,"SV2103:deepseek:r0","incorrect","abstain","incorrect","incorrect","incorrect","correct","correct"
"SV2103","deepseek",1,"SV2103:deepseek:r1","incorrect","abstain","abstain","incorrect","incorrect","incorrect","incorrect"
"SV2103","kimi",0,"SV2103:kimi:r0","incorrect","abstain","incorrect","incorrect","incorrect","incorrect","incorrect"
"SV2103","kimi",1,"SV2103:kimi:r1","incorrect","abstain","incorrect","incorrect","incorrect","incorrect","incorrect"
"SV2103","minimax",0,"SV2103:minimax:r0","incorrect","incorrect","incorrect","incorrect","incorrect","incorrect","incorrect"
"SV2103","minimax",1,"SV2103:minimax:r1","incorrect","incorrect","incorrect","incorrect","incorrect","incorrect","incorrect"
"SV2119","deepseek",0,"SV2119:deepseek:r0","incorrect","correct","incorrect","correct","incorrect","correct","correct"
"SV2119","deepseek",1,"SV2119:deepseek:r1","correct","correct","correct","correct","correct","correct","correct"
"SV2119","kimi",0,"SV2119:kimi:r0","incorrect","incorrect","incorrect","incorrect","incorrect","incorrect","incorrect"
"SV2119","kimi",1,"SV2119:kimi:r1","correct","abstain","correct","correct","abstain","correct","abstain"
"SV2119","minimax",0,"SV2119:minimax:r0","incorrect","incorrect","incorrect","incorrect","abstain","incorrect","incorrect"
"SV2119","minimax",1,"SV2119:minimax:r1","abstain","incorrect","incorrect","incorrect","abstain","correct","abstain"
"SV2137","deepseek",0,"SV2137:deepseek:r0","abstain","incorrect","incorrect","abstain","abstain","abstain","abstain"
"SV2137","deepseek",1,"SV2137:deepseek:r1","incorrect","abstain","incorrect","abstain","abstain","abstain","abstain"
"SV2137","kimi",0,"SV2137:kimi:r0","abstain","abstain","incorrect","abstain","abstain","abstain","abstain"
"SV2137","kimi",1,"SV2137:kimi:r1","abstain","incorrect","abstain","abstain","abstain","correct","abstain"
"SV2137","minimax",0,"SV2137:minimax:r0","incorrect","incorrect","abstain","incorrect","abstain","incorrect","abstain"
"SV2137","minimax",1,"SV2137:minimax:r1","incorrect","incorrect","abstain","incorrect","incorrect","incorrect","abstain"
"SV2145","deepseek",0,"SV2145:deepseek:r0","incorrect","incorrect","incorrect","incorrect","incorrect","incorrect","incorrect"
"SV2145","deepseek",1,"SV2145:deepseek:r1","abstain","incorrect","incorrect","incorrect","abstain","correct","abstain"
"SV2145","kimi",0,"SV2145:kimi:r0","incorrect","abstain","abstain","incorrect","incorrect","incorrect","incorrect"
"SV2145","kimi",1,"SV2145:kimi:r1","incorrect","incorrect","abstain","incorrect","abstain","correct","abstain"
"SV2145","minimax",0,"SV2145:minimax:r0","incorrect","incorrect","incorrect","incorrect","incorrect","incorrect","incorrect"
"SV2145","minimax",1,"SV2145:minimax:r1","incorrect","incorrect","incorrect","incorrect","incorrect","correct","abstain"
"SV2176","deepseek",0,"SV2176:deepseek:r0","correct","correct","correct","correct","correct","correct","correct"
"SV2176","deepseek",1,"SV2176:deepseek:r1","correct","correct","correct","correct","correct","correct","correct"
"SV2176","kimi",0,"SV2176:kimi:r0","correct","correct","correct","correct","correct","correct","correct"
"SV2176","kimi",1,"SV2176:kimi:r1","correct","correct","correct","correct","correct","correct","correct"
"SV2176","minimax",0,"SV2176:minimax:r0","correct","correct","correct","correct","correct","correct","correct"
"SV2176","minimax",1,"SV2176:minimax:r1","correct","correct","correct","correct","correct","correct","correct"
"SV2178","deepseek",0,"SV2178:deepseek:r0","abstain","abstain","incorrect","abstain","abstain","abstain","abstain"
"SV2178","deepseek",1,"SV2178:deepseek:r1","abstain","abstain","incorrect","incorrect","abstain","abstain","abstain"
"SV2178","kimi",0,"SV2178:kimi:r0","abstain","abstain","incorrect","abstain","abstain","abstain","abstain"
"SV2178","kimi",1,"SV2178:kimi:r1","abstain","abstain","incorrect","abstain","abstain","abstain","abstain"
"SV2178","minimax",0,"SV2178:minimax:r0","abstain","incorrect","abstain","abstain","abstain","correct","abstain"
"SV2178","minimax",1,"SV2178:minimax:r1","incorrect","incorrect","incorrect","incorrect","abstain","incorrect","abstain"
"SV2209","deepseek",0,"SV2209:deepseek:r0","abstain","incorrect","incorrect","incorrect","abstain","correct","abstain"
"SV2209","deepseek",1,"SV2209:deepseek:r1","incorrect","abstain","incorrect","incorrect","incorrect","incorrect","incorrect"
"SV2209","kimi",0,"SV2209:kimi:r0","abstain","abstain","incorrect","abstain","abstain","abstain","abstain"
"SV2209","kimi",1,"SV2209:kimi:r1","incorrect","incorrect","incorrect","incorrect","incorrect","incorrect","incorrect"
"SV2209","minimax",0,"SV2209:minimax:r0","incorrect","incorrect","incorrect","incorrect","incorrect","incorrect","incorrect"
"SV2209","minimax",1,"SV2209:minimax:r1","abstain","incorrect","abstain","incorrect","abstain","correct","abstain"
"SV2232","deepseek",0,"SV2232:deepseek:r0","abstain","abstain","incorrect","incorrect","incorrect","correct","correct"
"SV2232","deepseek",1,"SV2232:deepseek:r1","abstain","abstain","incorrect","incorrect","abstain","correct","correct"
"SV2232","kimi",0,"SV2232:kimi:r0","abstain","abstain","abstain","abstain","abstain","abstain","abstain"
"SV2232","kimi",1,"SV2232:kimi:r1","incorrect","abstain","abstain","abstain","abstain","abstain","abstain"
"SV2232","minimax",0,"SV2232:minimax:r0","incorrect","abstain","abstain","incorrect","abstain","correct","abstain"
"SV2232","minimax",1,"SV2232:minimax:r1","abstain","abstain","incorrect","incorrect","abstain","abstain","abstain"
"SV2268","deepseek",0,"SV2268:deepseek:r0","correct","correct","correct","correct","correct","correct","correct"
"SV2268","deepseek",1,"SV2268:deepseek:r1","correct","correct","correct","correct","correct","correct","correct"
"SV2268","kimi",0,"SV2268:kimi:r0","correct","correct","correct","correct","abstain","correct","correct"
"SV2268","kimi",1,"SV2268:kimi:r1","correct","correct","correct","correct","abstain","correct","correct"
"SV2268","minimax",0,"SV2268:minimax:r0","correct","correct","correct","correct","correct","correct","correct"
"SV2268","minimax",1,"SV2268:minimax:r1","correct","correct","correct","correct","correct","correct","correct"
"SV2300","deepseek",0,"SV2300:deepseek:r0","incorrect","abstain","incorrect","abstain","abstain","correct","incorrect"
"SV2300","deepseek",1,"SV2300:deepseek:r1","abstain","incorrect","incorrect","abstain","abstain","correct","abstain"
"SV2300","kimi",0,"SV2300:kimi:r0","incorrect","abstain","incorrect","incorrect","abstain","correct","abstain"
"SV2300","kimi",1,"SV2300:kimi:r1","incorrect","abstain","abstain","abstain","abstain","abstain","abstain"
"SV2300","minimax",0,"SV2300:minimax:r0","abstain","incorrect","incorrect","abstain","abstain","correct","abstain"
"SV2300","minimax",1,"SV2300:minimax:r1","abstain","incorrect","incorrect","abstain","abstain","abstain","abstain"
"SV2391","deepseek",0,"SV2391:deepseek:r0","correct","correct","correct","correct","correct","correct","correct"
"SV2391","deepseek",1,"SV2391:deepseek:r1","correct","abstain","correct","correct","correct","correct","correct"
"SV2391","kimi",0,"SV2391:kimi:r0","incorrect","incorrect","incorrect","incorrect","incorrect","incorrect","correct"
"SV2391","kimi",1,"SV2391:kimi:r1","incorrect","incorrect","incorrect","incorrect","incorrect","incorrect","incorrect"
"SV2391","minimax",0,"SV2391:minimax:r0","correct","correct","correct","correct","correct","correct","correct"
"SV2391","minimax",1,"SV2391:minimax:r1","correct","correct","correct","correct","correct","correct","correct"
"SV2444","deepseek",0,"SV2444:deepseek:r0","incorrect","abstain","incorrect","abstain","abstain","correct","abstain"
"SV2444","deepseek",1,"SV2444:deepseek:r1","abstain","incorrect","incorrect","incorrect","abstain","correct","abstain"
"SV2444","kimi",0,"SV2444:kimi:r0","abstain","abstain","incorrect","abstain","abstain","abstain","abstain"
"SV2444","kimi",1,"SV2444:kimi:r1","abstain","correct","incorrect","abstain","abstain","abstain","abstain"
"SV2444","minimax",0,"SV2444:minimax:r0","incorrect","incorrect","incorrect","incorrect","incorrect","incorrect","incorrect"
"SV2444","minimax",1,"SV2444:minimax:r1","incorrect","incorrect","incorrect","incorrect","incorrect","incorrect","incorrect"
"SV2543","deepseek",0,"SV2543:deepseek:r0","incorrect","abstain","incorrect","abstain","abstain","correct","abstain"
"SV2543","deepseek",1,"SV2543:deepseek:r1","incorrect","abstain","incorrect","abstain","abstain","incorrect","abstain"
"SV2543","kimi",0,"SV2543:kimi:r0","incorrect","incorrect","incorrect","abstain","abstain","incorrect","abstain"
"SV2543","kimi",1,"SV2543:kimi:r1","incorrect","abstain","incorrect","incorrect","incorrect","abstain","abstain"
"SV2543","minimax",0,"SV2543:minimax:r0","incorrect","incorrect","incorrect","incorrect","abstain","incorrect","abstain"
"SV2543","minimax",1,"SV2543:minimax:r1","abstain","incorrect","incorrect","incorrect","abstain","abstain","abstain"
"SV2554","deepseek",0,"SV2554:deepseek:r0","correct","abstain","correct","correct","correct","correct","correct"
"SV2554","deepseek",1,"SV2554:deepseek:r1","incorrect","abstain","incorrect","incorrect","incorrect","abstain","correct"
"SV2554","kimi",0,"SV2554:kimi:r0","correct","abstain","correct","correct","correct","abstain","abstain"
"SV2554","kimi",1,"SV2554:kimi:r1","correct","abstain","correct","correct","abstain","abstain","abstain"
"SV2554","minimax",0,"SV2554:minimax:r0","abstain","abstain","incorrect","abstain","abstain","correct","correct"
"SV2554","minimax",1,"SV2554:minimax:r1","incorrect","incorrect","incorrect","abstain","incorrect","incorrect","incorrect"
"SV2595","deepseek",0,"SV2595:deepseek:r0","correct","abstain","correct","correct","abstain","correct","abstain"
"SV2595","deepseek",1,"SV2595:deepseek:r1","abstain","correct","incorrect","abstain","abstain","abstain","abstain"
"SV2595","kimi",0,"SV2595:kimi:r0","correct","abstain","abstain","correct","abstain","correct","correct"
"SV2595","kimi",1,"SV2595:kimi:r1","correct","abstain","correct","correct","correct","abstain","abstain"
"SV2595","minimax",0,"SV2595:minimax:r0","incorrect","incorrect","incorrect","incorrect","incorrect","incorrect","incorrect"
"SV2595","minimax",1,"SV2595:minimax:r1","incorrect","incorrect","incorrect","incorrect","incorrect","incorrect","abstain"
"SV2629","deepseek",0,"SV2629:deepseek:r0","correct","correct","correct","correct","correct","correct","correct"
"SV2629","deepseek",1,"SV2629:deepseek:r1","correct","correct","correct","correct","correct","correct","correct"
"SV2629","kimi",0,"SV2629:kimi:r0","abstain","abstain","abstain","abstain","abstain","abstain","abstain"
"SV2629","kimi",1,"SV2629:kimi:r1","abstain","abstain","abstain","abstain","abstain","abstain","abstain"
"SV2629","minimax",0,"SV2629:minimax:r0","abstain","abstain","incorrect","abstain","abstain","correct","abstain"
"SV2629","minimax",1,"SV2629:minimax:r1","incorrect","incorrect","incorrect","abstain","incorrect","incorrect","incorrect"
"SV2657","deepseek",0,"SV2657:deepseek:r0","correct","correct","correct","correct","correct","correct","correct"
"SV2657","deepseek",1,"SV2657:deepseek:r1","abstain","correct","incorrect","correct","abstain","correct","abstain"
"SV2657","kimi",0,"SV2657:kimi:r0","incorrect","abstain","incorrect","incorrect","incorrect","incorrect","abstain"
"SV2657","kimi",1,"SV2657:kimi:r1","incorrect","abstain","abstain","incorrect","abstain","incorrect","abstain"
"SV2657","minimax",0,"SV2657:minimax:r0","incorrect","incorrect","incorrect","incorrect","abstain","correct","abstain"
"SV2657","minimax",1,"SV2657:minimax:r1","abstain","incorrect","correct","abstain","abstain","abstain","correct"
"SV2658","deepseek",0,"SV2658:deepseek:r0","abstain","abstain","incorrect","incorrect","abstain","correct","abstain"
"SV2658","deepseek",1,"SV2658:deepseek:r1","abstain","abstain","incorrect","incorrect","abstain","correct","abstain"
"SV2658","kimi",0,"SV2658:kimi:r0","abstain","abstain","incorrect","abstain","abstain","correct","abstain"
"SV2658","kimi",1,"SV2658:kimi:r1","incorrect","abstain","incorrect","abstain","abstain","correct","abstain"
"SV2658","minimax",0,"SV2658:minimax:r0","abstain","abstain","incorrect","incorrect","abstain","correct","correct"
"SV2658","minimax",1,"SV2658:minimax:r1","incorrect","incorrect","incorrect","incorrect","abstain","correct","abstain"
"SV2693","deepseek",0,"SV2693:deepseek:r0","incorrect","incorrect","incorrect","incorrect","incorrect","incorrect","incorrect"
"SV2693","deepseek",1,"SV2693:deepseek:r1","correct","abstain","correct","correct","correct","correct","abstain"
"SV2693","kimi",0,"SV2693:kimi:r0","abstain","abstain","abstain","abstain","abstain","abstain","abstain"
"SV2693","kimi",1,"SV2693:kimi:r1","incorrect","incorrect","incorrect","incorrect","incorrect","incorrect","abstain"
"SV2693","minimax",0,"SV2693:minimax:r0","incorrect","incorrect","incorrect","incorrect","incorrect","incorrect","abstain"
"SV2693","minimax",1,"SV2693:minimax:r1","abstain","abstain","incorrect","abstain","abstain","correct","abstain"
"SV2796","deepseek",0,"SV2796:deepseek:r0","abstain","incorrect","incorrect","incorrect","abstain","correct","abstain"
"SV2796","deepseek",1,"SV2796:deepseek:r1","abstain","incorrect","incorrect","incorrect","abstain","correct","abstain"
"SV2796","kimi",0,"SV2796:kimi:r0","incorrect","incorrect","incorrect","abstain","incorrect","incorrect","incorrect"
"SV2796","kimi",1,"SV2796:kimi:r1","incorrect","incorrect","incorrect","incorrect","incorrect","incorrect","incorrect"
"SV2796","minimax",0,"SV2796:minimax:r0","abstain","incorrect","incorrect","abstain","abstain","abstain","abstain"
"SV2796","minimax",1,"SV2796:minimax:r1","incorrect","incorrect","incorrect","abstain","incorrect","abstain","abstain"
"SV2831","deepseek",0,"SV2831:deepseek:r0","incorrect","incorrect","incorrect","incorrect","incorrect","correct","incorrect"
"SV2831","deepseek",1,"SV2831:deepseek:r1","abstain","incorrect","incorrect","abstain","abstain","correct","abstain"
"SV2831","kimi",0,"SV2831:kimi:r0","abstain","correct","abstain","abstain","abstain","abstain","abstain"
"SV2831","kimi",1,"SV2831:kimi:r1","abstain","incorrect","incorrect","abstain","abstain","abstain","abstain"
"SV2831","minimax",0,"SV2831:minimax:r0","abstain","abstain","incorrect","incorrect","abstain","correct","correct"
"SV2831","minimax",1,"SV2831:minimax:r1","incorrect","incorrect","incorrect","incorrect","incorrect","incorrect","correct"
"SV2832","deepseek",0,"SV2832:deepseek:r0","incorrect","incorrect","incorrect","incorrect","incorrect","correct","incorrect"
"SV2832","deepseek",1,"SV2832:deepseek:r1","incorrect","abstain","incorrect","incorrect","incorrect","incorrect","incorrect"
"SV2832","kimi",0,"SV2832:kimi:r0","incorrect","incorrect","abstain","incorrect","incorrect","incorrect","incorrect"
"SV2832","kimi",1,"SV2832:kimi:r1","abstain","abstain","abstain","abstain","abstain","abstain","abstain"
"SV2832","minimax",0,"SV2832:minimax:r0","incorrect","incorrect","incorrect","correct","abstain","correct","correct"
"SV2832","minimax",1,"SV2832:minimax:r1","abstain","incorrect","incorrect","incorrect","abstain","correct","abstain"
"SV2851","deepseek",0,"SV2851:deepseek:r0","correct","incorrect","correct","correct","correct","correct","correct"
"SV2851","deepseek",1,"SV2851:deepseek:r1","correct","correct","correct","abstain","correct","correct","correct"
"SV2851","kimi",0,"SV2851:kimi:r0","incorrect","abstain","incorrect","abstain","incorrect","abstain","abstain"
"SV2851","kimi",1,"SV2851:kimi:r1","correct","correct","correct","correct","correct","correct","correct"
"SV2851","minimax",0,"SV2851:minimax:r0","incorrect","incorrect","abstain","abstain","abstain","incorrect","abstain"
"SV2851","minimax",1,"SV2851:minimax:r1","incorrect","incorrect","incorrect","incorrect","abstain","incorrect","correct"
"SV2892","deepseek",0,"SV2892:deepseek:r0","incorrect","abstain","correct","incorrect","incorrect","incorrect","abstain"
"SV2892","deepseek",1,"SV2892:deepseek:r1","incorrect","correct","correct","correct","incorrect","correct","incorrect"
"SV2892","kimi",0,"SV2892:kimi:r0","incorrect","abstain","incorrect","incorrect","abstain","incorrect","incorrect"
"SV2892","kimi",1,"SV2892:kimi:r1","incorrect","incorrect","incorrect","incorrect","incorrect","incorrect","incorrect"
"SV2892","minimax",0,"SV2892:minimax:r0","incorrect","abstain","incorrect","incorrect","abstain","incorrect","incorrect"
"SV2892","minimax",1,"SV2892:minimax:r1","abstain","incorrect","incorrect","incorrect","incorrect","correct","correct"
"SV2967","deepseek",0,"SV2967:deepseek:r0","incorrect","abstain","incorrect","incorrect","abstain","correct","abstain"
"SV2967","deepseek",1,"SV2967:deepseek:r1","abstain","incorrect","incorrect","incorrect","abstain","correct","abstain"
"SV2967","kimi",0,"SV2967:kimi:r0","abstain","abstain","abstain","abstain","abstain","correct","abstain"
"SV2967","kimi",1,"SV2967:kimi:r1","abstain","abstain","incorrect","abstain","abstain","correct","abstain"
"SV2967","minimax",0,"SV2967:minimax:r0","abstain","abstain","incorrect","incorrect","abstain","correct","abstain"
"SV2967","minimax",1,"SV2967:minimax:r1","incorrect","incorrect","incorrect","incorrect","incorrect","incorrect","correct"
"SV3030","deepseek",0,"SV3030:deepseek:r0","abstain","abstain","incorrect","incorrect","abstain","correct","abstain"
"SV3030","deepseek",1,"SV3030:deepseek:r1","abstain","abstain","incorrect","incorrect","abstain","correct","abstain"
"SV3030","kimi",0,"SV3030:kimi:r0","abstain","abstain","abstain","abstain","abstain","abstain","abstain"
"SV3030","kimi",1,"SV3030:kimi:r1","abstain","abstain","abstain","abstain","abstain","abstain","abstain"
"SV3030","minimax",0,"SV3030:minimax:r0","incorrect","incorrect","abstain","abstain","incorrect","incorrect","abstain"
"SV3030","minimax",1,"SV3030:minimax:r1","abstain","abstain","incorrect","incorrect","abstain","abstain","abstain"
"SV3037","deepseek",0,"SV3037:deepseek:r0","abstain","abstain","incorrect","abstain","abstain","correct","abstain"
"SV3037","deepseek",1,"SV3037:deepseek:r1","abstain","abstain","abstain","abstain","abstain","correct","abstain"
"SV3037","kimi",0,"SV3037:kimi:r0","abstain","abstain","abstain","incorrect","incorrect","correct","abstain"
"SV3037","kimi",1,"SV3037:kimi:r1","abstain","abstain","incorrect","abstain","abstain","correct","abstain"
"SV3037","minimax",0,"SV3037:minimax:r0","abstain","abstain","abstain","abstain","abstain","correct","abstain"
"SV3037","minimax",1,"SV3037:minimax:r1","abstain","abstain","incorrect","incorrect","abstain","correct","correct"
"SV3248","deepseek",0,"SV3248:deepseek:r0","incorrect","incorrect","incorrect","incorrect","incorrect","incorrect","incorrect"
"SV3248","deepseek",1,"SV3248:deepseek:r1","incorrect","incorrect","incorrect","incorrect","incorrect","incorrect","incorrect"
"SV3248","kimi",0,"SV3248:kimi:r0","incorrect","incorrect","incorrect","incorrect","incorrect","incorrect","incorrect"
"SV3248","kimi",1,"SV3248:kimi:r1","incorrect","incorrect","incorrect","incorrect","incorrect","incorrect","incorrect"
"SV3248","minimax",0,"SV3248:minimax:r0","incorrect","incorrect","incorrect","incorrect","incorrect","incorrect","incorrect"
"SV3248","minimax",1,"SV3248:minimax:r1","incorrect","incorrect","incorrect","incorrect","incorrect","incorrect","incorrect"
"SV3258","deepseek",0,"SV3258:deepseek:r0","abstain","abstain","incorrect","incorrect","abstain","correct","correct"
"SV3258","deepseek",1,"SV3258:deepseek:r1","abstain","abstain","incorrect","incorrect","abstain","correct","correct"
"SV3258","kimi",0,"SV3258:kimi:r0","abstain","abstain","incorrect","incorrect","abstain","abstain","abstain"
"SV3258","kimi",1,"SV3258:kimi:r1","abstain","abstain","incorrect","incorrect","abstain","correct","abstain"
"SV3258","minimax",0,"SV3258:minimax:r0","incorrect","incorrect","incorrect","incorrect","abstain","incorrect","incorrect"
"SV3258","minimax",1,"SV3258:minimax:r1","abstain","abstain","abstain","incorrect","incorrect","abstain","abstain"
"SV3265","deepseek",0,"SV3265:deepseek:r0","abstain","incorrect","incorrect","incorrect","abstain","abstain","abstain"
"SV3265","deepseek",1,"SV3265:deepseek:r1","abstain","incorrect","incorrect","incorrect","abstain","correct","abstain"
"SV3265","kimi",0,"SV3265:kimi:r0","abstain","abstain","abstain","abstain","abstain","abstain","abstain"
"SV3265","kimi",1,"SV3265:kimi:r1","abstain","abstain","abstain","abstain","abstain","abstain","abstain"
"SV3265","minimax",0,"SV3265:minimax:r0","abstain","incorrect","abstain","abstain","abstain","correct","abstain"
"SV3265","minimax",1,"SV3265:minimax:r1","abstain","incorrect","abstain","abstain","abstain","abstain","abstain"
"SV3267","deepseek",0,"SV3267:deepseek:r0","correct","abstain","correct","correct","correct","correct","correct"
"SV3267","deepseek",1,"SV3267:deepseek:r1","abstain","correct","incorrect","incorrect","abstain","correct","abstain"
"SV3267","kimi",0,"SV3267:kimi:r0","incorrect","incorrect","incorrect","incorrect","incorrect","abstain","incorrect"
"SV3267","kimi",1,"SV3267:kimi:r1","incorrect","incorrect","incorrect","incorrect","incorrect","incorrect","incorrect"
"SV3267","minimax",0,"SV3267:minimax:r0","correct","correct","correct","correct","correct","correct","correct"
"SV3267","minimax",1,"SV3267:minimax:r1","incorrect","incorrect","correct","incorrect","incorrect","incorrect","abstain"
"SV3268","deepseek",0,"SV3268:deepseek:r0","abstain","incorrect","incorrect","incorrect","incorrect","correct","abstain"
"SV3268","deepseek",1,"SV3268:deepseek:r1","abstain","incorrect","incorrect","correct","correct","correct","abstain"
"SV3268","kimi",0,"SV3268:kimi:r0","incorrect","abstain","incorrect","abstain","incorrect","correct","incorrect"
"SV3268","kimi",1,"SV3268:kimi:r1","correct","correct","correct","correct","correct","correct","correct"
"SV3268","minimax",0,"SV3268:minimax:r0","abstain","abstain","incorrect","abstain","abstain","correct","abstain"
"SV3268","minimax",1,"SV3268:minimax:r1","abstain","incorrect","incorrect","incorrect","incorrect","correct","abstain"
"SV3285","deepseek",0,"SV3285:deepseek:r0","correct","correct","correct","correct","correct","correct","correct"
"SV3285","deepseek",1,"SV3285:deepseek:r1","correct","correct","correct","correct","correct","correct","correct"
"SV3285","kimi",0,"SV3285:kimi:r0","incorrect","incorrect","incorrect","incorrect","abstain","incorrect","incorrect"
"SV3285","kimi",1,"SV3285:kimi:r1","incorrect","incorrect","incorrect","incorrect","abstain","incorrect","abstain"
"SV3285","minimax",0,"SV3285:minimax:r0","abstain","incorrect","incorrect","abstain","abstain","abstain","abstain"
"SV3285","minimax",1,"SV3285:minimax:r1","incorrect","incorrect","incorrect","incorrect","incorrect","correct","incorrect"
"SV3290","deepseek",0,"SV3290:deepseek:r0","abstain","abstain","incorrect","incorrect","abstain","correct","abstain"
"SV3290","deepseek",1,"SV3290:deepseek:r1","incorrect","incorrect","incorrect","incorrect","incorrect","incorrect","incorrect"
"SV3290","kimi",0,"SV3290:kimi:r0","abstain","incorrect","abstain","abstain","abstain","correct","abstain"
"SV3290","kimi",1,"SV3290:kimi:r1","incorrect","abstain","incorrect","incorrect","incorrect","incorrect","incorrect"
"SV3290","minimax",0,"SV3290:minimax:r0","incorrect","incorrect","incorrect","incorrect","incorrect","incorrect","abstain"
"SV3290","minimax",1,"SV3290:minimax:r1","incorrect","incorrect","incorrect","incorrect","abstain","incorrect","abstain"
"SV3304","deepseek",0,"SV3304:deepseek:r0","incorrect","incorrect","correct","incorrect","incorrect","correct","correct"
"SV3304","deepseek",1,"SV3304:deepseek:r1","correct","correct","incorrect","correct","correct","correct","correct"
"SV3304","kimi",0,"SV3304:kimi:r0","incorrect","abstain","incorrect","incorrect","incorrect","abstain","abstain"
"SV3304","kimi",1,"SV3304:kimi:r1","incorrect","abstain","incorrect","incorrect","incorrect","incorrect","correct"
"SV3304","minimax",0,"SV3304:minimax:r0","incorrect","incorrect","incorrect","incorrect","incorrect","incorrect","incorrect"
"SV3304","minimax",1,"SV3304:minimax:r1","incorrect","incorrect","incorrect","incorrect","abstain","incorrect","incorrect"
"SV3372","deepseek",0,"SV3372:deepseek:r0","abstain","abstain","abstain","abstain","abstain","abstain","abstain"
"SV3372","deepseek",1,"SV3372:deepseek:r1","abstain","incorrect","abstain","abstain","abstain","abstain","abstain"
"SV3372","kimi",0,"SV3372:kimi:r0","incorrect","abstain","abstain","abstain","abstain","abstain","abstain"
"SV3372","kimi",1,"SV3372:kimi:r1","incorrect","abstain","abstain","abstain","abstain","abstain","abstain"
"SV3372","minimax",0,"SV3372:minimax:r0","abstain","abstain","abstain","incorrect","abstain","correct","abstain"
"SV3372","minimax",1,"SV3372:minimax:r1","abstain","incorrect","incorrect","incorrect","abstain","abstain","abstain"
"SV3442","deepseek",0,"SV3442:deepseek:r0","abstain","abstain","incorrect","incorrect","abstain","abstain","abstain"
"SV3442","deepseek",1,"SV3442:deepseek:r1","abstain","incorrect","incorrect","incorrect","abstain","abstain","abstain"
"SV3442","kimi",0,"SV3442:kimi:r0","incorrect","incorrect","incorrect","incorrect","incorrect","incorrect","incorrect"
"SV3442","kimi",1,"SV3442:kimi:r1","incorrect","abstain","incorrect","incorrect","incorrect","incorrect","incorrect"
"SV3442","minimax",0,"SV3442:minimax:r0","incorrect","incorrect","incorrect","incorrect","incorrect","incorrect","incorrect"
"SV3442","minimax",1,"SV3442:minimax:r1","incorrect","incorrect","incorrect","incorrect","incorrect","incorrect","abstain"
"SV3462","deepseek",0,"SV3462:deepseek:r0","abstain","incorrect","incorrect","abstain","abstain","abstain","abstain"
"SV3462","deepseek",1,"SV3462:deepseek:r1","abstain","abstain","incorrect","incorrect","abstain","correct","abstain"
"SV3462","kimi",0,"SV3462:kimi:r0","abstain","incorrect","incorrect","incorrect","incorrect","abstain","abstain"
"SV3462","kimi",1,"SV3462:kimi:r1","abstain","abstain","incorrect","incorrect","abstain","correct","correct"
"SV3462","minimax",0,"SV3462:minimax:r0","abstain","abstain","incorrect","abstain","abstain","abstain","abstain"
"SV3462","minimax",1,"SV3462:minimax:r1","abstain","abstain","incorrect","abstain","abstain","abstain","abstain"
"SV3488","deepseek",0,"SV3488:deepseek:r0","correct","correct","correct","incorrect","correct","correct","abstain"
"SV3488","deepseek",1,"SV3488:deepseek:r1","incorrect","incorrect","incorrect","incorrect","incorrect","incorrect","incorrect"
"SV3488","kimi",0,"SV3488:kimi:r0","abstain","incorrect","incorrect","abstain","abstain","abstain","abstain"
"SV3488","kimi",1,"SV3488:kimi:r1","incorrect","incorrect","incorrect","incorrect","incorrect","incorrect","incorrect"
"SV3488","minimax",0,"SV3488:minimax:r0","correct","correct","correct","correct","correct","correct","correct"
"SV3488","minimax",1,"SV3488:minimax:r1","abstain","incorrect","incorrect","incorrect","incorrect","correct","correct"
"SV3489","deepseek",0,"SV3489:deepseek:r0","incorrect","abstain","incorrect","incorrect","incorrect","incorrect","incorrect"
"SV3489","deepseek",1,"SV3489:deepseek:r1","incorrect","incorrect","incorrect","incorrect","incorrect","incorrect","incorrect"
"SV3489","kimi",0,"SV3489:kimi:r0","correct","correct","correct","correct","correct","correct","abstain"
"SV3489","kimi",1,"SV3489:kimi:r1","abstain","abstain","incorrect","abstain","abstain","abstain","abstain"
"SV3489","minimax",0,"SV3489:minimax:r0","incorrect","incorrect","incorrect","incorrect","abstain","correct","abstain"
"SV3489","minimax",1,"SV3489:minimax:r1","incorrect","incorrect","incorrect","incorrect","abstain","abstain","incorrect"
"SV3533","deepseek",0,"SV3533:deepseek:r0","incorrect","incorrect","incorrect","incorrect","incorrect","incorrect","incorrect"
"SV3533","deepseek",1,"SV3533:deepseek:r1","incorrect","incorrect","incorrect","incorrect","incorrect","incorrect","incorrect"
"SV3533","kimi",0,"SV3533:kimi:r0","correct","abstain","correct","correct","abstain","abstain","abstain"
"SV3533","kimi",1,"SV3533:kimi:r1","correct","correct","correct","correct","correct","abstain","abstain"
"SV3533","minimax",0,"SV3533:minimax:r0","incorrect","incorrect","incorrect","incorrect","incorrect","incorrect","abstain"
"SV3533","minimax",1,"SV3533:minimax:r1","correct","correct","correct","correct","correct","correct","abstain"
"SV3584","deepseek",0,"SV3584:deepseek:r0","correct","abstain","correct","correct","correct","correct","correct"
"SV3584","deepseek",1,"SV3584:deepseek:r1","correct","abstain","correct","correct","correct","correct","correct"
"SV3584","kimi",0,"SV3584:kimi:r0","incorrect","incorrect","incorrect","abstain","incorrect","correct","correct"
"SV3584","kimi",1,"SV3584:kimi:r1","correct","correct","correct","correct","correct","correct","correct"
"SV3584","minimax",0,"SV3584:minimax:r0","correct","correct","correct","correct","correct","correct","correct"
"SV3584","minimax",1,"SV3584:minimax:r1","incorrect","incorrect","incorrect","correct","abstain","incorrect","correct"
"SV3592","deepseek",0,"SV3592:deepseek:r0","abstain","abstain","abstain","abstain","abstain","correct","correct"
"SV3592","deepseek",1,"SV3592:deepseek:r1","abstain","abstain","incorrect","abstain","abstain","correct","correct"
"SV3592","kimi",0,"SV3592:kimi:r0","incorrect","abstain","incorrect","incorrect","incorrect","incorrect","incorrect"
"SV3592","kimi",1,"SV3592:kimi:r1","incorrect","incorrect","incorrect","incorrect","incorrect","incorrect","incorrect"
"SV3592","minimax",0,"SV3592:minimax:r0","incorrect","incorrect","incorrect","incorrect","incorrect","incorrect","incorrect"
"SV3592","minimax",1,"SV3592:minimax:r1","incorrect","incorrect","incorrect","incorrect","incorrect","incorrect","incorrect"
"SV3593","deepseek",0,"SV3593:deepseek:r0","incorrect","incorrect","incorrect","incorrect","incorrect","incorrect","abstain"
"SV3593","deepseek",1,"SV3593:deepseek:r1","incorrect","incorrect","incorrect","incorrect","incorrect","incorrect","incorrect"
"SV3593","kimi",0,"SV3593:kimi:r0","incorrect","incorrect","incorrect","abstain","abstain","incorrect","correct"
"SV3593","kimi",1,"SV3593:kimi:r1","incorrect","incorrect","incorrect","incorrect","incorrect","incorrect","incorrect"
"SV3593","minimax",0,"SV3593:minimax:r0","incorrect","incorrect","incorrect","incorrect","abstain","correct","incorrect"
"SV3593","minimax",1,"SV3593:minimax:r1","incorrect","incorrect","incorrect","incorrect","abstain","correct","abstain"
"SV3674","deepseek",0,"SV3674:deepseek:r0","correct","correct","correct","correct","correct","correct","correct"
"SV3674","deepseek",1,"SV3674:deepseek:r1","correct","correct","correct","correct","correct","correct","correct"
"SV3674","kimi",0,"SV3674:kimi:r0","incorrect","incorrect","incorrect","incorrect","incorrect","incorrect","correct"
"SV3674","kimi",1,"SV3674:kimi:r1","incorrect","incorrect","incorrect","incorrect","incorrect","correct","incorrect"
"SV3674","minimax",0,"SV3674:minimax:r0","correct","correct","correct","correct","correct","correct","correct"
"SV3674","minimax",1,"SV3674:minimax:r1","incorrect","incorrect","correct","incorrect","correct","incorrect","correct"
"SV3685","deepseek",0,"SV3685:deepseek:r0","incorrect","abstain","incorrect","incorrect","incorrect","incorrect","incorrect"
"SV3685","deepseek",1,"SV3685:deepseek:r1","incorrect","abstain","incorrect","incorrect","incorrect","incorrect","incorrect"
"SV3685","kimi",0,"SV3685:kimi:r0","incorrect","incorrect","incorrect","incorrect","incorrect","incorrect","abstain"
"SV3685","kimi",1,"SV3685:kimi:r1","correct","abstain","correct","correct","correct","correct","correct"
"SV3685","minimax",0,"SV3685:minimax:r0","incorrect","incorrect","incorrect","incorrect","abstain","incorrect","incorrect"
"SV3685","minimax",1,"SV3685:minimax:r1","incorrect","incorrect","incorrect","incorrect","abstain","incorrect","abstain"
"SV3691","deepseek",0,"SV3691:deepseek:r0","abstain","correct","incorrect","incorrect","abstain","correct","abstain"
"SV3691","deepseek",1,"SV3691:deepseek:r1","abstain","incorrect","incorrect","abstain","abstain","correct","abstain"
"SV3691","kimi",0,"SV3691:kimi:r0","incorrect","incorrect","incorrect","incorrect","incorrect","correct","incorrect"
"SV3691","kimi",1,"SV3691:kimi:r1","incorrect","abstain","correct","correct","correct","correct","correct"
"SV3691","minimax",0,"SV3691:minimax:r0","incorrect","incorrect","incorrect","abstain","abstain","correct","correct"
"SV3691","minimax",1,"SV3691:minimax:r1","incorrect","incorrect","incorrect","incorrect","abstain","correct","abstain"
"SV3693","deepseek",0,"SV3693:deepseek:r0","correct","abstain","correct","abstain","correct","correct","abstain"
"SV3693","deepseek",1,"SV3693:deepseek:r1","correct","abstain","correct","correct","correct","correct","abstain"
"SV3693","kimi",0,"SV3693:kimi:r0","incorrect","incorrect","incorrect","incorrect","incorrect","incorrect","incorrect"
"SV3693","kimi",1,"SV3693:kimi:r1","correct","correct","correct","correct","correct","correct","correct"
"SV3693","minimax",0,"SV3693:minimax:r0","correct","correct","correct","incorrect","correct","correct","correct"
"SV3693","minimax",1,"SV3693:minimax:r1","correct","correct","correct","correct","abstain","correct","correct"
"SV3930","deepseek",0,"SV3930:deepseek:r0","incorrect","incorrect","incorrect","incorrect","incorrect","incorrect","incorrect"
"SV3930","deepseek",1,"SV3930:deepseek:r1","incorrect","incorrect","incorrect","incorrect","incorrect","incorrect","incorrect"
"SV3930","kimi",0,"SV3930:kimi:r0","incorrect","incorrect","incorrect","incorrect","incorrect","incorrect","incorrect"
"SV3930","kimi",1,"SV3930:kimi:r1","incorrect","incorrect","incorrect","incorrect","incorrect","incorrect","incorrect"
"SV3930","minimax",0,"SV3930:minimax:r0","incorrect","incorrect","incorrect","incorrect","abstain","incorrect","abstain"
"SV3930","minimax",1,"SV3930:minimax:r1","incorrect","incorrect","incorrect","incorrect","abstain","incorrect","abstain"
"SV3961","deepseek",0,"SV3961:deepseek:r0","abstain","incorrect","incorrect","incorrect","abstain","correct","abstain"
"SV3961","deepseek",1,"SV3961:deepseek:r1","abstain","incorrect","incorrect","abstain","abstain","correct","abstain"
"SV3961","kimi",0,"SV3961:kimi:r0","incorrect","abstain","incorrect","incorrect","abstain","abstain","abstain"
"SV3961","kimi",1,"SV3961:kimi:r1","abstain","incorrect","abstain","abstain","abstain","abstain","abstain"
"SV3961","minimax",0,"SV3961:minimax:r0","incorrect","abstain","incorrect","incorrect","abstain","abstain","abstain"
"SV3961","minimax",1,"SV3961:minimax:r1","abstain","abstain","incorrect","incorrect","incorrect","correct","abstain"
"SV3974","deepseek",0,"SV3974:deepseek:r0","abstain","incorrect","incorrect","abstain","abstain","correct","abstain"
"SV3974","deepseek",1,"SV3974:deepseek:r1","abstain","incorrect","incorrect","abstain","abstain","correct","abstain"
"SV3974","kimi",0,"SV3974:kimi:r0","incorrect","incorrect","incorrect","incorrect","incorrect","incorrect","incorrect"
"SV3974","kimi",1,"SV3974:kimi:r1","incorrect","abstain","incorrect","incorrect","incorrect","incorrect","abstain"
"SV3974","minimax",0,"SV3974:minimax:r0","abstain","abstain","incorrect","abstain","incorrect","correct","abstain"
"SV3974","minimax",1,"SV3974:minimax:r1","abstain","abstain","incorrect","abstain","abstain","correct","abstain"
"SV4021","deepseek",0,"SV4021:deepseek:r0","incorrect","incorrect","incorrect","incorrect","incorrect","incorrect","incorrect"
"SV4021","deepseek",1,"SV4021:deepseek:r1","incorrect","abstain","incorrect","incorrect","incorrect","incorrect","incorrect"
"SV4021","kimi",0,"SV4021:kimi:r0","incorrect","incorrect","incorrect","incorrect","incorrect","incorrect","incorrect"
"SV4021","kimi",1,"SV4021:kimi:r1","incorrect","incorrect","incorrect","incorrect","incorrect","incorrect","abstain"
"SV4021","minimax",0,"SV4021:minimax:r0","incorrect","incorrect","incorrect","incorrect","incorrect","incorrect","incorrect"
"SV4021","minimax",1,"SV4021:minimax:r1","incorrect","incorrect","incorrect","incorrect","incorrect","incorrect","incorrect"
"SV4076","deepseek",0,"SV4076:deepseek:r0","abstain","incorrect","incorrect","incorrect","incorrect","correct","abstain"
"SV4076","deepseek",1,"SV4076:deepseek:r1","abstain","correct","incorrect","incorrect","abstain","correct","abstain"
"SV4076","kimi",0,"SV4076:kimi:r0","abstain","abstain","abstain","abstain","abstain","abstain","abstain"
"SV4076","kimi",1,"SV4076:kimi:r1","abstain","abstain","incorrect","abstain","abstain","abstain","abstain"
"SV4076","minimax",0,"SV4076:minimax:r0","incorrect","incorrect","incorrect","incorrect","incorrect","correct","abstain"
"SV4076","minimax",1,"SV4076:minimax:r1","incorrect","incorrect","incorrect","incorrect","incorrect","correct","abstain"
"SV4086","deepseek",0,"SV4086:deepseek:r0","correct","correct","correct","correct","correct","correct","correct"
"SV4086","deepseek",1,"SV4086:deepseek:r1","correct","correct","correct","correct","correct","correct","correct"
"SV4086","kimi",0,"SV4086:kimi:r0","correct","correct","correct","correct","correct","correct","correct"
"SV4086","kimi",1,"SV4086:kimi:r1","correct","correct","correct","correct","correct","correct","correct"
"SV4086","minimax",0,"SV4086:minimax:r0","incorrect","incorrect","incorrect","incorrect","incorrect","incorrect","incorrect"
"SV4086","minimax",1,"SV4086:minimax:r1","incorrect","incorrect","incorrect","incorrect","incorrect","incorrect","incorrect"
"SV4215","deepseek",0,"SV4215:deepseek:r0","correct","correct","correct","correct","correct","correct","correct"
"SV4215","deepseek",1,"SV4215:deepseek:r1","correct","correct","correct","correct","correct","correct","correct"
"SV4215","kimi",0,"SV4215:kimi:r0","correct","correct","correct","correct","correct","correct","correct"
"SV4215","kimi",1,"SV4215:kimi:r1","incorrect","incorrect","incorrect","incorrect","incorrect","correct","correct"
"SV4215","minimax",0,"SV4215:minimax:r0","correct","correct","correct","correct","abstain","correct","correct"
"SV4215","minimax",1,"SV4215:minimax:r1","incorrect","incorrect","incorrect","incorrect","abstain","correct","correct"
"SV4222","deepseek",0,"SV4222:deepseek:r0","abstain","incorrect","incorrect","abstain","abstain","correct","abstain"
"SV4222","deepseek",1,"SV4222:deepseek:r1","abstain","incorrect","incorrect","abstain","abstain","abstain","abstain"
"SV4222","kimi",0,"SV4222:kimi:r0","abstain","abstain","incorrect","abstain","abstain","abstain","abstain"
"SV4222","kimi",1,"SV4222:kimi:r1","abstain","abstain","abstain","abstain","abstain","abstain","abstain"
"SV4222","minimax",0,"SV4222:minimax:r0","abstain","incorrect","incorrect","incorrect","abstain","correct","correct"
"SV4222","minimax",1,"SV4222:minimax:r1","abstain","abstain","incorrect","incorrect","abstain","correct","correct"
"SV4257","deepseek",0,"SV4257:deepseek:r0","correct","correct","correct","correct","correct","correct","correct"
"SV4257","deepseek",1,"SV4257:deepseek:r1","correct","correct","correct","correct","correct","correct","correct"
"SV4257","kimi",0,"SV4257:kimi:r0","correct","incorrect","correct","correct","correct","incorrect","incorrect"
"SV4257","kimi",1,"SV4257:kimi:r1","correct","incorrect","correct","correct","correct","incorrect","incorrect"
"SV4257","minimax",0,"SV4257:minimax:r0","incorrect","incorrect","incorrect","incorrect","incorrect","incorrect","incorrect"
"SV4257","minimax",1,"SV4257:minimax:r1","incorrect","incorrect","incorrect","incorrect","incorrect","incorrect","incorrect"
"SV4261","deepseek",0,"SV4261:deepseek:r0","abstain","incorrect","incorrect","abstain","abstain","correct","correct"
"SV4261","deepseek",1,"SV4261:deepseek:r1","abstain","incorrect","incorrect","abstain","abstain","abstain","abstain"
"SV4261","kimi",0,"SV4261:kimi:r0","correct","correct","correct","correct","correct","correct","correct"
"SV4261","kimi",1,"SV4261:kimi:r1","correct","correct","correct","correct","correct","correct","correct"
"SV4261","minimax",0,"SV4261:minimax:r0","incorrect","incorrect","incorrect","incorrect","abstain","incorrect","incorrect"
"SV4261","minimax",1,"SV4261:minimax:r1","incorrect","incorrect","incorrect","incorrect","incorrect","incorrect","abstain"
"SV4277","deepseek",0,"SV4277:deepseek:r0","correct","abstain","correct","correct","abstain","correct","abstain"
"SV4277","deepseek",1,"SV4277:deepseek:r1","correct","abstain","correct","correct","correct","correct","abstain"
"SV4277","kimi",0,"SV4277:kimi:r0","correct","abstain","correct","correct","correct","correct","abstain"
"SV4277","kimi",1,"SV4277:kimi:r1","correct","abstain","correct","correct","correct","correct","abstain"
"SV4277","minimax",0,"SV4277:minimax:r0","incorrect","incorrect","incorrect","incorrect","incorrect","incorrect","incorrect"
"SV4277","minimax",1,"SV4277:minimax:r1","incorrect","correct","incorrect","incorrect","abstain","incorrect","incorrect"
"SV4283","deepseek",0,"SV4283:deepseek:r0","correct","correct","correct","correct","correct","correct","correct"
"SV4283","deepseek",1,"SV4283:deepseek:r1","correct","correct","correct","correct","correct","correct","correct"
"SV4283","kimi",0,"SV4283:kimi:r0","abstain","abstain","incorrect","abstain","abstain","abstain","abstain"
"SV4283","kimi",1,"SV4283:kimi:r1","incorrect","abstain","incorrect","incorrect","incorrect","incorrect","incorrect"
"SV4283","minimax",0,"SV4283:minimax:r0","incorrect","incorrect","incorrect","incorrect","incorrect","incorrect","abstain"
"SV4283","minimax",1,"SV4283:minimax:r1","incorrect","incorrect","incorrect","incorrect","abstain","correct","incorrect"
