"provider","condition","calls","input_tokens","output_tokens","cost_guard_cny","median_latency_seconds"
"deepseek","baseline",240,26172,12901,1.16849,1.3446583126206
"deepseek","C0",240,42913,13017,1.50911,1.30147345806472
"deepseek","C1",240,45933,14486,1.64296,1.40128212503623
"deepseek","C2",240,62825,15941,2.05355,1.46472056256607
"deepseek","C3",240,79145,17916,2.4787,1.59201635397039
"deepseek","C4",240,63137,14830,2.00424,1.41063685400877
"deepseek","C5",240,79457,17726,2.47544,1.599626312498
"kimi","baseline",240,27916,14994,1.30802,1.37995091651101
"kimi","C0",240,47470,14965,1.69765,1.32834550051484
"kimi","C1",240,50490,17151,1.86735,1.49565916659776
"kimi","C2",240,65700,17987,2.21335,1.57347831246443
"kimi","C3",240,82020,21744,2.7276,1.81163814559113
"kimi","C4",240,66098,17642,2.20406,1.5831102716038
"kimi","C5",240,82418,21364,2.71656,1.79684574983548
"minimax","baseline",239,62265,11871,0,2.8723085410893
"minimax","C0",239,79394,12701,0,2.80990625009872
"minimax","C1",239,82402,13787,0,2.86737795895897
"minimax","C2",239,96679,14300,0,2.89701329194941
"minimax","C3",239,112453,17023,0,3.11734816594981
"minimax","C4",239,97177,14236,0,2.89869145909324
"minimax","C5",239,112951,17033,0,3.19744566595182
"pooled","baseline",719,116353,39766,2.47651,1.56242633308284
"pooled","C0",719,169777,40683,3.20676,1.48836658312939
"pooled","C1",719,178825,45424,3.51031,1.66109066689387
"pooled","C2",719,225204,48228,4.2669,1.69355579186231
"pooled","C3",719,273618,56683,5.2063,1.89279720792547
"pooled","C4",719,226412,46708,4.2083,1.66038504103199
"pooled","C5",719,274826,56123,5.192,1.89008162496611
