"id","question_id","domain","family","provider","donor","repeat_id","condition","baseline_id","donor_id","phase","mechanism_selected","order","recovery_reason","original_status","original_stop_reason"
"two_math:CHAMP:P_Sequence_40:deepseek:r1:neutral_initial","CHAMP:P_Sequence_40","math","Sequence","deepseek","",1,"neutral_initial","","",1,FALSE,5,"technical_failure_or_truncation","incomplete","max_tokens"
"two_math:CHAMP:P_Combinatorics_20:minimax:r2:neutral_initial","CHAMP:P_Combinatorics_20","math","Combinatorics","minimax","",2,"neutral_initial","","",1,FALSE,11,"technical_failure_or_truncation","incomplete","max_tokens"
"two_math:CHAMP:P_Sequence_40:minimax:r1:neutral_initial","CHAMP:P_Sequence_40","math","Sequence","minimax","",1,"neutral_initial","","",1,FALSE,28,"technical_failure_or_truncation","incomplete","max_tokens"
"two_math:CHAMP:P_Inequality_8:deepseek:r1:neutral_initial","CHAMP:P_Inequality_8","math","Inequality","deepseek","",1,"neutral_initial","","",1,FALSE,38,"technical_failure_or_truncation","incomplete","max_tokens"
"two_math:CHAMP:P_Inequality_15:minimax:r2:neutral_initial","CHAMP:P_Inequality_15","math","Inequality","minimax","",2,"neutral_initial","","",1,TRUE,41,"technical_failure_or_truncation","incomplete","max_tokens"
"two_math:CHAMP:P_Combinatorics_40:minimax:r2:neutral_initial","CHAMP:P_Combinatorics_40","math","Combinatorics","minimax","",2,"neutral_initial","","",1,FALSE,42,"technical_failure_or_truncation","transport_error",""
"two_math:CHAMP:P_Combinatorics_18:minimax:r2:neutral_initial","CHAMP:P_Combinatorics_18","math","Combinatorics","minimax","",2,"neutral_initial","","",1,TRUE,43,"technical_failure_or_truncation","transport_error",""
"two_math:CHAMP:P_Inequality_26:minimax:r2:neutral_initial","CHAMP:P_Inequality_26","math","Inequality","minimax","",2,"neutral_initial","","",1,FALSE,66,"technical_failure_or_truncation","incomplete","max_tokens"
"two_math:CHAMP:P_Number-Theory_12:minimax:r1:neutral_initial","CHAMP:P_Number-Theory_12","math","Number-Theory","minimax","",1,"neutral_initial","","",1,FALSE,68,"technical_failure_or_truncation","transport_error",""
"two_math:CHAMP:P_Number-Theory_42:deepseek:r1:neutral_initial","CHAMP:P_Number-Theory_42","math","Number-Theory","deepseek","",1,"neutral_initial","","",1,FALSE,81,"technical_failure_or_truncation","incomplete","max_tokens"
"two_math:CHAMP:P_Polynomial_17:deepseek:r2:neutral_initial","CHAMP:P_Polynomial_17","math","Polynomial","deepseek","",2,"neutral_initial","","",1,FALSE,100,"technical_failure_or_truncation","incomplete","max_tokens"
"two_math:CHAMP:P_Sequence_28:minimax:r1:neutral_initial","CHAMP:P_Sequence_28","math","Sequence","minimax","",1,"neutral_initial","","",1,TRUE,120,"technical_failure_or_truncation","transport_error",""
"two_math:CHAMP:P_Sequence_21:minimax:r1:neutral_initial","CHAMP:P_Sequence_21","math","Sequence","minimax","",1,"neutral_initial","","",1,FALSE,148,"technical_failure_or_truncation","transport_error",""
"two_math:CHAMP:P_Sequence_19:deepseek:r1:neutral_initial","CHAMP:P_Sequence_19","math","Sequence","deepseek","",1,"neutral_initial","","",1,FALSE,151,"technical_failure_or_truncation","incomplete","max_tokens"
"two_math:CHAMP:P_Combinatorics_20:deepseek:r2:neutral_initial","CHAMP:P_Combinatorics_20","math","Combinatorics","deepseek","",2,"neutral_initial","","",1,FALSE,155,"technical_failure_or_truncation","incomplete","max_tokens"
"two_math:CHAMP:P_Combinatorics_20:minimax:r1:neutral_initial","CHAMP:P_Combinatorics_20","math","Combinatorics","minimax","",1,"neutral_initial","","",1,FALSE,159,"technical_failure_or_truncation","incomplete","max_tokens"
"two_math:CHAMP:P_Sequence_21:deepseek:r1:A0_AI","CHAMP:P_Sequence_21","math","Sequence","deepseek","minimax",1,"A0_AI","two_math:CHAMP:P_Sequence_21:deepseek:r1:neutral_initial","two_math:CHAMP:P_Sequence_21:minimax:r1:neutral_initial",2,FALSE,169,"dependency_skipped","dependency_skipped",""
"two_math:CHAMP:P_Sequence_19:minimax:r2:A0_AI","CHAMP:P_Sequence_19","math","Sequence","minimax","deepseek",2,"A0_AI","two_math:CHAMP:P_Sequence_19:minimax:r2:neutral_initial","two_math:CHAMP:P_Sequence_19:deepseek:r2:neutral_initial",2,FALSE,175,"technical_failure_or_truncation","incomplete","max_tokens"
"two_math:CHAMP:P_Polynomial_47:minimax:r1:A0_AI","CHAMP:P_Polynomial_47","math","Polynomial","minimax","deepseek",1,"A0_AI","two_math:CHAMP:P_Polynomial_47:minimax:r1:neutral_initial","two_math:CHAMP:P_Polynomial_47:deepseek:r1:neutral_initial",2,TRUE,176,"technical_failure_or_truncation","transport_error",""
"two_math:CHAMP:P_Number-Theory_67:minimax:r2:self_check","CHAMP:P_Number-Theory_67","math","Number-Theory","minimax","",2,"self_check","two_math:CHAMP:P_Number-Theory_67:minimax:r2:neutral_initial","",2,TRUE,177,"technical_failure_or_truncation","transport_error",""
"two_math:CHAMP:P_Combinatorics_20:minimax:r1:self_check","CHAMP:P_Combinatorics_20","math","Combinatorics","minimax","",1,"self_check","two_math:CHAMP:P_Combinatorics_20:minimax:r1:neutral_initial","",2,FALSE,187,"dependency_skipped","dependency_skipped",""
"two_math:CHAMP:P_Combinatorics_40:minimax:r2:A0_AI","CHAMP:P_Combinatorics_40","math","Combinatorics","minimax","deepseek",2,"A0_AI","two_math:CHAMP:P_Combinatorics_40:minimax:r2:neutral_initial","two_math:CHAMP:P_Combinatorics_40:deepseek:r2:neutral_initial",2,FALSE,201,"dependency_skipped","dependency_skipped",""
"two_math:CHAMP:P_Sequence_19:minimax:r1:A0_AI","CHAMP:P_Sequence_19","math","Sequence","minimax","deepseek",1,"A0_AI","two_math:CHAMP:P_Sequence_19:minimax:r1:neutral_initial","two_math:CHAMP:P_Sequence_19:deepseek:r1:neutral_initial",2,FALSE,213,"dependency_skipped","dependency_skipped",""
"two_math:CHAMP:P_Sequence_21:minimax:r1:self_check","CHAMP:P_Sequence_21","math","Sequence","minimax","",1,"self_check","two_math:CHAMP:P_Sequence_21:minimax:r1:neutral_initial","",2,FALSE,216,"dependency_skipped","dependency_skipped",""
"two_math:CHAMP:P_Inequality_8:minimax:r1:A0_AI","CHAMP:P_Inequality_8","math","Inequality","minimax","deepseek",1,"A0_AI","two_math:CHAMP:P_Inequality_8:minimax:r1:neutral_initial","two_math:CHAMP:P_Inequality_8:deepseek:r1:neutral_initial",2,FALSE,224,"dependency_skipped","dependency_skipped",""
"two_math:CHAMP:P_Polynomial_11:minimax:r2:self_check","CHAMP:P_Polynomial_11","math","Polynomial","minimax","",2,"self_check","two_math:CHAMP:P_Polynomial_11:minimax:r2:neutral_initial","",2,FALSE,233,"technical_failure_or_truncation","incomplete","max_tokens"
"two_math:CHAMP:P_Polynomial_17:minimax:r2:A0_AI","CHAMP:P_Polynomial_17","math","Polynomial","minimax","deepseek",2,"A0_AI","two_math:CHAMP:P_Polynomial_17:minimax:r2:neutral_initial","two_math:CHAMP:P_Polynomial_17:deepseek:r2:neutral_initial",2,FALSE,237,"dependency_skipped","dependency_skipped",""
"two_math:CHAMP:P_Sequence_40:minimax:r1:self_check","CHAMP:P_Sequence_40","math","Sequence","minimax","",1,"self_check","two_math:CHAMP:P_Sequence_40:minimax:r1:neutral_initial","",2,FALSE,238,"dependency_skipped","dependency_skipped",""
"two_math:CHAMP:P_Combinatorics_20:minimax:r2:A0_AI","CHAMP:P_Combinatorics_20","math","Combinatorics","minimax","deepseek",2,"A0_AI","two_math:CHAMP:P_Combinatorics_20:minimax:r2:neutral_initial","two_math:CHAMP:P_Combinatorics_20:deepseek:r2:neutral_initial",2,FALSE,240,"dependency_skipped","dependency_skipped",""
"two_math:CHAMP:P_Number-Theory_42:deepseek:r1:self_check","CHAMP:P_Number-Theory_42","math","Number-Theory","deepseek","",1,"self_check","two_math:CHAMP:P_Number-Theory_42:deepseek:r1:neutral_initial","",2,FALSE,247,"dependency_skipped","dependency_skipped",""
"two_math:CHAMP:P_Number-Theory_42:minimax:r1:A0_AI","CHAMP:P_Number-Theory_42","math","Number-Theory","minimax","deepseek",1,"A0_AI","two_math:CHAMP:P_Number-Theory_42:minimax:r1:neutral_initial","two_math:CHAMP:P_Number-Theory_42:deepseek:r1:neutral_initial",2,FALSE,258,"dependency_skipped","dependency_skipped",""
"two_math:CHAMP:P_Combinatorics_20:deepseek:r2:self_check","CHAMP:P_Combinatorics_20","math","Combinatorics","deepseek","",2,"self_check","two_math:CHAMP:P_Combinatorics_20:deepseek:r2:neutral_initial","",2,FALSE,259,"dependency_skipped","dependency_skipped",""
"two_math:CHAMP:P_Sequence_40:minimax:r2:A0_AI","CHAMP:P_Sequence_40","math","Sequence","minimax","deepseek",2,"A0_AI","two_math:CHAMP:P_Sequence_40:minimax:r2:neutral_initial","two_math:CHAMP:P_Sequence_40:deepseek:r2:neutral_initial",2,FALSE,261,"technical_failure_or_truncation","incomplete","max_tokens"
"two_math:CHAMP:P_Polynomial_24:minimax:r2:A0_AI","CHAMP:P_Polynomial_24","math","Polynomial","minimax","deepseek",2,"A0_AI","two_math:CHAMP:P_Polynomial_24:minimax:r2:neutral_initial","two_math:CHAMP:P_Polynomial_24:deepseek:r2:neutral_initial",2,FALSE,262,"technical_failure_or_truncation","transport_error",""
"two_math:CHAMP:P_Number-Theory_12:deepseek:r1:A0_AI","CHAMP:P_Number-Theory_12","math","Number-Theory","deepseek","minimax",1,"A0_AI","two_math:CHAMP:P_Number-Theory_12:deepseek:r1:neutral_initial","two_math:CHAMP:P_Number-Theory_12:minimax:r1:neutral_initial",2,FALSE,263,"dependency_skipped","dependency_skipped",""
"two_math:CHAMP:P_Inequality_26:minimax:r2:self_check","CHAMP:P_Inequality_26","math","Inequality","minimax","",2,"self_check","two_math:CHAMP:P_Inequality_26:minimax:r2:neutral_initial","",2,FALSE,265,"dependency_skipped","dependency_skipped",""
"two_math:CHAMP:P_Inequality_8:deepseek:r1:self_check","CHAMP:P_Inequality_8","math","Inequality","deepseek","",1,"self_check","two_math:CHAMP:P_Inequality_8:deepseek:r1:neutral_initial","",2,FALSE,267,"dependency_skipped","dependency_skipped",""
"two_math:CHAMP:P_Sequence_40:deepseek:r1:self_check","CHAMP:P_Sequence_40","math","Sequence","deepseek","",1,"self_check","two_math:CHAMP:P_Sequence_40:deepseek:r1:neutral_initial","",2,FALSE,277,"dependency_skipped","dependency_skipped",""
"two_math:CHAMP:P_Combinatorics_40:deepseek:r2:A0_AI","CHAMP:P_Combinatorics_40","math","Combinatorics","deepseek","minimax",2,"A0_AI","two_math:CHAMP:P_Combinatorics_40:deepseek:r2:neutral_initial","two_math:CHAMP:P_Combinatorics_40:minimax:r2:neutral_initial",2,FALSE,282,"dependency_skipped","dependency_skipped",""
"two_math:CHAMP:P_Number-Theory_42:deepseek:r1:A0_AI","CHAMP:P_Number-Theory_42","math","Number-Theory","deepseek","minimax",1,"A0_AI","two_math:CHAMP:P_Number-Theory_42:deepseek:r1:neutral_initial","two_math:CHAMP:P_Number-Theory_42:minimax:r1:neutral_initial",2,FALSE,286,"dependency_skipped","dependency_skipped",""
"two_math:CHAMP:P_Sequence_28:minimax:r1:A0_AI","CHAMP:P_Sequence_28","math","Sequence","minimax","deepseek",1,"A0_AI","two_math:CHAMP:P_Sequence_28:minimax:r1:neutral_initial","two_math:CHAMP:P_Sequence_28:deepseek:r1:neutral_initial",2,TRUE,289,"dependency_skipped","dependency_skipped",""
"two_math:CHAMP:P_Number-Theory_12:minimax:r1:A0_AI","CHAMP:P_Number-Theory_12","math","Number-Theory","minimax","deepseek",1,"A0_AI","two_math:CHAMP:P_Number-Theory_12:minimax:r1:neutral_initial","two_math:CHAMP:P_Number-Theory_12:deepseek:r1:neutral_initial",2,FALSE,309,"dependency_skipped","dependency_skipped",""
"two_math:CHAMP:P_Sequence_19:deepseek:r1:A0_AI","CHAMP:P_Sequence_19","math","Sequence","deepseek","minimax",1,"A0_AI","two_math:CHAMP:P_Sequence_19:deepseek:r1:neutral_initial","two_math:CHAMP:P_Sequence_19:minimax:r1:neutral_initial",2,FALSE,311,"dependency_skipped","dependency_skipped",""
"two_math:CHAMP:P_Sequence_40:minimax:r1:A0_AI","CHAMP:P_Sequence_40","math","Sequence","minimax","deepseek",1,"A0_AI","two_math:CHAMP:P_Sequence_40:minimax:r1:neutral_initial","two_math:CHAMP:P_Sequence_40:deepseek:r1:neutral_initial",2,FALSE,320,"dependency_skipped","dependency_skipped",""
"two_math:CHAMP:P_Number-Theory_12:minimax:r1:self_check","CHAMP:P_Number-Theory_12","math","Number-Theory","minimax","",1,"self_check","two_math:CHAMP:P_Number-Theory_12:minimax:r1:neutral_initial","",2,FALSE,323,"dependency_skipped","dependency_skipped",""
"two_math:CHAMP:P_Sequence_19:deepseek:r2:A0_AI","CHAMP:P_Sequence_19","math","Sequence","deepseek","minimax",2,"A0_AI","two_math:CHAMP:P_Sequence_19:deepseek:r2:neutral_initial","two_math:CHAMP:P_Sequence_19:minimax:r2:neutral_initial",2,FALSE,335,"technical_failure_or_truncation","incomplete","max_tokens"
"two_math:CHAMP:P_Sequence_21:minimax:r1:A0_AI","CHAMP:P_Sequence_21","math","Sequence","minimax","deepseek",1,"A0_AI","two_math:CHAMP:P_Sequence_21:minimax:r1:neutral_initial","two_math:CHAMP:P_Sequence_21:deepseek:r1:neutral_initial",2,FALSE,336,"dependency_skipped","dependency_skipped",""
"two_math:CHAMP:P_Polynomial_17:deepseek:r2:self_check","CHAMP:P_Polynomial_17","math","Polynomial","deepseek","",2,"self_check","two_math:CHAMP:P_Polynomial_17:deepseek:r2:neutral_initial","",2,FALSE,339,"dependency_skipped","dependency_skipped",""
"two_math:CHAMP:P_Combinatorics_40:minimax:r2:self_check","CHAMP:P_Combinatorics_40","math","Combinatorics","minimax","",2,"self_check","two_math:CHAMP:P_Combinatorics_40:minimax:r2:neutral_initial","",2,FALSE,348,"dependency_skipped","dependency_skipped",""
"two_math:CHAMP:P_Sequence_40:deepseek:r2:A0_AI","CHAMP:P_Sequence_40","math","Sequence","deepseek","minimax",2,"A0_AI","two_math:CHAMP:P_Sequence_40:deepseek:r2:neutral_initial","two_math:CHAMP:P_Sequence_40:minimax:r2:neutral_initial",2,FALSE,349,"technical_failure_or_truncation","incomplete","max_tokens"
"two_math:CHAMP:P_Inequality_8:deepseek:r1:A0_AI","CHAMP:P_Inequality_8","math","Inequality","deepseek","minimax",1,"A0_AI","two_math:CHAMP:P_Inequality_8:deepseek:r1:neutral_initial","two_math:CHAMP:P_Inequality_8:minimax:r1:neutral_initial",2,FALSE,354,"dependency_skipped","dependency_skipped",""
"two_math:CHAMP:P_Inequality_15:minimax:r2:self_check","CHAMP:P_Inequality_15","math","Inequality","minimax","",2,"self_check","two_math:CHAMP:P_Inequality_15:minimax:r2:neutral_initial","",2,TRUE,362,"dependency_skipped","dependency_skipped",""
"two_math:CHAMP:P_Combinatorics_20:deepseek:r1:A0_AI","CHAMP:P_Combinatorics_20","math","Combinatorics","deepseek","minimax",1,"A0_AI","two_math:CHAMP:P_Combinatorics_20:deepseek:r1:neutral_initial","two_math:CHAMP:P_Combinatorics_20:minimax:r1:neutral_initial",2,FALSE,364,"dependency_skipped","dependency_skipped",""
"two_math:CHAMP:P_Sequence_28:deepseek:r1:A0_AI","CHAMP:P_Sequence_28","math","Sequence","deepseek","minimax",1,"A0_AI","two_math:CHAMP:P_Sequence_28:deepseek:r1:neutral_initial","two_math:CHAMP:P_Sequence_28:minimax:r1:neutral_initial",2,TRUE,368,"dependency_skipped","dependency_skipped",""
"two_math:CHAMP:P_Combinatorics_20:deepseek:r2:A0_AI","CHAMP:P_Combinatorics_20","math","Combinatorics","deepseek","minimax",2,"A0_AI","two_math:CHAMP:P_Combinatorics_20:deepseek:r2:neutral_initial","two_math:CHAMP:P_Combinatorics_20:minimax:r2:neutral_initial",2,FALSE,371,"dependency_skipped","dependency_skipped",""
"two_math:CHAMP:P_Inequality_26:deepseek:r2:A0_AI","CHAMP:P_Inequality_26","math","Inequality","deepseek","minimax",2,"A0_AI","two_math:CHAMP:P_Inequality_26:deepseek:r2:neutral_initial","two_math:CHAMP:P_Inequality_26:minimax:r2:neutral_initial",2,FALSE,372,"dependency_skipped","dependency_skipped",""
"two_math:CHAMP:P_Inequality_15:deepseek:r2:A0_AI","CHAMP:P_Inequality_15","math","Inequality","deepseek","minimax",2,"A0_AI","two_math:CHAMP:P_Inequality_15:deepseek:r2:neutral_initial","two_math:CHAMP:P_Inequality_15:minimax:r2:neutral_initial",2,TRUE,373,"dependency_skipped","dependency_skipped",""
"two_math:CHAMP:P_Combinatorics_18:minimax:r2:A0_AI","CHAMP:P_Combinatorics_18","math","Combinatorics","minimax","deepseek",2,"A0_AI","two_math:CHAMP:P_Combinatorics_18:minimax:r2:neutral_initial","two_math:CHAMP:P_Combinatorics_18:deepseek:r2:neutral_initial",2,TRUE,388,"dependency_skipped","dependency_skipped",""
"two_math:CHAMP:P_Combinatorics_18:minimax:r1:self_check","CHAMP:P_Combinatorics_18","math","Combinatorics","minimax","",1,"self_check","two_math:CHAMP:P_Combinatorics_18:minimax:r1:neutral_initial","",2,TRUE,391,"technical_failure_or_truncation","transport_error",""
"two_math:CHAMP:P_Sequence_28:minimax:r1:self_check","CHAMP:P_Sequence_28","math","Sequence","minimax","",1,"self_check","two_math:CHAMP:P_Sequence_28:minimax:r1:neutral_initial","",2,TRUE,392,"dependency_skipped","dependency_skipped",""
"two_math:CHAMP:P_Polynomial_17:deepseek:r2:A0_AI","CHAMP:P_Polynomial_17","math","Polynomial","deepseek","minimax",2,"A0_AI","two_math:CHAMP:P_Polynomial_17:deepseek:r2:neutral_initial","two_math:CHAMP:P_Polynomial_17:minimax:r2:neutral_initial",2,FALSE,393,"dependency_skipped","dependency_skipped",""
"two_math:CHAMP:P_Combinatorics_7:minimax:r2:A0_AI","CHAMP:P_Combinatorics_7","math","Combinatorics","minimax","deepseek",2,"A0_AI","two_math:CHAMP:P_Combinatorics_7:minimax:r2:neutral_initial","two_math:CHAMP:P_Combinatorics_7:deepseek:r2:neutral_initial",2,FALSE,400,"technical_failure_or_truncation","transport_error",""
"two_math:CHAMP:P_Number-Theory_27:minimax:r2:self_check","CHAMP:P_Number-Theory_27","math","Number-Theory","minimax","",2,"self_check","two_math:CHAMP:P_Number-Theory_27:minimax:r2:neutral_initial","",2,TRUE,408,"technical_failure_or_truncation","interrupted_unknown",""
"two_math:CHAMP:P_Inequality_15:minimax:r2:A0_AI","CHAMP:P_Inequality_15","math","Inequality","minimax","deepseek",2,"A0_AI","two_math:CHAMP:P_Inequality_15:minimax:r2:neutral_initial","two_math:CHAMP:P_Inequality_15:deepseek:r2:neutral_initial",2,TRUE,409,"dependency_skipped","dependency_skipped",""
"two_math:CHAMP:P_Inequality_49:minimax:r2:A0_AI","CHAMP:P_Inequality_49","math","Inequality","minimax","deepseek",2,"A0_AI","two_math:CHAMP:P_Inequality_49:minimax:r2:neutral_initial","two_math:CHAMP:P_Inequality_49:deepseek:r2:neutral_initial",2,FALSE,410,"technical_failure_or_truncation","interrupted_unknown",""
"two_math:CHAMP:P_Combinatorics_21:minimax:r1:self_check","CHAMP:P_Combinatorics_21","math","Combinatorics","minimax","",1,"self_check","two_math:CHAMP:P_Combinatorics_21:minimax:r1:neutral_initial","",2,FALSE,414,"technical_failure_or_truncation","transport_error",""
"two_math:CHAMP:P_Combinatorics_18:deepseek:r2:A0_AI","CHAMP:P_Combinatorics_18","math","Combinatorics","deepseek","minimax",2,"A0_AI","two_math:CHAMP:P_Combinatorics_18:deepseek:r2:neutral_initial","two_math:CHAMP:P_Combinatorics_18:minimax:r2:neutral_initial",2,TRUE,415,"dependency_skipped","dependency_skipped",""
"two_math:CHAMP:P_Combinatorics_18:minimax:r2:self_check","CHAMP:P_Combinatorics_18","math","Combinatorics","minimax","",2,"self_check","two_math:CHAMP:P_Combinatorics_18:minimax:r2:neutral_initial","",2,TRUE,416,"dependency_skipped","dependency_skipped",""
"two_math:CHAMP:P_Inequality_26:minimax:r2:A0_AI","CHAMP:P_Inequality_26","math","Inequality","minimax","deepseek",2,"A0_AI","two_math:CHAMP:P_Inequality_26:minimax:r2:neutral_initial","two_math:CHAMP:P_Inequality_26:deepseek:r2:neutral_initial",2,FALSE,438,"dependency_skipped","dependency_skipped",""
"two_math:CHAMP:P_Sequence_19:deepseek:r1:self_check","CHAMP:P_Sequence_19","math","Sequence","deepseek","",1,"self_check","two_math:CHAMP:P_Sequence_19:deepseek:r1:neutral_initial","",2,FALSE,439,"dependency_skipped","dependency_skipped",""
"two_math:CHAMP:P_Combinatorics_21:minimax:r1:A0_AI","CHAMP:P_Combinatorics_21","math","Combinatorics","minimax","deepseek",1,"A0_AI","two_math:CHAMP:P_Combinatorics_21:minimax:r1:neutral_initial","two_math:CHAMP:P_Combinatorics_21:deepseek:r1:neutral_initial",2,FALSE,450,"technical_failure_or_truncation","transport_error",""
"two_math:CHAMP:P_Combinatorics_20:minimax:r1:A0_AI","CHAMP:P_Combinatorics_20","math","Combinatorics","minimax","deepseek",1,"A0_AI","two_math:CHAMP:P_Combinatorics_20:minimax:r1:neutral_initial","two_math:CHAMP:P_Combinatorics_20:deepseek:r1:neutral_initial",2,FALSE,451,"dependency_skipped","dependency_skipped",""
"two_math:CHAMP:P_Combinatorics_20:minimax:r2:self_check","CHAMP:P_Combinatorics_20","math","Combinatorics","minimax","",2,"self_check","two_math:CHAMP:P_Combinatorics_20:minimax:r2:neutral_initial","",2,FALSE,455,"dependency_skipped","dependency_skipped",""
"two_math:CHAMP:P_Polynomial_24:minimax:r1:self_check","CHAMP:P_Polynomial_24","math","Polynomial","minimax","",1,"self_check","two_math:CHAMP:P_Polynomial_24:minimax:r1:neutral_initial","",2,FALSE,456,"technical_failure_or_truncation","transport_error",""
"two_math:CHAMP:P_Sequence_40:deepseek:r1:A0_AI","CHAMP:P_Sequence_40","math","Sequence","deepseek","minimax",1,"A0_AI","two_math:CHAMP:P_Sequence_40:deepseek:r1:neutral_initial","two_math:CHAMP:P_Sequence_40:minimax:r1:neutral_initial",2,FALSE,457,"dependency_skipped","dependency_skipped",""
"two_math:CHAMP:P_Polynomial_11:minimax:r1:self_check","CHAMP:P_Polynomial_11","math","Polynomial","minimax","",1,"self_check","two_math:CHAMP:P_Polynomial_11:minimax:r1:neutral_initial","",2,FALSE,458,"technical_failure_or_truncation","transport_error",""
"two_math:CHAMP:P_Number-Theory_32:minimax:r1:A0_AI","CHAMP:P_Number-Theory_32","math","Number-Theory","minimax","deepseek",1,"A0_AI","two_math:CHAMP:P_Number-Theory_32:minimax:r1:neutral_initial","two_math:CHAMP:P_Number-Theory_32:deepseek:r1:neutral_initial",2,FALSE,460,"technical_failure_or_truncation","transport_error",""
"two_math:CHAMP:P_Number-Theory_13:minimax:r2:A0_AI","CHAMP:P_Number-Theory_13","math","Number-Theory","minimax","deepseek",2,"A0_AI","two_math:CHAMP:P_Number-Theory_13:minimax:r2:neutral_initial","two_math:CHAMP:P_Number-Theory_13:deepseek:r2:neutral_initial",2,FALSE,466,"technical_failure_or_truncation","transport_error",""
"two_math:CHAMP:P_Polynomial_11:deepseek:r2:self_check","CHAMP:P_Polynomial_11","math","Polynomial","deepseek","",2,"self_check","two_math:CHAMP:P_Polynomial_11:deepseek:r2:neutral_initial","",2,FALSE,469,"technical_failure_or_truncation","transport_error",""
"two_math:CHAMP:P_Number-Theory_13:minimax:r1:A0_AI","CHAMP:P_Number-Theory_13","math","Number-Theory","minimax","deepseek",1,"A0_AI","two_math:CHAMP:P_Number-Theory_13:minimax:r1:neutral_initial","two_math:CHAMP:P_Number-Theory_13:deepseek:r1:neutral_initial",2,FALSE,470,"technical_failure_or_truncation","transport_error",""
"two_math:CHAMP:P_Combinatorics_5:minimax:r1:A0_AI","CHAMP:P_Combinatorics_5","math","Combinatorics","minimax","deepseek",1,"A0_AI","two_math:CHAMP:P_Combinatorics_5:minimax:r1:neutral_initial","two_math:CHAMP:P_Combinatorics_5:deepseek:r1:neutral_initial",2,TRUE,471,"technical_failure_or_truncation","transport_error",""
"two_math:CHAMP:P_Combinatorics_5:minimax:r2:A0_AI","CHAMP:P_Combinatorics_5","math","Combinatorics","minimax","deepseek",2,"A0_AI","two_math:CHAMP:P_Combinatorics_5:minimax:r2:neutral_initial","two_math:CHAMP:P_Combinatorics_5:deepseek:r2:neutral_initial",2,TRUE,473,"technical_failure_or_truncation","transport_error",""
"two_math:CHAMP:P_Sequence_11:minimax:r2:self_check","CHAMP:P_Sequence_11","math","Sequence","minimax","",2,"self_check","two_math:CHAMP:P_Sequence_11:minimax:r2:neutral_initial","",2,FALSE,475,"technical_failure_or_truncation","transport_error",""
"two_math:CHAMP:P_Number-Theory_42:minimax:r2:self_check","CHAMP:P_Number-Theory_42","math","Number-Theory","minimax","",2,"self_check","two_math:CHAMP:P_Number-Theory_42:minimax:r2:neutral_initial","",2,FALSE,477,"technical_failure_or_truncation","transport_error",""
"two_math:CHAMP:P_Inequality_26:minimax:r1:A0_AI","CHAMP:P_Inequality_26","math","Inequality","minimax","deepseek",1,"A0_AI","two_math:CHAMP:P_Inequality_26:minimax:r1:neutral_initial","two_math:CHAMP:P_Inequality_26:deepseek:r1:neutral_initial",2,FALSE,483,"technical_failure_or_truncation","transport_error",""
"two_math:CHAMP:P_Polynomial_50:minimax:r1:self_check","CHAMP:P_Polynomial_50","math","Polynomial","minimax","",1,"self_check","two_math:CHAMP:P_Polynomial_50:minimax:r1:neutral_initial","",2,FALSE,487,"technical_failure_or_truncation","transport_error",""
"two_math:CHAMP:P_Sequence_42:minimax:r2:self_check","CHAMP:P_Sequence_42","math","Sequence","minimax","",2,"self_check","two_math:CHAMP:P_Sequence_42:minimax:r2:neutral_initial","",2,TRUE,488,"technical_failure_or_truncation","transport_error",""
"two_math:CHAMP:P_Number-Theory_27:minimax:r2:A0_AI","CHAMP:P_Number-Theory_27","math","Number-Theory","minimax","deepseek",2,"A0_AI","two_math:CHAMP:P_Number-Theory_27:minimax:r2:neutral_initial","two_math:CHAMP:P_Number-Theory_27:deepseek:r2:neutral_initial",2,TRUE,490,"technical_failure_or_truncation","transport_error",""
"two_math:CHAMP:P_Polynomial_40:minimax:r2:A0_AI","CHAMP:P_Polynomial_40","math","Polynomial","minimax","deepseek",2,"A0_AI","two_math:CHAMP:P_Polynomial_40:minimax:r2:neutral_initial","two_math:CHAMP:P_Polynomial_40:deepseek:r2:neutral_initial",2,TRUE,491,"technical_failure_or_truncation","transport_error",""
"two_math:CHAMP:P_Inequality_13:minimax:r2:misconception_initial","CHAMP:P_Inequality_13","math","Inequality","minimax","",2,"misconception_initial","","",3,TRUE,493,"technical_failure_or_truncation","transport_error",""
"two_math:CHAMP:P_Inequality_24:minimax:r2:misconception_initial","CHAMP:P_Inequality_24","math","Inequality","minimax","",2,"misconception_initial","","",3,TRUE,494,"technical_failure_or_truncation","transport_error",""
"two_math:CHAMP:P_Sequence_42:deepseek:r2:misconception_initial","CHAMP:P_Sequence_42","math","Sequence","deepseek","",2,"misconception_initial","","",3,TRUE,495,"technical_failure_or_truncation","transport_error",""
"two_math:CHAMP:P_Polynomial_40:deepseek:r1:misconception_initial","CHAMP:P_Polynomial_40","math","Polynomial","deepseek","",1,"misconception_initial","","",3,TRUE,496,"technical_failure_or_truncation","transport_error",""
"two_math:CHAMP:P_Sequence_42:minimax:r2:misconception_initial","CHAMP:P_Sequence_42","math","Sequence","minimax","",2,"misconception_initial","","",3,TRUE,501,"technical_failure_or_truncation","transport_error",""
"two_math:CHAMP:P_Number-Theory_24:minimax:r2:misconception_initial","CHAMP:P_Number-Theory_24","math","Number-Theory","minimax","",2,"misconception_initial","","",3,TRUE,502,"technical_failure_or_truncation","transport_error",""
"two_math:CHAMP:P_Polynomial_40:minimax:r1:misconception_initial","CHAMP:P_Polynomial_40","math","Polynomial","minimax","",1,"misconception_initial","","",3,TRUE,503,"technical_failure_or_truncation","transport_error",""
"two_math:CHAMP:P_Sequence_28:deepseek:r1:misconception_initial","CHAMP:P_Sequence_28","math","Sequence","deepseek","",1,"misconception_initial","","",3,TRUE,504,"technical_failure_or_truncation","transport_error",""
"two_math:CHAMP:P_Number-Theory_27:minimax:r2:misconception_initial","CHAMP:P_Number-Theory_27","math","Number-Theory","minimax","",2,"misconception_initial","","",3,TRUE,507,"technical_failure_or_truncation","transport_error",""
"two_math:CHAMP:P_Inequality_24:minimax:r1:misconception_initial","CHAMP:P_Inequality_24","math","Inequality","minimax","",1,"misconception_initial","","",3,TRUE,508,"technical_failure_or_truncation","transport_error",""
"two_math:CHAMP:P_Sequence_28:minimax:r1:misconception_initial","CHAMP:P_Sequence_28","math","Sequence","minimax","",1,"misconception_initial","","",3,TRUE,509,"technical_failure_or_truncation","incomplete","max_tokens"
"two_math:CHAMP:P_Number-Theory_27:minimax:r1:misconception_initial","CHAMP:P_Number-Theory_27","math","Number-Theory","minimax","",1,"misconception_initial","","",3,TRUE,510,"technical_failure_or_truncation","transport_error",""
"two_math:CHAMP:P_Number-Theory_67:minimax:r2:misconception_initial","CHAMP:P_Number-Theory_67","math","Number-Theory","minimax","",2,"misconception_initial","","",3,TRUE,511,"technical_failure_or_truncation","transport_error",""
"two_math:CHAMP:P_Sequence_42:minimax:r1:misconception_initial","CHAMP:P_Sequence_42","math","Sequence","minimax","",1,"misconception_initial","","",3,TRUE,527,"technical_failure_or_truncation","interrupted_unknown",""
"two_math:CHAMP:P_Inequality_13:minimax:r1:misconception_initial","CHAMP:P_Inequality_13","math","Inequality","minimax","",1,"misconception_initial","","",3,TRUE,528,"technical_failure_or_truncation","interrupted_unknown",""
"two_math:CHAMP:P_Sequence_42:minimax:r2:A1_Human","CHAMP:P_Sequence_42","math","Sequence","minimax","deepseek",2,"A1_Human","two_math:CHAMP:P_Sequence_42:minimax:r2:neutral_initial","two_math:CHAMP:P_Sequence_42:deepseek:r2:misconception_initial",4,TRUE,556,"dependency_skipped","dependency_skipped",""
"two_math:CHAMP:P_Inequality_15:minimax:r2:A1_AI","CHAMP:P_Inequality_15","math","Inequality","minimax","deepseek",2,"A1_AI","two_math:CHAMP:P_Inequality_15:minimax:r2:neutral_initial","two_math:CHAMP:P_Inequality_15:deepseek:r2:misconception_initial",4,TRUE,564,"dependency_skipped","dependency_skipped",""
"two_math:CHAMP:P_Number-Theory_27:deepseek:r2:A1_Human","CHAMP:P_Number-Theory_27","math","Number-Theory","deepseek","minimax",2,"A1_Human","two_math:CHAMP:P_Number-Theory_27:deepseek:r2:neutral_initial","two_math:CHAMP:P_Number-Theory_27:minimax:r2:misconception_initial",4,TRUE,567,"dependency_skipped","dependency_skipped",""
"two_math:CHAMP:P_Inequality_15:deepseek:r2:A0_Human","CHAMP:P_Inequality_15","math","Inequality","deepseek","minimax",2,"A0_Human","two_math:CHAMP:P_Inequality_15:deepseek:r2:neutral_initial","two_math:CHAMP:P_Inequality_15:minimax:r2:neutral_initial",4,TRUE,568,"dependency_skipped","dependency_skipped",""
"two_math:CHAMP:P_Sequence_28:minimax:r1:A0_Human","CHAMP:P_Sequence_28","math","Sequence","minimax","deepseek",1,"A0_Human","two_math:CHAMP:P_Sequence_28:minimax:r1:neutral_initial","two_math:CHAMP:P_Sequence_28:deepseek:r1:neutral_initial",4,TRUE,577,"dependency_skipped","dependency_skipped",""
"two_math:CHAMP:P_Inequality_13:deepseek:r1:A1_AI","CHAMP:P_Inequality_13","math","Inequality","deepseek","minimax",1,"A1_AI","two_math:CHAMP:P_Inequality_13:deepseek:r1:neutral_initial","two_math:CHAMP:P_Inequality_13:minimax:r1:misconception_initial",4,TRUE,578,"dependency_skipped","dependency_skipped",""
"two_math:CHAMP:P_Inequality_15:minimax:r2:A0_Human","CHAMP:P_Inequality_15","math","Inequality","minimax","deepseek",2,"A0_Human","two_math:CHAMP:P_Inequality_15:minimax:r2:neutral_initial","two_math:CHAMP:P_Inequality_15:deepseek:r2:neutral_initial",4,TRUE,583,"dependency_skipped","dependency_skipped",""
"two_math:CHAMP:P_Sequence_28:deepseek:r1:A1_Human","CHAMP:P_Sequence_28","math","Sequence","deepseek","minimax",1,"A1_Human","two_math:CHAMP:P_Sequence_28:deepseek:r1:neutral_initial","two_math:CHAMP:P_Sequence_28:minimax:r1:misconception_initial",4,TRUE,587,"dependency_skipped","dependency_skipped",""
"two_math:CHAMP:P_Polynomial_40:deepseek:r1:A1_AI","CHAMP:P_Polynomial_40","math","Polynomial","deepseek","minimax",1,"A1_AI","two_math:CHAMP:P_Polynomial_40:deepseek:r1:neutral_initial","two_math:CHAMP:P_Polynomial_40:minimax:r1:misconception_initial",4,TRUE,588,"dependency_skipped","dependency_skipped",""
"two_math:CHAMP:P_Polynomial_40:minimax:r1:A1_Human","CHAMP:P_Polynomial_40","math","Polynomial","minimax","deepseek",1,"A1_Human","two_math:CHAMP:P_Polynomial_40:minimax:r1:neutral_initial","two_math:CHAMP:P_Polynomial_40:deepseek:r1:misconception_initial",4,TRUE,591,"dependency_skipped","dependency_skipped",""
"two_math:CHAMP:P_Number-Theory_27:deepseek:r1:A1_AI","CHAMP:P_Number-Theory_27","math","Number-Theory","deepseek","minimax",1,"A1_AI","two_math:CHAMP:P_Number-Theory_27:deepseek:r1:neutral_initial","two_math:CHAMP:P_Number-Theory_27:minimax:r1:misconception_initial",4,TRUE,592,"dependency_skipped","dependency_skipped",""
"two_math:CHAMP:P_Inequality_13:deepseek:r1:A1_Human","CHAMP:P_Inequality_13","math","Inequality","deepseek","minimax",1,"A1_Human","two_math:CHAMP:P_Inequality_13:deepseek:r1:neutral_initial","two_math:CHAMP:P_Inequality_13:minimax:r1:misconception_initial",4,TRUE,595,"dependency_skipped","dependency_skipped",""
"two_math:CHAMP:P_Sequence_42:minimax:r2:A1_AI","CHAMP:P_Sequence_42","math","Sequence","minimax","deepseek",2,"A1_AI","two_math:CHAMP:P_Sequence_42:minimax:r2:neutral_initial","two_math:CHAMP:P_Sequence_42:deepseek:r2:misconception_initial",4,TRUE,605,"dependency_skipped","dependency_skipped",""
"two_math:CHAMP:P_Sequence_42:deepseek:r1:A1_Human","CHAMP:P_Sequence_42","math","Sequence","deepseek","minimax",1,"A1_Human","two_math:CHAMP:P_Sequence_42:deepseek:r1:neutral_initial","two_math:CHAMP:P_Sequence_42:minimax:r1:misconception_initial",4,TRUE,608,"dependency_skipped","dependency_skipped",""
"two_math:CHAMP:P_Sequence_42:deepseek:r2:A1_AI","CHAMP:P_Sequence_42","math","Sequence","deepseek","minimax",2,"A1_AI","two_math:CHAMP:P_Sequence_42:deepseek:r2:neutral_initial","two_math:CHAMP:P_Sequence_42:minimax:r2:misconception_initial",4,TRUE,609,"dependency_skipped","dependency_skipped",""
"two_math:CHAMP:P_Inequality_13:deepseek:r2:A1_Human","CHAMP:P_Inequality_13","math","Inequality","deepseek","minimax",2,"A1_Human","two_math:CHAMP:P_Inequality_13:deepseek:r2:neutral_initial","two_math:CHAMP:P_Inequality_13:minimax:r2:misconception_initial",4,TRUE,612,"dependency_skipped","dependency_skipped",""
"two_math:CHAMP:P_Combinatorics_18:minimax:r2:A1_Human","CHAMP:P_Combinatorics_18","math","Combinatorics","minimax","deepseek",2,"A1_Human","two_math:CHAMP:P_Combinatorics_18:minimax:r2:neutral_initial","two_math:CHAMP:P_Combinatorics_18:deepseek:r2:misconception_initial",4,TRUE,613,"dependency_skipped","dependency_skipped",""
"two_math:CHAMP:P_Sequence_28:deepseek:r1:A0_Human","CHAMP:P_Sequence_28","math","Sequence","deepseek","minimax",1,"A0_Human","two_math:CHAMP:P_Sequence_28:deepseek:r1:neutral_initial","two_math:CHAMP:P_Sequence_28:minimax:r1:neutral_initial",4,TRUE,615,"dependency_skipped","dependency_skipped",""
"two_math:CHAMP:P_Polynomial_47:minimax:r2:A1_AI","CHAMP:P_Polynomial_47","math","Polynomial","minimax","deepseek",2,"A1_AI","two_math:CHAMP:P_Polynomial_47:minimax:r2:neutral_initial","two_math:CHAMP:P_Polynomial_47:deepseek:r2:misconception_initial",4,TRUE,621,"technical_failure_or_truncation","incomplete","max_tokens"
"two_math:CHAMP:P_Polynomial_23:minimax:r1:A1_Human","CHAMP:P_Polynomial_23","math","Polynomial","minimax","deepseek",1,"A1_Human","two_math:CHAMP:P_Polynomial_23:minimax:r1:neutral_initial","two_math:CHAMP:P_Polynomial_23:deepseek:r1:misconception_initial",4,TRUE,622,"technical_failure_or_truncation","transport_error",""
"two_math:CHAMP:P_Number-Theory_67:deepseek:r2:A1_Human","CHAMP:P_Number-Theory_67","math","Number-Theory","deepseek","minimax",2,"A1_Human","two_math:CHAMP:P_Number-Theory_67:deepseek:r2:neutral_initial","two_math:CHAMP:P_Number-Theory_67:minimax:r2:misconception_initial",4,TRUE,623,"dependency_skipped","dependency_skipped",""
"two_math:CHAMP:P_Inequality_13:deepseek:r2:A1_AI","CHAMP:P_Inequality_13","math","Inequality","deepseek","minimax",2,"A1_AI","two_math:CHAMP:P_Inequality_13:deepseek:r2:neutral_initial","two_math:CHAMP:P_Inequality_13:minimax:r2:misconception_initial",4,TRUE,629,"dependency_skipped","dependency_skipped",""
"two_math:CHAMP:P_Polynomial_40:minimax:r1:A1_AI","CHAMP:P_Polynomial_40","math","Polynomial","minimax","deepseek",1,"A1_AI","two_math:CHAMP:P_Polynomial_40:minimax:r1:neutral_initial","two_math:CHAMP:P_Polynomial_40:deepseek:r1:misconception_initial",4,TRUE,638,"dependency_skipped","dependency_skipped",""
"two_math:CHAMP:P_Number-Theory_27:deepseek:r2:A1_AI","CHAMP:P_Number-Theory_27","math","Number-Theory","deepseek","minimax",2,"A1_AI","two_math:CHAMP:P_Number-Theory_27:deepseek:r2:neutral_initial","two_math:CHAMP:P_Number-Theory_27:minimax:r2:misconception_initial",4,TRUE,639,"dependency_skipped","dependency_skipped",""
"two_math:CHAMP:P_Inequality_24:deepseek:r2:A1_Human","CHAMP:P_Inequality_24","math","Inequality","deepseek","minimax",2,"A1_Human","two_math:CHAMP:P_Inequality_24:deepseek:r2:neutral_initial","two_math:CHAMP:P_Inequality_24:minimax:r2:misconception_initial",4,TRUE,644,"dependency_skipped","dependency_skipped",""
"two_math:CHAMP:P_Sequence_42:deepseek:r2:A1_Human","CHAMP:P_Sequence_42","math","Sequence","deepseek","minimax",2,"A1_Human","two_math:CHAMP:P_Sequence_42:deepseek:r2:neutral_initial","two_math:CHAMP:P_Sequence_42:minimax:r2:misconception_initial",4,TRUE,647,"dependency_skipped","dependency_skipped",""
"two_math:CHAMP:P_Sequence_42:deepseek:r1:A1_AI","CHAMP:P_Sequence_42","math","Sequence","deepseek","minimax",1,"A1_AI","two_math:CHAMP:P_Sequence_42:deepseek:r1:neutral_initial","two_math:CHAMP:P_Sequence_42:minimax:r1:misconception_initial",4,TRUE,650,"dependency_skipped","dependency_skipped",""
"two_math:CHAMP:P_Polynomial_47:minimax:r2:A0_Human","CHAMP:P_Polynomial_47","math","Polynomial","minimax","deepseek",2,"A0_Human","two_math:CHAMP:P_Polynomial_47:minimax:r2:neutral_initial","two_math:CHAMP:P_Polynomial_47:deepseek:r2:neutral_initial",4,TRUE,658,"technical_failure_or_truncation","incomplete","max_tokens"
"two_math:CHAMP:P_Polynomial_40:deepseek:r1:A1_Human","CHAMP:P_Polynomial_40","math","Polynomial","deepseek","minimax",1,"A1_Human","two_math:CHAMP:P_Polynomial_40:deepseek:r1:neutral_initial","two_math:CHAMP:P_Polynomial_40:minimax:r1:misconception_initial",4,TRUE,660,"dependency_skipped","dependency_skipped",""
"two_math:CHAMP:P_Number-Theory_67:minimax:r2:A1_AI","CHAMP:P_Number-Theory_67","math","Number-Theory","minimax","deepseek",2,"A1_AI","two_math:CHAMP:P_Number-Theory_67:minimax:r2:neutral_initial","two_math:CHAMP:P_Number-Theory_67:deepseek:r2:misconception_initial",4,TRUE,662,"technical_failure_or_truncation","transport_error",""
"two_math:CHAMP:P_Sequence_28:deepseek:r1:A1_AI","CHAMP:P_Sequence_28","math","Sequence","deepseek","minimax",1,"A1_AI","two_math:CHAMP:P_Sequence_28:deepseek:r1:neutral_initial","two_math:CHAMP:P_Sequence_28:minimax:r1:misconception_initial",4,TRUE,665,"dependency_skipped","dependency_skipped",""
"two_math:CHAMP:P_Number-Theory_67:deepseek:r2:A1_AI","CHAMP:P_Number-Theory_67","math","Number-Theory","deepseek","minimax",2,"A1_AI","two_math:CHAMP:P_Number-Theory_67:deepseek:r2:neutral_initial","two_math:CHAMP:P_Number-Theory_67:minimax:r2:misconception_initial",4,TRUE,669,"dependency_skipped","dependency_skipped",""
"two_math:CHAMP:P_Inequality_24:deepseek:r2:A1_AI","CHAMP:P_Inequality_24","math","Inequality","deepseek","minimax",2,"A1_AI","two_math:CHAMP:P_Inequality_24:deepseek:r2:neutral_initial","two_math:CHAMP:P_Inequality_24:minimax:r2:misconception_initial",4,TRUE,682,"dependency_skipped","dependency_skipped",""
"two_math:CHAMP:P_Number-Theory_27:deepseek:r1:A1_Human","CHAMP:P_Number-Theory_27","math","Number-Theory","deepseek","minimax",1,"A1_Human","two_math:CHAMP:P_Number-Theory_27:deepseek:r1:neutral_initial","two_math:CHAMP:P_Number-Theory_27:minimax:r1:misconception_initial",4,TRUE,684,"dependency_skipped","dependency_skipped",""
"two_math:CHAMP:P_Inequality_24:deepseek:r1:A1_Human","CHAMP:P_Inequality_24","math","Inequality","deepseek","minimax",1,"A1_Human","two_math:CHAMP:P_Inequality_24:deepseek:r1:neutral_initial","two_math:CHAMP:P_Inequality_24:minimax:r1:misconception_initial",4,TRUE,686,"dependency_skipped","dependency_skipped",""
"two_math:CHAMP:P_Inequality_24:deepseek:r1:A1_AI","CHAMP:P_Inequality_24","math","Inequality","deepseek","minimax",1,"A1_AI","two_math:CHAMP:P_Inequality_24:deepseek:r1:neutral_initial","two_math:CHAMP:P_Inequality_24:minimax:r1:misconception_initial",4,TRUE,690,"dependency_skipped","dependency_skipped",""
"two_math:CHAMP:P_Combinatorics_18:minimax:r2:A1_AI","CHAMP:P_Combinatorics_18","math","Combinatorics","minimax","deepseek",2,"A1_AI","two_math:CHAMP:P_Combinatorics_18:minimax:r2:neutral_initial","two_math:CHAMP:P_Combinatorics_18:deepseek:r2:misconception_initial",4,TRUE,692,"dependency_skipped","dependency_skipped",""
"two_math:CHAMP:P_Sequence_28:minimax:r1:A1_Human","CHAMP:P_Sequence_28","math","Sequence","minimax","deepseek",1,"A1_Human","two_math:CHAMP:P_Sequence_28:minimax:r1:neutral_initial","two_math:CHAMP:P_Sequence_28:deepseek:r1:misconception_initial",4,TRUE,699,"dependency_skipped","dependency_skipped",""
"two_math:CHAMP:P_Sequence_28:minimax:r1:A1_AI","CHAMP:P_Sequence_28","math","Sequence","minimax","deepseek",1,"A1_AI","two_math:CHAMP:P_Sequence_28:minimax:r1:neutral_initial","two_math:CHAMP:P_Sequence_28:deepseek:r1:misconception_initial",4,TRUE,703,"dependency_skipped","dependency_skipped",""
"two_math:CHAMP:P_Combinatorics_18:deepseek:r2:A0_Human","CHAMP:P_Combinatorics_18","math","Combinatorics","deepseek","minimax",2,"A0_Human","two_math:CHAMP:P_Combinatorics_18:deepseek:r2:neutral_initial","two_math:CHAMP:P_Combinatorics_18:minimax:r2:neutral_initial",4,TRUE,709,"dependency_skipped","dependency_skipped",""
"two_math:CHAMP:P_Number-Theory_24:deepseek:r2:A1_Human","CHAMP:P_Number-Theory_24","math","Number-Theory","deepseek","minimax",2,"A1_Human","two_math:CHAMP:P_Number-Theory_24:deepseek:r2:neutral_initial","two_math:CHAMP:P_Number-Theory_24:minimax:r2:misconception_initial",4,TRUE,712,"dependency_skipped","dependency_skipped",""
"two_math:CHAMP:P_Number-Theory_24:deepseek:r2:A1_AI","CHAMP:P_Number-Theory_24","math","Number-Theory","deepseek","minimax",2,"A1_AI","two_math:CHAMP:P_Number-Theory_24:deepseek:r2:neutral_initial","two_math:CHAMP:P_Number-Theory_24:minimax:r2:misconception_initial",4,TRUE,715,"dependency_skipped","dependency_skipped",""
"two_math:CHAMP:P_Inequality_15:minimax:r2:A1_Human","CHAMP:P_Inequality_15","math","Inequality","minimax","deepseek",2,"A1_Human","two_math:CHAMP:P_Inequality_15:minimax:r2:neutral_initial","two_math:CHAMP:P_Inequality_15:deepseek:r2:misconception_initial",4,TRUE,728,"dependency_skipped","dependency_skipped",""
"two_math:CHAMP:P_Combinatorics_18:minimax:r2:A0_Human","CHAMP:P_Combinatorics_18","math","Combinatorics","minimax","deepseek",2,"A0_Human","two_math:CHAMP:P_Combinatorics_18:minimax:r2:neutral_initial","two_math:CHAMP:P_Combinatorics_18:deepseek:r2:neutral_initial",4,TRUE,729,"dependency_skipped","dependency_skipped",""
