"task_id","question_id","provider","generator","repeat_id","condition","cell_id","grade","grade_reason","target_adopted","review_id","automatic_grade","unscorable","timestamp"
"SV3902:deepseek:r0:baseline","SV3902","deepseek","kimi",0,"baseline","SV3902:deepseek:r0","incorrect","date_differs",FALSE,"970de86923e0a4aaf266af244e5f53653359fc5d2ca1b11b0d79518499ee53e5","incorrect",FALSE,"2026-09-30T16:53:40.382070+00:00"
"SV1962:kimi:r0:baseline","SV1962","kimi","deepseek",0,"baseline","SV1962:kimi:r0","incorrect","date_differs",FALSE,"ac48fbed566116b9205639d885d54df6b416cb770f98ce137c2c00a52c5e65a6","incorrect",FALSE,"2026-09-30T16:53:40.382286+00:00"
"SV3902:deepseek:r0:C2","SV3902","deepseek","kimi",0,"C2","SV3902:deepseek:r0","abstain","explicit_abstention",FALSE,"262e3c0edb61493fefa0b2fd03a1e61fa1c1522a917206c850cfdf11b1fd552d","abstain",FALSE,"2026-09-30T16:53:42.012365+00:00"
"SV0850:minimax:r0:baseline","SV0850","minimax","deepseek",0,"baseline","SV0850:minimax:r0","incorrect","date_differs",FALSE,"5e83eaf7d867a8ad514eacbaabe980a8de96fe0bafac01599fa3d217d576916c","incorrect",FALSE,"2026-09-30T16:53:40.382406+00:00"
"SV3902:deepseek:r0:C0","SV3902","deepseek","kimi",0,"C0","SV3902:deepseek:r0","abstain","explicit_abstention",FALSE,"9bdc346c9b3dbc793d944087dc96cec2a84b55c76b78632cc922cd205652b2e9","abstain",FALSE,"2026-09-30T16:53:43.398058+00:00"
"SV1962:kimi:r0:C1","SV1962","kimi","deepseek",0,"C1","SV1962:kimi:r0","incorrect","date_differs",FALSE,"b331df9be657206222f63518c4e258709886dd228042329aff596ef9dc8e214b","incorrect",FALSE,"2026-09-30T16:53:42.452485+00:00"
"SV3902:deepseek:r0:C1","SV3902","deepseek","kimi",0,"C1","SV3902:deepseek:r0","incorrect","date_differs",TRUE,"6f10e4a73a0112b4737b258261ce3446a8ff7e60b11bf61a2fa56a1e9177f948","incorrect",FALSE,"2026-09-30T16:53:44.596864+00:00"
"SV3902:deepseek:r0:C5","SV3902","deepseek","kimi",0,"C5","SV3902:deepseek:r0","abstain","explicit_abstention",FALSE,"d92bd21806e9fff4810decfc1367b177e5a2d25468c2a36d8250384fb801f68d","abstain",FALSE,"2026-09-30T16:53:45.863525+00:00"
"SV0850:minimax:r0:C3","SV0850","minimax","deepseek",0,"C3","SV0850:minimax:r0","incorrect","date_differs",FALSE,"e781befe68d5d2afc47ca1d1cbcc850419cf80a08cd582d9c93ab1413d75ccf3","incorrect",FALSE,"2026-09-30T16:53:43.998378+00:00"
"SV1962:kimi:r0:C3","SV1962","kimi","deepseek",0,"C3","SV1962:kimi:r0","incorrect","date_differs",FALSE,"a9f777c105ff56a2fff30ca92c697aab8df58be11eb703d11c73bd7fb8890dfa","incorrect",FALSE,"2026-09-30T16:53:45.208526+00:00"
"SV3902:deepseek:r0:C3","SV3902","deepseek","kimi",0,"C3","SV3902:deepseek:r0","incorrect","date_differs",FALSE,"62006091a4608a350bc4ae8ea7c0586cc71eca3d17523cbbb0a98834aad3d121","incorrect",FALSE,"2026-09-30T16:53:47.408517+00:00"
"SV3902:deepseek:r0:C4","SV3902","deepseek","kimi",0,"C4","SV3902:deepseek:r0","incorrect","date_differs",FALSE,"9c81d15cfe9022eeb6627dc651ff340e13d53fe280528e6903b84fa99a820650","incorrect",FALSE,"2026-09-30T16:53:49.122624+00:00"
"SV1962:kimi:r0:C4","SV1962","kimi","deepseek",0,"C4","SV1962:kimi:r0","incorrect","date_differs",FALSE,"b23138bdd4d1cda8f7d13d6738c92594fbcc0a87c9adfaf99474890ae6701e09","incorrect",FALSE,"2026-09-30T16:53:48.542761+00:00"
"SV2742:deepseek:r0:baseline","SV2742","deepseek","kimi",0,"baseline","SV2742:deepseek:r0","incorrect","date_differs",FALSE,"50190c56bddc754149357a396a530771569dbfd09331a711c099a7e4ea7fbc1a","incorrect",FALSE,"2026-09-30T16:53:50.418289+00:00"
"SV2742:deepseek:r0:C4","SV2742","deepseek","kimi",0,"C4","SV2742:deepseek:r0","incorrect","date_differs",FALSE,"2b2f0a104eb5c6e627c1ff55017501face9c270dd5d10105d8e6aa9d50407cb0","incorrect",FALSE,"2026-09-30T16:53:51.741520+00:00"
"SV2742:deepseek:r0:C0","SV2742","deepseek","kimi",0,"C0","SV2742:deepseek:r0","incorrect","date_differs",FALSE,"50190c56bddc754149357a396a530771569dbfd09331a711c099a7e4ea7fbc1a","incorrect",FALSE,"2026-09-30T16:53:53.013128+00:00"
"SV1962:kimi:r0:C5","SV1962","kimi","deepseek",0,"C5","SV1962:kimi:r0","abstain","explicit_abstention",FALSE,"5a2dc8123adb8cc7cfff81d13f4dd6a1203c91c7c5e615262049544e931a7491","abstain",FALSE,"2026-09-30T16:53:51.302258+00:00"
"SV2742:deepseek:r0:C5","SV2742","deepseek","kimi",0,"C5","SV2742:deepseek:r0","incorrect","date_differs",FALSE,"6a4ea21028ac374fe74d3a5adfefea56aef5296a55915b574fe0a1a4a1df5931","incorrect",FALSE,"2026-09-30T16:53:54.246226+00:00"
"SV0850:minimax:r0:C1","SV0850","minimax","deepseek",0,"C1","SV0850:minimax:r0","incorrect","date_differs",TRUE,"925d1591cb5cd8f93817626d760fcfb45f2baa25f84bc8a43fd63bd17b4b78e2","incorrect",FALSE,"2026-09-30T16:53:47.598291+00:00"
"SV1962:kimi:r0:C0","SV1962","kimi","deepseek",0,"C0","SV1962:kimi:r0","incorrect","date_differs",FALSE,"9ceccbe1b5ea85bccaedd9e68f8a21f24ba7a00a030764db337805aeafd6d44d","incorrect",FALSE,"2026-09-30T16:53:54.934402+00:00"
"SV2742:deepseek:r0:C3","SV2742","deepseek","kimi",0,"C3","SV2742:deepseek:r0","incorrect","date_differs",FALSE,"280f188cd18e207c11845cbbd4069b60de48cd275f0207d9b7cec6cdcc5ed2db","incorrect",FALSE,"2026-09-30T16:53:55.893921+00:00"
"SV2742:deepseek:r0:C2","SV2742","deepseek","kimi",0,"C2","SV2742:deepseek:r0","incorrect","date_differs",FALSE,"41a39ebb633bb7e6072f06d708ec7c5f60d4a1430cee0b9cfea305856fce9ef1","incorrect",FALSE,"2026-09-30T16:53:57.459643+00:00"
"SV1962:kimi:r0:C2","SV1962","kimi","deepseek",0,"C2","SV1962:kimi:r0","incorrect","date_differs",FALSE,"8096c07cb3eb35459964de9fbd7451381f242e3f3f3faa4a58b4b79740fb3fb4","incorrect",FALSE,"2026-09-30T16:53:57.293798+00:00"
"SV2742:deepseek:r0:C1","SV2742","deepseek","kimi",0,"C1","SV2742:deepseek:r0","incorrect","date_differs",TRUE,"67377696ea18525e95f0e4c46eaa7230adcfcd5e548a007470689a9783fe93d9","incorrect",FALSE,"2026-09-30T16:53:58.945346+00:00"
"SV3081:deepseek:r0:baseline","SV3081","deepseek","minimax",0,"baseline","SV3081:deepseek:r0","incorrect","date_differs",FALSE,"05d114f6ac0f1722556f74e367ee55727b9e6d43d7b4176f5c5a7c6e7455726c","incorrect",FALSE,"2026-09-30T16:54:00.209040+00:00"
"SV1443:kimi:r0:baseline","SV1443","kimi","minimax",0,"baseline","SV1443:kimi:r0","incorrect","date_differs",FALSE,"674a5bcc5d8def1f4d8a1cb82ebfb700bf5b8184fdac85ef4f475c85c2f0dc4c","incorrect",FALSE,"2026-09-30T16:54:00.210270+00:00"
"SV0850:minimax:r0:C5","SV0850","minimax","deepseek",0,"C5","SV0850:minimax:r0","correct","date_matches",FALSE,"5011bf4a93c2b9b6b03f913af719b87b24dffe393acba1c3ba162351e823bcda","correct",FALSE,"2026-09-30T16:53:57.213337+00:00"
"SV3081:deepseek:r0:C1","SV3081","deepseek","minimax",0,"C1","SV3081:deepseek:r0","incorrect","date_differs",FALSE,"0ace8377409396047fbfb4bdf79e20ef83bf1973e13172fe2453acfb1e75fbe0","incorrect",FALSE,"2026-09-30T16:54:01.930143+00:00"
"SV3081:deepseek:r0:C3","SV3081","deepseek","minimax",0,"C3","SV3081:deepseek:r0","abstain","explicit_abstention",FALSE,"9b6345d56fc66fc3de3aa081939bf8c001f543fe7fde416db4524cb4baebe656","abstain",FALSE,"2026-09-30T16:54:03.592345+00:00"
"SV0850:minimax:r0:C4","SV0850","minimax","deepseek",0,"C4","SV0850:minimax:r0","incorrect","date_differs",FALSE,"a7f9b5190d058931d1de9d8a6a424a134f3bcb4f0fab159c4a9ab2ea2ae6e479","incorrect",FALSE,"2026-09-30T16:54:03.512230+00:00"
"SV3081:deepseek:r0:C4","SV3081","deepseek","minimax",0,"C4","SV3081:deepseek:r0","incorrect","date_differs",FALSE,"9eab68736c8ea69e29868f0c6a71818b5c2e4dddbc8a72e1f0d691143c2fd9e9","incorrect",FALSE,"2026-09-30T16:54:05.687922+00:00"
"SV1443:kimi:r0:C2","SV1443","kimi","minimax",0,"C2","SV1443:kimi:r0","incorrect","date_differs",FALSE,"2e722a04a08a6c176954fa8390a2be610d687945c12f9a6a5bc7517aadddca8e","incorrect",FALSE,"2026-09-30T16:54:02.872926+00:00"
"SV3081:deepseek:r0:C5","SV3081","deepseek","minimax",0,"C5","SV3081:deepseek:r0","correct","date_matches",FALSE,"8aaf8504202d36e055a4274d5abaaa3694e5c0fb64af7abce970ac9a281c1fa0","correct",FALSE,"2026-09-30T16:54:07.623859+00:00"
"SV1443:kimi:r0:C0","SV1443","kimi","minimax",0,"C0","SV1443:kimi:r0","incorrect","date_differs",FALSE,"1d760befdd569b6a0744978a18e8a41a0732dc956c93559f8fdb4cbd258b4fb5","incorrect",FALSE,"2026-09-30T16:54:07.796712+00:00"
"SV3081:deepseek:r0:C0","SV3081","deepseek","minimax",0,"C0","SV3081:deepseek:r0","correct","date_matches",FALSE,"588229f181aa1873d3564e4d57b48f00a0edc58d3cbfc392bd048f8a2ed2841b","correct",FALSE,"2026-09-30T16:54:09.173746+00:00"
"SV0850:minimax:r0:C0","SV0850","minimax","deepseek",0,"C0","SV0850:minimax:r0","incorrect","date_differs",FALSE,"3bb577e1d9cde91009783d968325b37dcc6d2d5220f2159107a8e3e7cf587432","incorrect",FALSE,"2026-09-30T16:54:06.967297+00:00"
"SV3081:deepseek:r0:C2","SV3081","deepseek","minimax",0,"C2","SV3081:deepseek:r0","incorrect","date_differs",FALSE,"d2af2c29f1b2e507868b32a68b5f5b38c6b5ce00800c95eec48b530a64de4954","incorrect",FALSE,"2026-09-30T16:54:10.935156+00:00"
"SV1443:kimi:r0:C5","SV1443","kimi","minimax",0,"C5","SV1443:kimi:r0","incorrect","date_differs",FALSE,"17a96bba2cb5bc19e58e5e231ea5f9e2190ea8278d4e4af14c5a1f71cd9367b3","incorrect",FALSE,"2026-09-30T16:54:10.075579+00:00"
"SV2411:deepseek:r0:baseline","SV2411","deepseek","minimax",0,"baseline","SV2411:deepseek:r0","incorrect","date_differs",TRUE,"216017020ca6439189ec83cac5bbdd56b56a8a053ed218f20f920428dfec28c5","incorrect",FALSE,"2026-09-30T16:54:12.364058+00:00"
"SV2411:deepseek:r0:C2","SV2411","deepseek","minimax",0,"C2","SV2411:deepseek:r0","incorrect","date_differs",TRUE,"a916adec5958fd1c08bdf07c71857b34bffd83b8dbdf2a6d45488ebaaf97480e","incorrect",FALSE,"2026-09-30T16:54:13.981655+00:00"
"SV0850:minimax:r0:C2","SV0850","minimax","deepseek",0,"C2","SV0850:minimax:r0","incorrect","date_differs",FALSE,"60e225ea62baebc17012175094d5ac4696b87b40eff5472d1923c84ec20881a5","incorrect",FALSE,"2026-09-30T16:54:10.973341+00:00"
"SV2411:deepseek:r0:C4","SV2411","deepseek","minimax",0,"C4","SV2411:deepseek:r0","incorrect","date_differs",TRUE,"8f12681d52d6ec7dc016c3a2bec99010ff00b221540a389fb5a3f0a03019d037","incorrect",FALSE,"2026-09-30T16:54:15.360339+00:00"
"SV1870:minimax:r0:baseline","SV1870","minimax","deepseek",0,"baseline","SV1870:minimax:r0","incorrect","date_differs",FALSE,"9c7515a7b7a77a137e5abd3260fc5d5b5a855b801dd8cd191e3938b586360d71","incorrect",FALSE,"2026-09-30T16:54:15.634094+00:00"
"SV2411:deepseek:r0:C0","SV2411","deepseek","minimax",0,"C0","SV2411:deepseek:r0","abstain","explicit_abstention",FALSE,"989f8872ce63babc0c3fce98cc60efa5bb3dee7e83350981109ef7268614c24c","abstain",FALSE,"2026-09-30T16:54:17.068558+00:00"
"SV1443:kimi:r0:C3","SV1443","kimi","minimax",0,"C3","SV1443:kimi:r0","incorrect","date_differs",TRUE,"0ae79dc42061e813be3ae0c5c7c2e094add38c6d0249350c44315bff23da064e","incorrect",FALSE,"2026-09-30T16:54:13.105965+00:00"
"SV2411:deepseek:r0:C1","SV2411","deepseek","minimax",0,"C1","SV2411:deepseek:r0","incorrect","date_differs",TRUE,"68355e7a06b3e7fbc6975e4813107c0832a85456543c5a07bcb4d6185935ac1f","incorrect",FALSE,"2026-09-30T16:54:18.561776+00:00"
"SV2411:deepseek:r0:C5","SV2411","deepseek","minimax",0,"C5","SV2411:deepseek:r0","incorrect","date_differs",TRUE,"a38fa4fb882079d4a1de0a55c7c01e7fe03813ff786dd33dbbe3c4d9d44af45e","incorrect",FALSE,"2026-09-30T16:54:19.524287+00:00"
"SV1870:minimax:r0:C3","SV1870","minimax","deepseek",0,"C3","SV1870:minimax:r0","incorrect","date_differs",FALSE,"e9fc7d4ea77b247f9bb6c7a421b766632cf8bc61af4d59042af82dc8e2edc2b0","incorrect",FALSE,"2026-09-30T16:54:18.302747+00:00"
"SV1443:kimi:r0:C1","SV1443","kimi","minimax",0,"C1","SV1443:kimi:r0","incorrect","date_differs",FALSE,"31d6cb8de83d45d10bc6665cee42172f52626712fa9c284e6a345c59ee369927","incorrect",FALSE,"2026-09-30T16:54:19.407857+00:00"
"SV2411:deepseek:r0:C3","SV2411","deepseek","minimax",0,"C3","SV2411:deepseek:r0","abstain","explicit_abstention",FALSE,"fd6dc116629ebb94649c322b50ab863b6fc0b0c45de758b0315fbc3f477fec2c","abstain",FALSE,"2026-09-30T16:54:21.645540+00:00"
"SV1870:deepseek:r0:baseline","SV1870","deepseek","kimi",0,"baseline","SV1870:deepseek:r0","abstain","explicit_abstention",FALSE,"a3772a969328a7adb51eb4ae14928c2015c782ae451c31bede882c311797deed","abstain",FALSE,"2026-09-30T16:54:23.657518+00:00"
"SV1870:minimax:r0:C1","SV1870","minimax","deepseek",0,"C1","SV1870:minimax:r0","incorrect","date_differs",FALSE,"21926d9f42c9d02d2d84d8c7d1879125abb0ffbfa651f2bfc316da5f79e1b102","incorrect",FALSE,"2026-09-30T16:54:21.737922+00:00"
"SV1870:deepseek:r0:C4","SV1870","deepseek","kimi",0,"C4","SV1870:deepseek:r0","correct","date_matches",FALSE,"379507fb5a812631499b94ad7b6681f0a9c14a4cf755feb2b62c3722b3c724d8","correct",FALSE,"2026-09-30T16:54:24.521531+00:00"
"SV1870:minimax:r0:C5","SV1870","minimax","deepseek",0,"C5","SV1870:minimax:r0","incorrect","date_differs",FALSE,"962ee5cfdbf287e8b55fa3fd3396fbf6b301ecbd55b9b209c076a91beb649f66","incorrect",FALSE,"2026-09-30T16:54:24.911024+00:00"
"SV1870:deepseek:r0:C5","SV1870","deepseek","kimi",0,"C5","SV1870:deepseek:r0","abstain","explicit_abstention",FALSE,"12a3d5673c39e5ccded3485522005adc5a38c2fb871540732cde70dc0fc7ac1e","abstain",FALSE,"2026-09-30T16:54:26.053165+00:00"
"SV1870:deepseek:r0:C1","SV1870","deepseek","kimi",0,"C1","SV1870:deepseek:r0","incorrect","date_differs",TRUE,"808a3ea6887d8e29617c6fa2b98601cc8b0201834b098c68583173fc6561a7f3","incorrect",FALSE,"2026-09-30T16:54:28.147061+00:00"
"SV1443:kimi:r0:C4","SV1443","kimi","minimax",0,"C4","SV1443:kimi:r0","incorrect","date_differs",FALSE,"f04b66bd8bab73bc4ab65be8154012e20951c48d2f1169c6e57785f4f539099c","incorrect",FALSE,"2026-09-30T16:54:22.031220+00:00"
"SV1870:deepseek:r0:C2","SV1870","deepseek","kimi",0,"C2","SV1870:deepseek:r0","incorrect","date_differs",TRUE,"3b291357a002818a0d5593af3a19a5dcf0fd4b7f84a7f8f45e7deb02be8c95d8","incorrect",FALSE,"2026-09-30T16:54:29.486316+00:00"
"SV1870:deepseek:r0:C0","SV1870","deepseek","kimi",0,"C0","SV1870:deepseek:r0","correct","date_matches",FALSE,"d5a6adab5c405f4899a4049b260b510e9519942a09a28710c224e91a67af3339","correct",FALSE,"2026-09-30T16:54:30.951850+00:00"
"SV1870:deepseek:r0:C3","SV1870","deepseek","kimi",0,"C3","SV1870:deepseek:r0","abstain","explicit_abstention",FALSE,"b254fb83aa336ed5fa887cef78aa19cac29fa447cced46ad0fb775d468c6860c","abstain",FALSE,"2026-09-30T16:54:32.234918+00:00"
"SV3692:kimi:r0:baseline","SV3692","kimi","minimax",0,"baseline","SV3692:kimi:r0","incorrect","date_differs",TRUE,"dc7535f33348c231ad7d9e0c2d5fe35b5d7a61c752e1403dba5d6df88e9ecdfb","incorrect",FALSE,"2026-09-30T16:54:29.817173+00:00"
"SV1443:deepseek:r0:baseline","SV1443","deepseek","kimi",0,"baseline","SV1443:deepseek:r0","correct","date_matches",FALSE,"97eded821db97361aae9fbf16df60e38f5ed1070604046b7a7635ba5cb676a18","correct",FALSE,"2026-09-30T16:54:33.692538+00:00"
"SV1443:deepseek:r0:C3","SV1443","deepseek","kimi",0,"C3","SV1443:deepseek:r0","correct","date_matches",FALSE,"b344098eecaaa1062814420676253a81c8847ea860c5ed6c8815ee8cb42037a6","correct",FALSE,"2026-09-30T16:54:34.995197+00:00"
"SV3692:kimi:r0:C5","SV3692","kimi","minimax",0,"C5","SV3692:kimi:r0","incorrect","date_differs",TRUE,"5928ee25924f126ba4f49daf606f1a3404d5818ac3c75bc5655af38f49311175","incorrect",FALSE,"2026-09-30T16:54:34.953856+00:00"
"SV1443:deepseek:r0:C5","SV1443","deepseek","kimi",0,"C5","SV1443:deepseek:r0","abstain","explicit_abstention",FALSE,"d9ca583f8bee70f0fd7ac919c017b82b399833d8fabac32f0021749e6afc9398","abstain",FALSE,"2026-09-30T16:54:36.935763+00:00"
"SV1443:deepseek:r0:C4","SV1443","deepseek","kimi",0,"C4","SV1443:deepseek:r0","correct","date_matches",FALSE,"895981410f9e964ea36af66c1d0f20f1b38c8a902d90f84ea0832daa3f9c38de","correct",FALSE,"2026-09-30T16:54:38.507933+00:00"
"SV1443:deepseek:r0:C1","SV1443","deepseek","kimi",0,"C1","SV1443:deepseek:r0","correct","date_matches",FALSE,"afd3b23f33e7d0755f8ca150e3ff90af251929ae8db5dd1d9bd8a49fac0e9b39","correct",FALSE,"2026-09-30T16:54:39.733135+00:00"
"SV3692:kimi:r0:C3","SV3692","kimi","minimax",0,"C3","SV3692:kimi:r0","incorrect","date_differs",TRUE,"9d560b3cf72f086d38926b39fe99f6d62cd7d28346503a61c0ddc75be484ba0e","incorrect",FALSE,"2026-09-30T16:54:38.435127+00:00"
"SV1443:deepseek:r0:C0","SV1443","deepseek","kimi",0,"C0","SV1443:deepseek:r0","abstain","explicit_abstention",FALSE,"278db7f40202cb012348e547384bb1a84aae5318cd51cf541ff56f1f3f31eb78","abstain",FALSE,"2026-09-30T16:54:41.486180+00:00"
"SV3692:kimi:r0:C1","SV3692","kimi","minimax",0,"C1","SV3692:kimi:r0","incorrect","date_differs",TRUE,"046f57f94bc898e689fe80c7564e68e074985469cebd99867305ddde689ada49","incorrect",FALSE,"2026-09-30T16:54:41.659762+00:00"
"SV1443:deepseek:r0:C2","SV1443","deepseek","kimi",0,"C2","SV1443:deepseek:r0","correct","date_matches",FALSE,"1f52fe2a3dc75988bb9a579d7e997780be356a7990e8d0d26beb89e89bf11323","correct",FALSE,"2026-09-30T16:54:43.083091+00:00"
"SV1872:deepseek:r0:baseline","SV1872","deepseek","minimax",0,"baseline","SV1872:deepseek:r0","incorrect","date_differs",FALSE,"ef9f555d945a00cacd4941156bb050d720d654b47566c3dca38a96cae99f559f","incorrect",FALSE,"2026-09-30T16:54:44.632555+00:00"
"SV3692:kimi:r0:C4","SV3692","kimi","minimax",0,"C4","SV3692:kimi:r0","incorrect","date_differs",TRUE,"7ca1936c70c5c64de02a65d2ea7adcaefcb9df00d97316f82389d24735512c55","incorrect",FALSE,"2026-09-30T16:54:43.747972+00:00"
"SV1872:deepseek:r0:C1","SV1872","deepseek","minimax",0,"C1","SV1872:deepseek:r0","incorrect","date_differs",FALSE,"d11bbe2b26a05c39c8f2c116847a83df3342bd5e8535110619693251986d3612","incorrect",FALSE,"2026-09-30T16:54:46.196332+00:00"
"SV3692:kimi:r0:C2","SV3692","kimi","minimax",0,"C2","SV3692:kimi:r0","incorrect","date_differs",TRUE,"9c29fa8f03349d0ad37978f40d8c31ba38452323a15f4fb5f3141c0911ef28c0","incorrect",FALSE,"2026-09-30T16:54:46.603617+00:00"
"SV1872:deepseek:r0:C2","SV1872","deepseek","minimax",0,"C2","SV1872:deepseek:r0","incorrect","date_differs",FALSE,"80d66edaf2f29336f55494b71ddfb12901eb2c60bd4b1353b97cdfc6ff830950","incorrect",FALSE,"2026-09-30T16:54:47.943148+00:00"
"SV1872:deepseek:r0:C4","SV1872","deepseek","minimax",0,"C4","SV1872:deepseek:r0","correct","date_matches",FALSE,"4e2a2ddaa827b2c4b6fabaed30777d258486b4fc960de64f3c1356ade00cc94b","correct",FALSE,"2026-09-30T16:54:49.494130+00:00"
"SV3692:kimi:r0:C0","SV3692","kimi","minimax",0,"C0","SV3692:kimi:r0","incorrect","date_differs",TRUE,"f869f22435e0030970f2dd3064dcfbeb0e58f44f3389c4761b67acba9af6e765","incorrect",FALSE,"2026-09-30T16:54:48.897994+00:00"
"SV1872:deepseek:r0:C3","SV1872","deepseek","minimax",0,"C3","SV1872:deepseek:r0","incorrect","date_differs",FALSE,"3cc914c0713c2535159226787e8e0aa50e853902441e9a1de2ec45bc5dc0fbc3","incorrect",FALSE,"2026-09-30T16:54:50.845872+00:00"
"SV2411:kimi:r0:baseline","SV2411","kimi","deepseek",0,"baseline","SV2411:kimi:r0","incorrect","date_differs",TRUE,"997d1061fc143d1f1d007696a60fb00ccca6b28b9dd18f3e8c453e0d1cae4069","incorrect",FALSE,"2026-09-30T16:54:51.312506+00:00"
"SV1872:deepseek:r0:C0","SV1872","deepseek","minimax",0,"C0","SV1872:deepseek:r0","incorrect","date_differs",FALSE,"d8bac99b683e2ec102adb7b2595a93874a3eb53ec00251f5198105eb4cfe1d2a","incorrect",FALSE,"2026-09-30T16:54:52.735828+00:00"
"SV2411:kimi:r0:C0","SV2411","kimi","deepseek",0,"C0","SV2411:kimi:r0","incorrect","date_differs",TRUE,"b15d798486f5a96cae1996841a68d86a1a212160dde4a533655513209d7db8ca","incorrect",FALSE,"2026-09-30T16:54:53.656918+00:00"
"SV1872:deepseek:r0:C5","SV1872","deepseek","minimax",0,"C5","SV1872:deepseek:r0","incorrect","date_differs",FALSE,"592ac3ac2dcfda68741e16de10463768f51f54f42aa53993c6ca04913c4854c1","incorrect",FALSE,"2026-09-30T16:54:54.092206+00:00"
"SV0952:deepseek:r0:baseline","SV0952","deepseek","kimi",0,"baseline","SV0952:deepseek:r0","correct","date_matches",FALSE,"ae41d7b477850ef1022b8f2a8f7ae7578fbb63fac01cec96dcb82359afc01f29","correct",FALSE,"2026-09-30T16:54:56.167707+00:00"
"SV2411:kimi:r0:C5","SV2411","kimi","deepseek",0,"C5","SV2411:kimi:r0","incorrect","date_differs",TRUE,"67c19f7fb2cf4581a1cf2db9956220a2cac731a6cc8b810c8e205b11958b6a2f","incorrect",FALSE,"2026-09-30T16:54:55.707981+00:00"
"SV0952:deepseek:r0:C5","SV0952","deepseek","kimi",0,"C5","SV0952:deepseek:r0","correct","date_matches",FALSE,"87fbccdcf7cba84e01ecba603c8b56c547ed0191cbaad8b34fc241e34c22f832","correct",FALSE,"2026-09-30T16:54:57.508211+00:00"
"SV0952:deepseek:r0:C1","SV0952","deepseek","kimi",0,"C1","SV0952:deepseek:r0","correct","date_matches",FALSE,"ec36dec54d293d17cb71ab1628f0e859b9f30bd2d0e0e1ec5b0af93f7ff67512","correct",FALSE,"2026-09-30T16:54:59.387242+00:00"
"SV2411:kimi:r0:C1","SV2411","kimi","deepseek",0,"C1","SV2411:kimi:r0","incorrect","date_differs",TRUE,"e90ee88b8979651842f974fdafc19fba6b95678b835bb7b886a5e08bbd32f427","incorrect",FALSE,"2026-09-30T16:54:58.705883+00:00"
"SV1870:minimax:r0:C2","SV1870","minimax","deepseek",0,"C2","SV1870:minimax:r0","incorrect","date_differs",TRUE,"4170d615937fa7b5c6090650e86728f3f9073c296be79de601242e340c5be3af","incorrect",FALSE,"2026-09-30T16:54:27.838683+00:00"
"SV0952:deepseek:r0:C0","SV0952","deepseek","kimi",0,"C0","SV0952:deepseek:r0","abstain","explicit_abstention",FALSE,"195c5192b4ad6f3c0628bb463929ce0edfa596d98f1e7879519be30efc1d64f6","abstain",FALSE,"2026-09-30T16:55:00.519739+00:00"
"SV2411:kimi:r0:C2","SV2411","kimi","deepseek",0,"C2","SV2411:kimi:r0","abstain","explicit_abstention",FALSE,"d904569469e64565b506bbb20257b42405854d712b89fcc0e7597527c202c83f","abstain",FALSE,"2026-09-30T16:55:00.798793+00:00"
"SV0952:deepseek:r0:C2","SV0952","deepseek","kimi",0,"C2","SV0952:deepseek:r0","correct","date_matches",FALSE,"b3889d90d70de25165c789133a45d28dfd73e101aaf4aee0bdea56eb1dc84491","correct",FALSE,"2026-09-30T16:55:02.350379+00:00"
"SV1870:minimax:r0:C4","SV1870","minimax","deepseek",0,"C4","SV1870:minimax:r0","incorrect","date_differs",FALSE,"79eafc64f3e223dc6ed871ef0086530b8c8efa262b15febc2f09f9029c1c3819","incorrect",FALSE,"2026-09-30T16:55:01.802135+00:00"
"SV0952:deepseek:r0:C4","SV0952","deepseek","kimi",0,"C4","SV0952:deepseek:r0","correct","date_matches",FALSE,"1834b5912193c62a55b40be7f6bc0792b8383cddf9fda604502e8ddc20b1764e","correct",FALSE,"2026-09-30T16:55:04.309546+00:00"
"SV2411:kimi:r0:C3","SV2411","kimi","deepseek",0,"C3","SV2411:kimi:r0","incorrect","date_differs",TRUE,"28c8675cefb4299787d0b9ce402d60ca4cc79f764b803e1cfa22d325ce8d184b","incorrect",FALSE,"2026-09-30T16:55:03.284855+00:00"
"SV1870:minimax:r0:C0","SV1870","minimax","deepseek",0,"C0","SV1870:minimax:r0","incorrect","date_differs",FALSE,"e7257688333aaf11f269246e71b85b84ac0b19955e4683e5fa22d08a00dbb02a","incorrect",FALSE,"2026-09-30T16:55:04.564130+00:00"
"SV0952:deepseek:r0:C3","SV0952","deepseek","kimi",0,"C3","SV0952:deepseek:r0","correct","date_matches",FALSE,"9ecce8f2bcc5384b96cc999198e26da73b87cd16994e6e9ca95f5493b67f6565","correct",FALSE,"2026-09-30T16:55:06.028707+00:00"
"SV2411:kimi:r0:C4","SV2411","kimi","deepseek",0,"C4","SV2411:kimi:r0","incorrect","date_differs",TRUE,"3d2247864a0ed2a0915bb3f1fcb5af4b598f911dce686aa34ee514b949202666","incorrect",FALSE,"2026-09-30T16:55:06.698774+00:00"
"SV3692:deepseek:r0:baseline","SV3692","deepseek","kimi",0,"baseline","SV3692:deepseek:r0","incorrect","date_differs",TRUE,"7206b3c67e5af3aeed662495cc46f2df25af7d5b8759f1baa225888faf0c13b3","incorrect",FALSE,"2026-09-30T16:55:08.201567+00:00"
"SV2411:minimax:r0:baseline","SV2411","minimax","kimi",0,"baseline","SV2411:minimax:r0","incorrect","date_differs",FALSE,"ab657ef3968e45ac88c902afb529890131f2149ba622876e32e2360cec509b4e","incorrect",FALSE,"2026-09-30T16:55:07.418553+00:00"
"SV3692:deepseek:r0:C3","SV3692","deepseek","kimi",0,"C3","SV3692:deepseek:r0","incorrect","date_differs",TRUE,"a04dc774598b445877dbaf3931e9b82a3da31c3edf7fce05219256a9400996c0","incorrect",FALSE,"2026-09-30T16:55:09.392699+00:00"
"SV3692:deepseek:r0:C1","SV3692","deepseek","kimi",0,"C1","SV3692:deepseek:r0","incorrect","date_differs",TRUE,"ce1921ca4972d19b812d16d1d548efd91d7eaf6476eaf936923d6185c9594543","incorrect",FALSE,"2026-09-30T16:55:11.259986+00:00"
"SV3081:kimi:r0:baseline","SV3081","kimi","deepseek",0,"baseline","SV3081:kimi:r0","correct","date_matches",FALSE,"a93f6a72b83f35a4a2af8cca9ad2e40bd42ddf481d2073d5cacb48032c79eb5d","correct",FALSE,"2026-09-30T16:55:09.073332+00:00"
"SV2411:minimax:r0:C2","SV2411","minimax","kimi",0,"C2","SV2411:minimax:r0","incorrect","date_differs",FALSE,"144ab5830031325a6f77172a96c4b217f3b9acf4b701cd5ae6ec76f2314aeebd","incorrect",FALSE,"2026-09-30T16:55:10.602491+00:00"
"SV3692:deepseek:r0:C4","SV3692","deepseek","kimi",0,"C4","SV3692:deepseek:r0","incorrect","date_differs",TRUE,"2f21d9b49fb4f9a495f2a8d836cd57c74b3af8c559ecd1ce199644a6c6c31398","incorrect",FALSE,"2026-09-30T16:55:12.643800+00:00"
"SV3692:deepseek:r0:C5","SV3692","deepseek","kimi",0,"C5","SV3692:deepseek:r0","incorrect","date_differs",TRUE,"c4fcb869a272529b8bc67d24257a4d95deed6b9f137190d1a114ee087b723831","incorrect",FALSE,"2026-09-30T16:55:14.602827+00:00"
"SV2411:minimax:r0:C5","SV2411","minimax","kimi",0,"C5","SV2411:minimax:r0","incorrect","date_differs",FALSE,"494fa22e7ab0291a53360e6c709c6161ac6137f0a711b3c6c41896dfa08f12d0","incorrect",FALSE,"2026-09-30T16:55:14.020345+00:00"
"SV3692:deepseek:r0:C0","SV3692","deepseek","kimi",0,"C0","SV3692:deepseek:r0","incorrect","date_differs",TRUE,"cd77edae600de0ec3af44778313184cbed5871b7ef4213dfc185106054788fc0","incorrect",FALSE,"2026-09-30T16:55:16.622519+00:00"
"SV3692:deepseek:r0:C2","SV3692","deepseek","kimi",0,"C2","SV3692:deepseek:r0","incorrect","date_differs",TRUE,"7af4917d5cba7649466aaf934a79b53cef6b2443d22b22dc2dea179cd1ac30ad","incorrect",FALSE,"2026-09-30T16:55:17.970030+00:00"
"SV2411:minimax:r0:C4","SV2411","minimax","kimi",0,"C4","SV2411:minimax:r0","incorrect","date_differs",FALSE,"679be7ea74a414832f92bbe0f77f3c3b7ba5344957b74caf43849929162a08ea","incorrect",FALSE,"2026-09-30T16:55:17.171168+00:00"
"SV1807:deepseek:r0:baseline","SV1807","deepseek","minimax",0,"baseline","SV1807:deepseek:r0","incorrect","date_differs",TRUE,"0344e7fc5c700c4112d1273372232aa7a750343c803666ab8c3dd6d57fdfe54b","incorrect",FALSE,"2026-09-30T16:55:19.082988+00:00"
"SV3081:kimi:r0:C1","SV3081","kimi","deepseek",0,"C1","SV3081:kimi:r0","correct","date_matches",FALSE,"0397c4e7490e67bd73a0e817a0542df28cb84d29c63d67ddd1f05ad77b466d48","correct",FALSE,"2026-09-30T16:55:13.825964+00:00"
"SV1807:deepseek:r0:C2","SV1807","deepseek","minimax",0,"C2","SV1807:deepseek:r0","incorrect","date_differs",TRUE,"42bbd8ebd3bb9d73149f557dfbed944dd7d0c7429ad0f3cc9b2075bd2fedebb8","incorrect",FALSE,"2026-09-30T16:55:20.592018+00:00"
"SV2411:minimax:r0:C0","SV2411","minimax","kimi",0,"C0","SV2411:minimax:r0","incorrect","date_differs",FALSE,"6fa61d2c6d831801a0170d51673a811fcde5000bc28bf1ad0bdd24fde48a4bff","incorrect",FALSE,"2026-09-30T16:55:20.320341+00:00"
"SV1807:deepseek:r0:C5","SV1807","deepseek","minimax",0,"C5","SV1807:deepseek:r0","correct","date_matches",FALSE,"725d532d2f42d5c3344f84cf1e5685cf3efef2bc483b456728dde31fa39fb7fa","correct",FALSE,"2026-09-30T16:55:22.142490+00:00"
"SV1807:deepseek:r0:C0","SV1807","deepseek","minimax",0,"C0","SV1807:deepseek:r0","incorrect","date_differs",TRUE,"30d3aa4de9486bbf2880d647a85579cd6ad9d9e44947750fa0d1a2e68ba471d6","incorrect",FALSE,"2026-09-30T16:55:23.838590+00:00"
"SV3081:kimi:r0:C2","SV3081","kimi","deepseek",0,"C2","SV3081:kimi:r0","correct","date_matches",FALSE,"ae3700f4faed387084a47ca490024e67eac2f7fb60e1b068d4a6fe4489de20d1","correct",FALSE,"2026-09-30T16:55:21.297055+00:00"
"SV2411:minimax:r0:C1","SV2411","minimax","kimi",0,"C1","SV2411:minimax:r0","incorrect","date_differs",FALSE,"d1205fcde7a54ce5362b54f09f478ff0e38f502f08a88884c4edfaa62c3ddaec","incorrect",FALSE,"2026-09-30T16:55:23.672035+00:00"
"SV1807:deepseek:r0:C4","SV1807","deepseek","minimax",0,"C4","SV1807:deepseek:r0","correct","date_matches",FALSE,"ba4046d6e558a72ab1faf0c193f192e62784d00ab0898607211aaa164edafde1","correct",FALSE,"2026-09-30T16:55:25.282103+00:00"
"SV1807:deepseek:r0:C3","SV1807","deepseek","minimax",0,"C3","SV1807:deepseek:r0","abstain","explicit_abstention",FALSE,"2d657581f0044fc9cb27e73f1e767e6b6aaf494391fa8e41a8aa5799d36de751","abstain",FALSE,"2026-09-30T16:55:26.791036+00:00"
"SV3081:kimi:r0:C3","SV3081","kimi","deepseek",0,"C3","SV3081:kimi:r0","correct","date_matches",FALSE,"2aed13c473ee02fae7b65e8557ecf6c2ff9bc0e07875325ed68ce8115948b5f9","correct",FALSE,"2026-09-30T16:55:25.297988+00:00"
"SV1807:deepseek:r0:C1","SV1807","deepseek","minimax",0,"C1","SV1807:deepseek:r0","incorrect","date_differs",TRUE,"273531ebc34838cf04d57f9c698224d3d8622e45ca541c0acdf83a1f451d324a","incorrect",FALSE,"2026-09-30T16:55:28.485173+00:00"
"SV2411:minimax:r0:C3","SV2411","minimax","kimi",0,"C3","SV2411:minimax:r0","incorrect","date_differs",FALSE,"71c76f7fb8044698c3be16e4513772a75f75f6f3540196bbfc2c867cc51b5adb","incorrect",FALSE,"2026-09-30T16:55:26.789585+00:00"
"SV3081:kimi:r0:C0","SV3081","kimi","deepseek",0,"C0","SV3081:kimi:r0","abstain","explicit_abstention",FALSE,"11e01fba35e6fdf020b72b21ebb184734d924092b55d9247ffb00fa868f56358","abstain",FALSE,"2026-09-30T16:55:28.543754+00:00"
"SV1962:deepseek:r0:baseline","SV1962","deepseek","minimax",0,"baseline","SV1962:deepseek:r0","incorrect","date_differs",FALSE,"b6d3735a210397cd954a33601471fe9f42093eedb002955725bfc2c40e88e166","incorrect",FALSE,"2026-09-30T16:55:30.064877+00:00"
"SV1962:deepseek:r0:C0","SV1962","deepseek","minimax",0,"C0","SV1962:deepseek:r0","abstain","explicit_abstention",FALSE,"466fe12fb0ca675dc3dd62aeb13e8253d69c97dc9a008ce5ff0fe3a098f917a2","abstain",FALSE,"2026-09-30T16:55:31.238350+00:00"
"SV3081:kimi:r0:C4","SV3081","kimi","deepseek",0,"C4","SV3081:kimi:r0","correct","date_matches",FALSE,"7a13f91af3b0480a91957d88b99a64a56a3e51edbf08a6540acb926603e65912","correct",FALSE,"2026-09-30T16:55:31.037957+00:00"
"SV1962:deepseek:r0:C5","SV1962","deepseek","minimax",0,"C5","SV1962:deepseek:r0","abstain","explicit_abstention",FALSE,"64fe729f0fcad6d4dc48d445210ae5ad55eafc83bce780459174edffa3045177","abstain",FALSE,"2026-09-30T16:55:32.370471+00:00"
"SV3692:minimax:r0:baseline","SV3692","minimax","deepseek",0,"baseline","SV3692:minimax:r0","correct","date_matches",FALSE,"9ac4a8304accef3fee4e0cc000bfc195dd3dae8379f6a1cd02a177c33c1f8666","correct",FALSE,"2026-09-30T16:55:30.894471+00:00"
"SV1962:deepseek:r0:C2","SV1962","deepseek","minimax",0,"C2","SV1962:deepseek:r0","abstain","explicit_abstention",FALSE,"11002f959f299e88530bddd661d3757f5e168ccebb0e72d8955f0ebb84da5566","abstain",FALSE,"2026-09-30T16:55:33.724550+00:00"
"SV3081:kimi:r0:C5","SV3081","kimi","deepseek",0,"C5","SV3081:kimi:r0","correct","date_matches",FALSE,"15d8fd1633f88d46da507c8e08c2353fda1f61e81857348d5bf90dc08cdf2eba","correct",FALSE,"2026-09-30T16:55:33.243840+00:00"
"SV1962:deepseek:r0:C1","SV1962","deepseek","minimax",0,"C1","SV1962:deepseek:r0","incorrect","date_differs",TRUE,"7fbc54d5be7a720cb7f4badf2fb80215f63e4220d6e77d481523d86bea3ae789","incorrect",FALSE,"2026-09-30T16:55:35.221997+00:00"
"SV1962:deepseek:r0:C3","SV1962","deepseek","minimax",0,"C3","SV1962:deepseek:r0","incorrect","date_differs",FALSE,"0e2eec3307f69095570f176f6a975ca0a891d77c684bd3af3e5882f9f00efcaa","incorrect",FALSE,"2026-09-30T16:55:37.530686+00:00"
"SV2742:kimi:r0:baseline","SV2742","kimi","minimax",0,"baseline","SV2742:kimi:r0","incorrect","date_differs",FALSE,"5a45843f67d4744b2f955725f89e8b62ce96cc32b326c6fbd3b5720992e12f3b","incorrect",FALSE,"2026-09-30T16:55:36.987256+00:00"
"SV1962:deepseek:r0:C4","SV1962","deepseek","minimax",0,"C4","SV1962:deepseek:r0","abstain","explicit_abstention",FALSE,"eb214d0dde35d5bf4ea6865cfe227477b070fe8695b12f7f7ce949e6009d8460","abstain",FALSE,"2026-09-30T16:55:39.183264+00:00"
"SV2742:kimi:r0:C0","SV2742","kimi","minimax",0,"C0","SV2742:kimi:r0","abstain","explicit_abstention",FALSE,"e2d1ced76a6f4aff333770773cd43a1ef4afcdcc0ad2d9c35c2014013036836a","abstain",FALSE,"2026-09-30T16:55:39.352582+00:00"
"SV1368:deepseek:r0:baseline","SV1368","deepseek","minimax",0,"baseline","SV1368:deepseek:r0","abstain","explicit_abstention",FALSE,"537e73031c6c1b4820d41798f2ff2e503c84c2abb531720856b53127528dcc76","abstain",FALSE,"2026-09-30T16:55:40.840696+00:00"
"SV1368:deepseek:r0:C2","SV1368","deepseek","minimax",0,"C2","SV1368:deepseek:r0","incorrect","date_differs",TRUE,"4d9a4c9320fe8aba5b549557ccb090cf89a7c8d19fda2168680fed2a7ef9fb6f","incorrect",FALSE,"2026-09-30T16:55:41.689906+00:00"
"SV1368:deepseek:r0:C1","SV1368","deepseek","minimax",0,"C1","SV1368:deepseek:r0","incorrect","date_differs",TRUE,"e082549a12b7eebce1ca88aa590380a5c66f0868269af154a9c8bd4d416c4c18","incorrect",FALSE,"2026-09-30T16:55:42.986728+00:00"
"SV2742:kimi:r0:C5","SV2742","kimi","minimax",0,"C5","SV2742:kimi:r0","abstain","explicit_abstention",FALSE,"e47c554515e7e84d806a15ca9c1e74f0443a78e9a919d28659c28b39b044001f","abstain",FALSE,"2026-09-30T16:55:41.618810+00:00"
"SV1368:deepseek:r0:C5","SV1368","deepseek","minimax",0,"C5","SV1368:deepseek:r0","correct","date_matches",FALSE,"50ac778bcbb8f1c22162b901236c285e6ce289473198f7c0625be4a03d05967e","correct",FALSE,"2026-09-30T16:55:44.436490+00:00"
"SV2742:kimi:r0:C2","SV2742","kimi","minimax",0,"C2","SV2742:kimi:r0","abstain","explicit_abstention",FALSE,"7312f542e9ff91c2b65dd0898003f78900381ca438ce29a9c683eec2d7c36f32","abstain",FALSE,"2026-09-30T16:55:44.748519+00:00"
"SV1368:deepseek:r0:C4","SV1368","deepseek","minimax",0,"C4","SV1368:deepseek:r0","correct","date_matches",FALSE,"fcde21028b9251eeaf86ab28c337ea37aafa5c9651956bdc55b205b66b6b6823","correct",FALSE,"2026-09-30T16:55:46.080759+00:00"
"SV3692:minimax:r0:C2","SV3692","minimax","deepseek",0,"C2","SV3692:minimax:r0","incorrect","date_differs",TRUE,"d188b543da3b1cd5243c267cd95f8e99fb7c7fe8b5f8bf84c853548c5fb79518","incorrect",FALSE,"2026-09-30T16:55:34.451739+00:00"
"SV1368:deepseek:r0:C0","SV1368","deepseek","minimax",0,"C0","SV1368:deepseek:r0","incorrect","date_differs",FALSE,"a150f244d51e8724b69920598b0e6dd1adab11ebed77f7cf5f281ff2fac46231","incorrect",FALSE,"2026-09-30T16:55:47.576382+00:00"
"SV2742:kimi:r0:C1","SV2742","kimi","minimax",0,"C1","SV2742:kimi:r0","incorrect","date_differs",FALSE,"17c702ff54896cb6333cfe0c1f359a72fe9a8a51d580d872fdddfdf3caf6dfcf","incorrect",FALSE,"2026-09-30T16:55:47.091908+00:00"
"SV1368:deepseek:r0:C3","SV1368","deepseek","minimax",0,"C3","SV1368:deepseek:r0","incorrect","date_differs",TRUE,"ae9b4b315157c81c39f8a4a217e0f5370d12f2f691bb53bd9b639f177293fad0","incorrect",FALSE,"2026-09-30T16:55:48.806542+00:00"
"SV0850:deepseek:r0:baseline","SV0850","deepseek","kimi",0,"baseline","SV0850:deepseek:r0","correct","date_matches",FALSE,"7e13d84c6ef7b03d94cf8f4338784796337e8cc96ef984cb3ac4f156fb7ae58b","correct",FALSE,"2026-09-30T16:55:50.182784+00:00"
"SV3692:minimax:r0:C4","SV3692","minimax","deepseek",0,"C4","SV3692:minimax:r0","correct","date_matches",FALSE,"a09a3ee2b6c901e542f3324ba0063e118833a49a23228487d537e0482cedde30","correct",FALSE,"2026-09-30T16:55:47.841706+00:00"
"SV2742:kimi:r0:C4","SV2742","kimi","minimax",0,"C4","SV2742:kimi:r0","incorrect","date_differs",FALSE,"551d1dc47116ecdb99eea1740ff82018137bca078b547bb2cdb02cc61f860f21","incorrect",FALSE,"2026-09-30T16:55:49.491746+00:00"
"SV0850:deepseek:r0:C0","SV0850","deepseek","kimi",0,"C0","SV0850:deepseek:r0","abstain","explicit_abstention",FALSE,"a0b1b3f45f37029394be33f333813df572fc63f953ba52cdcda2d5bd00cb4d30","abstain",FALSE,"2026-09-30T16:55:51.334835+00:00"
"SV0850:deepseek:r0:C5","SV0850","deepseek","kimi",0,"C5","SV0850:deepseek:r0","abstain","explicit_abstention",FALSE,"72cf13e4c9a9975c9b293089b61523e8c5f0af7d067879fac507f286c7dc46ad","abstain",FALSE,"2026-09-30T16:55:52.754633+00:00"
"SV2742:kimi:r0:C3","SV2742","kimi","minimax",0,"C3","SV2742:kimi:r0","incorrect","date_differs",TRUE,"e436fb427a1b16f0772b97a89927bf46f3ab79c0c65db614257a649cc9db7da8","incorrect",FALSE,"2026-09-30T16:55:52.335682+00:00"
"SV0850:deepseek:r0:C1","SV0850","deepseek","kimi",0,"C1","SV0850:deepseek:r0","incorrect","date_differs",TRUE,"eb47878273fad0074f9468b3628eca4fdcdeb62275fe49e9c02642739588f1ba","incorrect",FALSE,"2026-09-30T16:55:54.410522+00:00"
"SV3692:minimax:r0:C3","SV3692","minimax","deepseek",0,"C3","SV3692:minimax:r0","correct","date_matches",FALSE,"63e8b5a2e46d6cfca188218765cf1f24e9c51ceceb8c8ed16464841cd798581f","correct",FALSE,"2026-09-30T16:55:51.942485+00:00"
"SV0850:deepseek:r0:C4","SV0850","deepseek","kimi",0,"C4","SV0850:deepseek:r0","abstain","explicit_abstention",FALSE,"73b10fbe7fa41bd0a12b3034a81bcbce5aa7a80ee423f80aea74f5f6d6121b29","abstain",FALSE,"2026-09-30T16:55:55.853431+00:00"
"SV0952:kimi:r0:baseline","SV0952","kimi","minimax",0,"baseline","SV0952:kimi:r0","correct","date_matches",FALSE,"1d101b290790cde5512c7e2f7fc4b73d3d0bcd8ef9d22baea269d542b0dfa466","correct",FALSE,"2026-09-30T16:55:55.619969+00:00"
"SV0850:deepseek:r0:C2","SV0850","deepseek","kimi",0,"C2","SV0850:deepseek:r0","incorrect","date_differs",TRUE,"12b601ff47f00daa416b065884561f448e00f34d8feeb143e8203138ff1fc593","incorrect",FALSE,"2026-09-30T16:55:57.128965+00:00"
"SV0850:deepseek:r0:C3","SV0850","deepseek","kimi",0,"C3","SV0850:deepseek:r0","incorrect","date_differs",TRUE,"e1e990a7412d422ec4e9467cfc067e88bd5511c55614ac7ddcc53d1c7d9b1702","incorrect",FALSE,"2026-09-30T16:55:58.561510+00:00"
"SV3692:minimax:r0:C0","SV3692","minimax","deepseek",0,"C0","SV3692:minimax:r0","correct","date_matches",FALSE,"d9c1b09eb6666dba5d9401997f1c52b6d083375a4ec12bae83ef46e067f8ad12","correct",FALSE,"2026-09-30T16:55:56.341077+00:00"
"SV3852:deepseek:r0:baseline","SV3852","deepseek","minimax",0,"baseline","SV3852:deepseek:r0","correct","date_matches",FALSE,"9b668a6ddbbfb1cf0374f906507c6f04672385f67ddbb3eb018f1583d1f72887","correct",FALSE,"2026-09-30T16:55:59.768890+00:00"
"SV0952:kimi:r0:C3","SV0952","kimi","minimax",0,"C3","SV0952:kimi:r0","correct","date_matches",FALSE,"c4cb85ec0e77e474b39a5eb41d1b767780614890b5baf36fcd2d03f4856c3402","correct",FALSE,"2026-09-30T16:55:58.196196+00:00"
"SV3852:deepseek:r0:C4","SV3852","deepseek","minimax",0,"C4","SV3852:deepseek:r0","correct","date_matches",FALSE,"a83b6c25526984ea7a186fe905dbd325021e9f47e82e56df79e4fbd58100c03c","correct",FALSE,"2026-09-30T16:56:01.077045+00:00"
"SV3852:deepseek:r0:C0","SV3852","deepseek","minimax",0,"C0","SV3852:deepseek:r0","incorrect","date_differs",TRUE,"70f47a1c19d990e2f94d442feb4f8120f838dad5871f367eef73ee56c2a8eb13","incorrect",FALSE,"2026-09-30T16:56:02.420562+00:00"
"SV3692:minimax:r0:C5","SV3692","minimax","deepseek",0,"C5","SV3692:minimax:r0","incorrect","date_differs",TRUE,"261741ab813e618bc25a23a9b7038373254b2d55d82839ecbbde0d95dd1fb002","incorrect",FALSE,"2026-09-30T16:56:00.617116+00:00"
"SV3852:deepseek:r0:C1","SV3852","deepseek","minimax",0,"C1","SV3852:deepseek:r0","correct","date_matches",FALSE,"86745585ea887b50f4079e3f81bf90c1d360bcba3fdbf1c9ea27eef824936d2c","correct",FALSE,"2026-09-30T16:56:03.958669+00:00"
"SV3852:deepseek:r0:C2","SV3852","deepseek","minimax",0,"C2","SV3852:deepseek:r0","correct","date_matches",FALSE,"da7886ee7973b25a70f80be95015a159230229a9643b57be6bf080d0e0105c8d","correct",FALSE,"2026-09-30T16:56:05.608896+00:00"
"SV3692:minimax:r0:C1","SV3692","minimax","deepseek",0,"C1","SV3692:minimax:r0","correct","date_matches",FALSE,"71384a72c85ba8f34de5f1c6cd9c676495cee90fae5345d69d03447b50a04fa4","correct",FALSE,"2026-09-30T16:56:04.206191+00:00"
"SV3852:deepseek:r0:C5","SV3852","deepseek","minimax",0,"C5","SV3852:deepseek:r0","correct","date_matches",FALSE,"2de020e5d67f0a6e69e81451a95fcb4f58e9780e1e95707854fe519830f62f3a","correct",FALSE,"2026-09-30T16:56:07.110140+00:00"
"SV0952:kimi:r0:C1","SV0952","kimi","minimax",0,"C1","SV0952:kimi:r0","correct","date_matches",FALSE,"46029ccff8ff65d2a4eebe3d94522ab5262fdae73dd8d97adcf8b1dc61baf5f6","correct",FALSE,"2026-09-30T16:56:01.448023+00:00"
"SV3852:deepseek:r0:C3","SV3852","deepseek","minimax",0,"C3","SV3852:deepseek:r0","correct","date_matches",FALSE,"ff45ca817a24c1923c439855797c70aed0a139ba1268d24f22b62c75e6c56303","correct",FALSE,"2026-09-30T16:56:08.845703+00:00"
"SV1807:minimax:r0:baseline","SV1807","minimax","kimi",0,"baseline","SV1807:minimax:r0","incorrect","date_differs",FALSE,"25c762b2a4513be3dfbd440c560c70eb79e78eaab9e4ce40cbbbb66b4869b8ee","incorrect",FALSE,"2026-09-30T16:56:08.769700+00:00"
"SV0710:deepseek:r0:baseline","SV0710","deepseek","minimax",0,"baseline","SV0710:deepseek:r0","incorrect","date_differs",FALSE,"a5a948af861442a2209b79e60e7097ef0ce5c637c722ff4b243bb190a63d5c86","incorrect",FALSE,"2026-09-30T16:56:10.803684+00:00"
"SV0710:deepseek:r0:C4","SV0710","deepseek","minimax",0,"C4","SV0710:deepseek:r0","incorrect","date_differs",FALSE,"712f5ac7cd3c1bbb14c76f59fcf7d2fac21ab165bdc3c7ce2c10020a992e8030","incorrect",FALSE,"2026-09-30T16:56:11.877982+00:00"
"SV1807:minimax:r0:C5","SV1807","minimax","kimi",0,"C5","SV1807:minimax:r0","incorrect","date_differs",FALSE,"8b6ee6ddf8243243636e777547d251fcf5043e87ca84010dfa80af31d22a7bf5","incorrect",FALSE,"2026-09-30T16:56:11.102210+00:00"
"SV0710:deepseek:r0:C5","SV0710","deepseek","minimax",0,"C5","SV0710:deepseek:r0","incorrect","date_differs",FALSE,"e96b9ec2b6b855bee70edef1d15824e92e96d7cb1f5e852654e9aa16f29bbe07","incorrect",FALSE,"2026-09-30T16:56:13.337841+00:00"
"SV1807:minimax:r0:C0","SV1807","minimax","kimi",0,"C0","SV1807:minimax:r0","incorrect","date_differs",FALSE,"053a24a9e2724f15868c768ff2b64a444bc57cf0f9d6b8ce66d5b5f51f29c6c6","incorrect",FALSE,"2026-09-30T16:56:14.219313+00:00"
"SV0710:deepseek:r0:C2","SV0710","deepseek","minimax",0,"C2","SV0710:deepseek:r0","incorrect","date_differs",FALSE,"2736b76791a1b6fe61c2f6f78f5f5c7f5a1ea4c4071c59bde2e9ba97333aedc8","incorrect",FALSE,"2026-09-30T16:56:15.098395+00:00"
"SV0710:deepseek:r0:C3","SV0710","deepseek","minimax",0,"C3","SV0710:deepseek:r0","incorrect","date_differs",FALSE,"a1cd60f626c6ef810c38e7fc89dea6f72dcb16e4a1e935aea4a4e6b3807cc3da","incorrect",FALSE,"2026-09-30T16:56:16.695388+00:00"
"SV0952:kimi:r0:C2","SV0952","kimi","minimax",0,"C2","SV0952:kimi:r0","correct","date_matches",FALSE,"76891d1265758f034f4f7fc18a9d7ad62980b3915941b50812ba210a8a549fdf","correct",FALSE,"2026-09-30T16:56:10.422773+00:00"
"SV1807:minimax:r0:C4","SV1807","minimax","kimi",0,"C4","SV1807:minimax:r0","incorrect","date_differs",FALSE,"b08b2a6ef00326da50b4781404da3466aa2c5e7012f407dd77f8e95068cb799a","incorrect",FALSE,"2026-09-30T16:56:16.635931+00:00"
"SV0710:deepseek:r0:C1","SV0710","deepseek","minimax",0,"C1","SV0710:deepseek:r0","incorrect","date_differs",FALSE,"ccb3cdc2ec654ef2f70adff4d0cf3032df02d89db27c1a9437ebdf6c06e18b56","incorrect",FALSE,"2026-09-30T16:56:18.297854+00:00"
"SV0710:deepseek:r0:C0","SV0710","deepseek","minimax",0,"C0","SV0710:deepseek:r0","incorrect","date_differs",FALSE,"8acffb86910e8acda6fbbbbcb444d707bdf7eeede8c20e093ac75cc69f7ba543","incorrect",FALSE,"2026-09-30T16:56:20.314260+00:00"
"SV0952:kimi:r0:C0","SV0952","kimi","minimax",0,"C0","SV0952:kimi:r0","correct","date_matches",FALSE,"94c7088686f5b21b9f7549acb03d0ee936e514720cee3add0d9e9de8abd90031","correct",FALSE,"2026-09-30T16:56:18.859752+00:00"
"SV0952:kimi:r0:C5","SV0952","kimi","minimax",0,"C5","SV0952:kimi:r0","correct","date_matches",FALSE,"b51f62b475937a1933106b1a922db8aab5247bdf7a13593063135113382dc019","correct",FALSE,"2026-09-30T16:56:24.189159+00:00"
"SV1807:minimax:r0:C1","SV1807","minimax","kimi",0,"C1","SV1807:minimax:r0","incorrect","date_differs",FALSE,"27673e081576b90d2bb5faf3973781fa663d68986882097fd0f9d38b58aec327","incorrect",FALSE,"2026-09-30T16:56:19.205454+00:00"
"SV0952:kimi:r0:C4","SV0952","kimi","minimax",0,"C4","SV0952:kimi:r0","abstain","explicit_abstention",FALSE,"4026a7cc9989d708c55ad61667bb2e642e18a12e58d0573100e928e0af999287","abstain",FALSE,"2026-09-30T16:56:27.278571+00:00"
"SV1807:minimax:r0:C2","SV1807","minimax","kimi",0,"C2","SV1807:minimax:r0","incorrect","date_differs",FALSE,"5508f33f324d7cde838874e4615625f3acff031508c09849fdcc811f6b1b1d7c","incorrect",FALSE,"2026-09-30T16:56:29.921365+00:00"
"SV1807:kimi:r0:baseline","SV1807","kimi","deepseek",0,"baseline","SV1807:kimi:r0","incorrect","date_differs",FALSE,"172a38cf429be0feb0e13f812d8f67ce863b5cec64f7dada381398004fbd2721","incorrect",FALSE,"2026-09-30T16:56:30.328330+00:00"
"SV1807:kimi:r0:C2","SV1807","kimi","deepseek",0,"C2","SV1807:kimi:r0","incorrect","date_differs",FALSE,"60b375dc605034ab9ab0892a9e808e3ed74fe647e20683a172de1d0790d53535","incorrect",FALSE,"2026-09-30T16:56:32.508723+00:00"
"SV1807:minimax:r0:C3","SV1807","minimax","kimi",0,"C3","SV1807:minimax:r0","incorrect","date_differs",FALSE,"9823837d2572cb4adbceb80d3d5b5546a06c8ee06296b0b4de6595efa42d4f6e","incorrect",FALSE,"2026-09-30T16:56:32.362243+00:00"
"SV1807:kimi:r0:C4","SV1807","kimi","deepseek",0,"C4","SV1807:kimi:r0","incorrect","date_differs",FALSE,"eae30b95a1ada24f8664c412669633b682e6242ec85749eba4cb3e437c53f448","incorrect",FALSE,"2026-09-30T16:56:34.864235+00:00"
"SV2742:minimax:r0:baseline","SV2742","minimax","deepseek",0,"baseline","SV2742:minimax:r0","incorrect","date_differs",FALSE,"588ff5bdecb532b9507f7e112878de5387075811f3f31f7a259fcde45ce14d16","incorrect",FALSE,"2026-09-30T16:56:34.867212+00:00"
"SV2742:minimax:r0:C1","SV2742","minimax","deepseek",0,"C1","SV2742:minimax:r0","incorrect","date_differs",FALSE,"122889733212fa42c435069b848da85267be5ea686f03c75ba6078ca9011e634","incorrect",FALSE,"2026-09-30T16:56:37.713938+00:00"
"SV1807:kimi:r0:C3","SV1807","kimi","deepseek",0,"C3","SV1807:kimi:r0","incorrect","date_differs",TRUE,"22c46f327960cef49bb0b34d871f8cf97cfc2e0822827c8ffd3aad38b69a83d6","incorrect",FALSE,"2026-09-30T16:56:37.341952+00:00"
"SV1807:kimi:r0:C0","SV1807","kimi","deepseek",0,"C0","SV1807:kimi:r0","abstain","explicit_abstention",FALSE,"f9deced0c45532b7f6f0468021509de4e6c29febc998f4bed9deaeec6e120aec","abstain",FALSE,"2026-09-30T16:56:40.124381+00:00"
"SV1807:kimi:r0:C5","SV1807","kimi","deepseek",0,"C5","SV1807:kimi:r0","incorrect","date_differs",FALSE,"d9b333714f8c1a6c67ed1fbbc05b9ba3f1abc1d9b5031144f4bdb6e340d59107","incorrect",FALSE,"2026-09-30T16:56:42.133172+00:00"
"SV2742:minimax:r0:C2","SV2742","minimax","deepseek",0,"C2","SV2742:minimax:r0","abstain","explicit_abstention",FALSE,"6abab9eeaa4e418ae0023fd8ffb87521c764aace9962827d324ef71f430f104f","abstain",FALSE,"2026-09-30T16:56:40.071003+00:00"
"SV1807:kimi:r0:C1","SV1807","kimi","deepseek",0,"C1","SV1807:kimi:r0","abstain","explicit_abstention",FALSE,"680c5bb9e546d9b93618229ca982cc6ef1f572f5760e6370028e21a1701c8080","abstain",FALSE,"2026-09-30T16:56:45.409404+00:00"
"SV2742:minimax:r0:C0","SV2742","minimax","deepseek",0,"C0","SV2742:minimax:r0","abstain","review: Explicitly declines to determine the exact requested day/month/year; year-only answer does not claim an exact date.",FALSE,"421bf34ace4b2e832d030005478800afa86ed757b7d2d16756e6f5306b63f88b","pending",FALSE,"2026-09-30T16:56:46.266734+00:00"
"SV1872:kimi:r0:baseline","SV1872","kimi","deepseek",0,"baseline","SV1872:kimi:r0","correct","date_matches",FALSE,"f66367cc408b8f7b2a89aa8454b4466bc75e43893c72cd91309f06ae10330cae","correct",FALSE,"2026-09-30T16:56:47.516885+00:00"
"SV2742:minimax:r0:C5","SV2742","minimax","deepseek",0,"C5","SV2742:minimax:r0","incorrect","date_differs",FALSE,"5e578b4cce76a75fac2ce85bd5f61dd006c5baec4d9fcfe1d9447cb057e580ec","incorrect",FALSE,"2026-09-30T16:56:49.044697+00:00"
"SV1872:kimi:r0:C0","SV1872","kimi","deepseek",0,"C0","SV1872:kimi:r0","correct","date_matches",FALSE,"fe4aa2408d273a6bcbaeb0bd4b1532e67dc7b37c555833a1c4bb28a44a9e2f10","correct",FALSE,"2026-09-30T16:56:49.731911+00:00"
"SV2742:minimax:r0:C4","SV2742","minimax","deepseek",0,"C4","SV2742:minimax:r0","abstain","explicit_abstention",FALSE,"bde2c5274ee8b7015b66bf145bbbb9ae45085945aa2250f6fe7b81c9f78c33ed","abstain",FALSE,"2026-09-30T16:56:51.775466+00:00"
"SV1872:kimi:r0:C2","SV1872","kimi","deepseek",0,"C2","SV1872:kimi:r0","correct","date_matches",FALSE,"9c50fd97816a6a1e7bc8931710de2635620aa21e4b4e77b45f4d58e4570ea961","correct",FALSE,"2026-09-30T16:56:52.220483+00:00"
"SV1872:kimi:r0:C4","SV1872","kimi","deepseek",0,"C4","SV1872:kimi:r0","abstain","explicit_abstention",FALSE,"285ec211ac0934d74f95f812b769070f1505cd193d6d45be2d161feb90a25192","abstain",FALSE,"2026-09-30T16:56:55.172884+00:00"
"SV2742:minimax:r0:C3","SV2742","minimax","deepseek",0,"C3","SV2742:minimax:r0","incorrect","date_differs",FALSE,"59b067acef3be871a750ffbf3985c68ba9b436630bd1f297deac326c5ca724fc","incorrect",FALSE,"2026-09-30T16:56:54.715403+00:00"
"SV1872:kimi:r0:C3","SV1872","kimi","deepseek",0,"C3","SV1872:kimi:r0","correct","date_matches",FALSE,"9936c8d6fbaa00bf2124aea5ea96106801283c6e557275c2e3f0c786419852f0","correct",FALSE,"2026-09-30T16:56:57.013406+00:00"
"SV3902:minimax:r0:baseline","SV3902","minimax","deepseek",0,"baseline","SV3902:minimax:r0","abstain","explicit_abstention",FALSE,"6fb31095b72b3e3016df04af3de90675cc1f8745489500f87ca483797e094fb8","abstain",FALSE,"2026-09-30T16:56:57.319436+00:00"
"SV1872:kimi:r0:C5","SV1872","kimi","deepseek",0,"C5","SV1872:kimi:r0","abstain","explicit_abstention",FALSE,"37d2e897a400b0535e1030099e4d9cadaf987c0de0de6703f1ae623205aaa104","abstain",FALSE,"2026-09-30T16:57:00.382867+00:00"
"SV3902:minimax:r0:C4","SV3902","minimax","deepseek",0,"C4","SV3902:minimax:r0","abstain","explicit_abstention",FALSE,"ebd5d640ab202aba84da5558f23fdd748f8de925c046388cea493e71d0043dac","abstain",FALSE,"2026-09-30T16:57:00.778717+00:00"
"SV3902:minimax:r0:C2","SV3902","minimax","deepseek",0,"C2","SV3902:minimax:r0","abstain","explicit_abstention",FALSE,"5e257b046dcbe837a431e0f457a21a12cd7457b63e3c6253376f35c22dfefcca","abstain",FALSE,"2026-09-30T16:57:03.709156+00:00"
"SV1872:kimi:r0:C1","SV1872","kimi","deepseek",0,"C1","SV1872:kimi:r0","correct","date_matches",FALSE,"43d7a136a5a2e1091a8a908f197bc08227eee37f7654b5a4ea2ad03ce1d545e0","correct",FALSE,"2026-09-30T16:57:02.869269+00:00"
"SV3902:minimax:r0:C3","SV3902","minimax","deepseek",0,"C3","SV3902:minimax:r0","incorrect","date_differs",TRUE,"2dc671cbcebfd0e19d86cd7c040da5481aac5dd9bbda47a4aae91e8ca1864776","incorrect",FALSE,"2026-09-30T16:57:07.050633+00:00"
"SV3852:kimi:r0:baseline","SV3852","kimi","deepseek",0,"baseline","SV3852:kimi:r0","incorrect","date_differs",FALSE,"faf4c118d70c85a2aef581c993f09222873fef1cf4ad512e92de53cc713df9c8","incorrect",FALSE,"2026-09-30T16:57:10.202509+00:00"
"SV3902:minimax:r0:C5","SV3902","minimax","deepseek",0,"C5","SV3902:minimax:r0","abstain","explicit_abstention",FALSE,"071978ede43f830f1d7dc69364980fbd7868f8aafbd98e3c2794759103b414b1","abstain",FALSE,"2026-09-30T16:57:10.648948+00:00"
"SV3852:kimi:r0:C5","SV3852","kimi","deepseek",0,"C5","SV3852:kimi:r0","abstain","explicit_abstention",FALSE,"e06425341944c25ba2a052e2c0129eff3a90d2a5869054321a08682d0a81d01c","abstain",FALSE,"2026-09-30T16:57:12.278166+00:00"
"SV3852:kimi:r0:C1","SV3852","kimi","deepseek",0,"C1","SV3852:kimi:r0","abstain","explicit_abstention",FALSE,"fbebdd80821177cdf45e3ca2ab8279506c662c617ea68ca886880e2d0d919076","abstain",FALSE,"2026-09-30T16:57:14.950318+00:00"
"SV3852:kimi:r0:C3","SV3852","kimi","deepseek",0,"C3","SV3852:kimi:r0","abstain","explicit_abstention",FALSE,"bd192636345bbe6590b15b87181f83d281dd7ba402039dbecfb0d11287880c2d","abstain",FALSE,"2026-09-30T16:57:17.038813+00:00"
"SV3852:kimi:r0:C2","SV3852","kimi","deepseek",0,"C2","SV3852:kimi:r0","incorrect","date_differs",FALSE,"3cc8fd8a419117aff7cf77642c443bcb4ef41bded6ea7942a3a85bfcf1905e04","incorrect",FALSE,"2026-09-30T16:57:19.580129+00:00"
"SV3852:kimi:r0:C4","SV3852","kimi","deepseek",0,"C4","SV3852:kimi:r0","abstain","explicit_abstention",FALSE,"a28f5541b6b89b5cc7670bda456b1ecd86144dd6766b8c183af4df2e5bc763f5","abstain",FALSE,"2026-09-30T16:57:22.122985+00:00"
"SV3852:kimi:r0:C0","SV3852","kimi","deepseek",0,"C0","SV3852:kimi:r0","abstain","explicit_abstention",FALSE,"e64229792d9cfaf95bc68e1627688d19be82bc486d820a81b6ae88036b1b06fa","abstain",FALSE,"2026-09-30T16:57:24.400500+00:00"
"SV1870:kimi:r0:baseline","SV1870","kimi","minimax",0,"baseline","SV1870:kimi:r0","correct","date_matches",FALSE,"aa5671f4043f70e968a2f50e45a82cf3d283860f8ea594c6623189cb19c71bef","correct",FALSE,"2026-09-30T16:57:26.528895+00:00"
"SV1870:kimi:r0:C1","SV1870","kimi","minimax",0,"C1","SV1870:kimi:r0","correct","date_matches",FALSE,"07d0763b2248d70da7429855d3f4b00b60108aca558865ca657f4639e9c674dd","correct",FALSE,"2026-09-30T16:57:28.725566+00:00"
"SV3902:minimax:r0:C1","SV3902","minimax","deepseek",0,"C1","SV3902:minimax:r0","incorrect","date_differs",TRUE,"ac81c0dd84fe561283f88af05a698d189c390551a51dc052c5b63f406388afa8","incorrect",FALSE,"2026-09-30T16:57:14.310269+00:00"
"SV3902:minimax:r0:C0","SV3902","minimax","deepseek",0,"C0","SV3902:minimax:r0","incorrect","date_differs",FALSE,"31942efc1684284d29ea0df40e65b7fd86eba0272a230a014a6f3d14730077e1","incorrect",FALSE,"2026-09-30T16:57:33.151645+00:00"
"SV1870:kimi:r0:C0","SV1870","kimi","minimax",0,"C0","SV1870:kimi:r0","abstain","explicit_abstention",FALSE,"82563cdbb65de9900d6a91c34e3f6ae854b45341f89f9936dda5520a7d1c83c7","abstain",FALSE,"2026-09-30T16:57:31.988089+00:00"
"SV1962:minimax:r0:baseline","SV1962","minimax","kimi",0,"baseline","SV1962:minimax:r0","incorrect","date_differs",FALSE,"1a18a3ad381ce0d420255ec0788d4ed044bd1beb77bae0bab4f6510c5c97e08a","incorrect",FALSE,"2026-09-30T16:57:35.805359+00:00"
"SV1870:kimi:r0:C5","SV1870","kimi","minimax",0,"C5","SV1870:kimi:r0","abstain","explicit_abstention",FALSE,"3282452a192c025c7a94a6650de91231b316d1dc3bb79f5927d8177bb0b08e0b","abstain",FALSE,"2026-09-30T16:57:36.625533+00:00"
"SV1870:kimi:r0:C4","SV1870","kimi","minimax",0,"C4","SV1870:kimi:r0","correct","date_matches",FALSE,"1538f84d72aa097a74ba1fbe0ba77b3656a840b8f3d82f2d407e3cc76702e762","correct",FALSE,"2026-09-30T16:57:39.229825+00:00"
"SV1962:minimax:r0:C0","SV1962","minimax","kimi",0,"C0","SV1962:minimax:r0","incorrect","date_differs",FALSE,"ab41af4f9cc21a7361c424035b0a6d7c2e5cdc393dec24b3e6d202e6c49a5ac8","incorrect",FALSE,"2026-09-30T16:57:38.771569+00:00"
"SV1870:kimi:r0:C2","SV1870","kimi","minimax",0,"C2","SV1870:kimi:r0","abstain","explicit_abstention",FALSE,"a63bfd134d5b5c7b292189567e40b2e77936cbbfb6cfe7228fcd09c9750d7ead","abstain",FALSE,"2026-09-30T16:57:41.537814+00:00"
"SV1870:kimi:r0:C3","SV1870","kimi","minimax",0,"C3","SV1870:kimi:r0","abstain","explicit_abstention",FALSE,"3e3798eda0b008e3b2b72e9807bc04c04636f12b69164e0caf1e8bfb2edd74a6","abstain",FALSE,"2026-09-30T16:57:43.756873+00:00"
"SV1962:minimax:r0:C1","SV1962","minimax","kimi",0,"C1","SV1962:minimax:r0","incorrect","date_differs",FALSE,"5a9832ba259030ac251c75653863a87f0fdd6a4c7c8f375b966a7fd6305ea75e","incorrect",FALSE,"2026-09-30T16:57:42.599243+00:00"
"SV0850:kimi:r0:baseline","SV0850","kimi","minimax",0,"baseline","SV0850:kimi:r0","abstain","explicit_abstention",FALSE,"01e34307abd65c8db99e4516c45f81cc9e74a04303bb5aa64a1f8a644aa5c7ff","abstain",FALSE,"2026-09-30T16:57:45.795420+00:00"
"SV0850:kimi:r0:C3","SV0850","kimi","minimax",0,"C3","SV0850:kimi:r0","abstain","explicit_abstention",FALSE,"d84ea3b1474262920538899f0fc789ed0ff78dc221672a6a99b8d538f780c18a","abstain",FALSE,"2026-09-30T16:57:47.865689+00:00"
"SV1962:minimax:r0:C3","SV1962","minimax","kimi",0,"C3","SV1962:minimax:r0","incorrect","date_differs",FALSE,"c939ef3780d37192b2315ee26574c78928e017d4ebba80416b17c4a65d15a5d6","incorrect",FALSE,"2026-09-30T16:57:46.601818+00:00"
"SV0850:kimi:r0:C0","SV0850","kimi","minimax",0,"C0","SV0850:kimi:r0","incorrect","date_differs",FALSE,"7d5e14656664ae0e35f739ab9bc8b51945f9a01a5157876b3c025841e6f3585f","incorrect",FALSE,"2026-09-30T16:57:50.489038+00:00"
"SV0850:kimi:r0:C1","SV0850","kimi","minimax",0,"C1","SV0850:kimi:r0","abstain","explicit_abstention",FALSE,"24b8eb630d3b1335d878a7548337949dce63a82009806fe32ec5fb21a75cc5ed","abstain",FALSE,"2026-09-30T16:57:52.233545+00:00"
"SV1962:minimax:r0:C5","SV1962","minimax","kimi",0,"C5","SV1962:minimax:r0","abstain","explicit_abstention",FALSE,"5458df3ef0ab6e778543f171bca2a59c7d95ece2f40cdedd897ca35c14259317","abstain",FALSE,"2026-09-30T16:57:50.518963+00:00"
"SV0850:kimi:r0:C4","SV0850","kimi","minimax",0,"C4","SV0850:kimi:r0","abstain","explicit_abstention",FALSE,"769be183ad04673305af1ed29ff2056dfe5a80aa9a468c8f2502af08390ac281","abstain",FALSE,"2026-09-30T16:57:54.109043+00:00"
"SV0850:kimi:r0:C2","SV0850","kimi","minimax",0,"C2","SV0850:kimi:r0","abstain","explicit_abstention",FALSE,"856a11c4f24229cc268f513088dfd0a92fd05e9d308ff61d701d2e11d34239b7","abstain",FALSE,"2026-09-30T16:57:56.375703+00:00"
"SV1962:minimax:r0:C4","SV1962","minimax","kimi",0,"C4","SV1962:minimax:r0","abstain","explicit_abstention",FALSE,"87fd6408246ffdbc5b9ca3950910f759b7b71631abb0c774aca23675e989e55b","abstain",FALSE,"2026-09-30T16:57:55.130680+00:00"
"SV0850:kimi:r0:C5","SV0850","kimi","minimax",0,"C5","SV0850:kimi:r0","abstain","explicit_abstention",FALSE,"66abd65f1b733f957ab70d53dc236145365ee3724445e9aae1b8ae4e34a42e18","abstain",FALSE,"2026-09-30T16:57:58.784385+00:00"
"SV1962:minimax:r0:C2","SV1962","minimax","kimi",0,"C2","SV1962:minimax:r0","incorrect","date_differs",FALSE,"4ef250ef4d3d80330366db0692367bc44feb4eccd9aa97e05f7d195bb9e1f4eb","incorrect",FALSE,"2026-09-30T16:57:59.343000+00:00"
"SV3902:kimi:r0:baseline","SV3902","kimi","minimax",0,"baseline","SV3902:kimi:r0","incorrect","date_differs",FALSE,"65664395d2433b163d849870a71b48ef14f075664fa6418894853b4724e370aa","incorrect",FALSE,"2026-09-30T16:58:01.461553+00:00"
"SV3081:minimax:r0:baseline","SV3081","minimax","kimi",0,"baseline","SV3081:minimax:r0","incorrect","date_differs",FALSE,"17b9e3c0a7223d1eaed60507defeabe494354675c6bc9648435b7a8a9495a713","incorrect",FALSE,"2026-09-30T16:58:03.154249+00:00"
"SV3081:minimax:r0:C5","SV3081","minimax","kimi",0,"C5","SV3081:minimax:r0","incorrect","date_differs",FALSE,"5b69b7a9ad410d92ffa635c7e70af824745cde074be1666f74e234951702537a","incorrect",FALSE,"2026-09-30T16:58:06.296391+00:00"
"SV3902:kimi:r0:C4","SV3902","kimi","minimax",0,"C4","SV3902:kimi:r0","incorrect","date_differs",FALSE,"f87398bcb6986c2f48096f0a9776fd1779dabc5e73e275eb1c482c8e4972b12a","incorrect",FALSE,"2026-09-30T16:58:03.198822+00:00"
"SV3081:minimax:r0:C3","SV3081","minimax","kimi",0,"C3","SV3081:minimax:r0","incorrect","date_differs",FALSE,"3c699da06c973b2443e2881fe1c38f81f5de11d62aa8201ad930929055c4093e","incorrect",FALSE,"2026-09-30T16:58:10.417876+00:00"
"SV3902:kimi:r0:C2","SV3902","kimi","minimax",0,"C2","SV3902:kimi:r0","abstain","explicit_abstention",FALSE,"81dd0c05627712b2bbc07f4cd3e65370684f06f94d3f321a0c5c9e8c10982f5a","abstain",FALSE,"2026-09-30T16:58:10.641172+00:00"
"SV3081:minimax:r0:C1","SV3081","minimax","kimi",0,"C1","SV3081:minimax:r0","correct","date_matches",FALSE,"e40d5a03487dd043211524fbe3f10edb343d8dae15398cf5b36c40bc4f3352eb","correct",FALSE,"2026-09-30T16:58:14.652807+00:00"
"SV3081:minimax:r0:C4","SV3081","minimax","kimi",0,"C4","SV3081:minimax:r0","incorrect","date_differs",FALSE,"b89b7e2a820f4870f232c0fd0d86a7fb54756df321dedc9df8c247bba1a049e4","incorrect",FALSE,"2026-09-30T16:58:18.186170+00:00"
"SV3902:kimi:r0:C5","SV3902","kimi","minimax",0,"C5","SV3902:kimi:r0","incorrect","date_differs",FALSE,"b622deb668b53c8649ef0c09d29e22fa98b8d6d357f8a6e7d6fae3a5287cb158","incorrect",FALSE,"2026-09-30T16:58:15.602918+00:00"
"SV3081:minimax:r0:C0","SV3081","minimax","kimi",0,"C0","SV3081:minimax:r0","incorrect","date_differs",FALSE,"c7b0da54e3f13a2f4ac4978dcbb1d2bdc63a7ef884cc94e55096601bdfd6ea70","incorrect",FALSE,"2026-09-30T16:58:21.221902+00:00"
"SV3081:minimax:r0:C2","SV3081","minimax","kimi",0,"C2","SV3081:minimax:r0","incorrect","date_differs",FALSE,"d932f4360dad1c1f969f7185422bba56310974cf6a560e5238e2ffe249f4c064","incorrect",FALSE,"2026-09-30T16:58:24.330500+00:00"
"SV3902:kimi:r0:C0","SV3902","kimi","minimax",0,"C0","SV3902:kimi:r0","abstain","explicit_abstention",FALSE,"b3d7fad6d80b87d527da7cfa17968985cc94d135067037b0066af3ad8159b543","abstain",FALSE,"2026-09-30T16:58:23.400520+00:00"
"SV1368:minimax:r0:baseline","SV1368","minimax","kimi",0,"baseline","SV1368:minimax:r0","incorrect","date_differs",FALSE,"572dc8d55a82eeb453c355e5fe3a5ec9eed8755e70f61b909695ab11aa8f4dbb","incorrect",FALSE,"2026-09-30T16:58:27.582071+00:00"
"SV1368:minimax:r0:C5","SV1368","minimax","kimi",0,"C5","SV1368:minimax:r0","incorrect","date_differs",FALSE,"4b9e265689ececa77d0188d535789c2b353ea7fcaee28f283161b3f6a54b2605","incorrect",FALSE,"2026-09-30T16:58:30.118960+00:00"
"SV3902:kimi:r0:C3","SV3902","kimi","minimax",0,"C3","SV3902:kimi:r0","incorrect","date_differs",FALSE,"c3fd6203d9fbaeae30fa6712a92c57f053a4f5e3f7847ea53cc58cdb5b4f0e6c","incorrect",FALSE,"2026-09-30T16:58:28.323767+00:00"
"SV1368:minimax:r0:C1","SV1368","minimax","kimi",0,"C1","SV1368:minimax:r0","incorrect","date_differs",FALSE,"5c5241d101aef8b1df2086d765264b03359c23d9db8fd2047d8d2c39502d199c","incorrect",FALSE,"2026-09-30T16:58:32.571982+00:00"
"SV1368:minimax:r0:C3","SV1368","minimax","kimi",0,"C3","SV1368:minimax:r0","abstain","explicit_abstention",FALSE,"03e99fb0b69dafa3a1c5fef0381d380304ae699942e189ef93bebfe483390e7a","abstain",FALSE,"2026-09-30T16:58:34.963999+00:00"
"SV3902:kimi:r0:C1","SV3902","kimi","minimax",0,"C1","SV3902:kimi:r0","incorrect","date_differs",FALSE,"90039c60af5a169b3d605b25e7620b684e3f0e3a7d1f8933a6dbdfde989f14f6","incorrect",FALSE,"2026-09-30T16:58:34.523623+00:00"
"SV1368:kimi:r0:baseline","SV1368","kimi","deepseek",0,"baseline","SV1368:kimi:r0","incorrect","date_differs",FALSE,"ab25fde7ea826cafd70ea3eadb5941f896ad91d61450c106702ccb364ea4f9c7","incorrect",FALSE,"2026-09-30T16:58:37.436048+00:00"
"SV1368:minimax:r0:C4","SV1368","minimax","kimi",0,"C4","SV1368:minimax:r0","incorrect","date_differs",FALSE,"18e7001d08826238a67d21cee591cea34e296568e24160d7fbb2f6abb44fa23c","incorrect",FALSE,"2026-09-30T16:58:37.376969+00:00"
"SV1368:kimi:r0:C4","SV1368","kimi","deepseek",0,"C4","SV1368:kimi:r0","correct","date_matches",FALSE,"d7b09364dfac4b59adda355a7261ec9ef59abd94beb7fb4c76cc4f8742ba8242","correct",FALSE,"2026-09-30T16:58:39.145229+00:00"
"SV1368:kimi:r0:C0","SV1368","kimi","deepseek",0,"C0","SV1368:kimi:r0","incorrect","date_differs",FALSE,"98b49037d1cc18447cff9d507bffa4158468bc0d60936ec518ba073acc936444","incorrect",FALSE,"2026-09-30T16:58:41.273619+00:00"
"SV1368:minimax:r0:C2","SV1368","minimax","kimi",0,"C2","SV1368:minimax:r0","incorrect","date_differs",FALSE,"a6d0ef663077beca0d9fabfec280a4f3d5cabaa1e5e43d04b6e0ff55a97e283f","incorrect",FALSE,"2026-09-30T16:58:40.705566+00:00"
"SV1368:kimi:r0:C2","SV1368","kimi","deepseek",0,"C2","SV1368:kimi:r0","incorrect","date_differs",FALSE,"531aab4644a0c19aab01dbd3f63a3c9f346039f292e14fd9f4829265f2e22077","incorrect",FALSE,"2026-09-30T16:58:42.930780+00:00"
"SV1368:minimax:r0:C0","SV1368","minimax","kimi",0,"C0","SV1368:minimax:r0","incorrect","date_differs",FALSE,"572dc8d55a82eeb453c355e5fe3a5ec9eed8755e70f61b909695ab11aa8f4dbb","incorrect",FALSE,"2026-09-30T16:58:42.954264+00:00"
"SV1368:kimi:r0:C5","SV1368","kimi","deepseek",0,"C5","SV1368:kimi:r0","abstain","explicit_abstention",FALSE,"041f3e2f8c269f94a300021d982ffaeb3d8c93e329cb029eba614bbe25b004ae","abstain",FALSE,"2026-09-30T16:58:44.852816+00:00"
"SV0952:minimax:r0:baseline","SV0952","minimax","deepseek",0,"baseline","SV0952:minimax:r0","incorrect","date_differs",FALSE,"2e8e7938de04a67791d28ba6f5f0fe9659399eafb884a461e239292a70135208","incorrect",FALSE,"2026-09-30T16:58:45.402456+00:00"
"SV1368:kimi:r0:C1","SV1368","kimi","deepseek",0,"C1","SV1368:kimi:r0","incorrect","date_differs",TRUE,"d2931fb6b010d3a812337cd559b633849e55fab3dc798180f69008a9c7d0d6d0","incorrect",FALSE,"2026-09-30T16:58:47.064843+00:00"
"SV0952:minimax:r0:C1","SV0952","minimax","deepseek",0,"C1","SV0952:minimax:r0","incorrect","date_differs",FALSE,"bba0d510552ae53ea502f1c384f71a91e1ea4d786fc8001005272e338864f6f8","incorrect",FALSE,"2026-09-30T16:58:48.610942+00:00"
"SV1368:kimi:r0:C3","SV1368","kimi","deepseek",0,"C3","SV1368:kimi:r0","incorrect","date_differs",FALSE,"a102b5f386107f0a500584ac4c0e7bc5fd6c71e8d6cfe365a269bf8e8cae5659","incorrect",FALSE,"2026-09-30T16:58:48.907945+00:00"
"SV0952:minimax:r0:C5","SV0952","minimax","deepseek",0,"C5","SV0952:minimax:r0","incorrect","date_differs",FALSE,"5cbd4ded348fbf12f0b1c995ef9b78968c89d09d51211f8e87acde441d0ec076","incorrect",FALSE,"2026-09-30T16:58:50.921358+00:00"
"SV0710:kimi:r0:baseline","SV0710","kimi","deepseek",0,"baseline","SV0710:kimi:r0","incorrect","date_differs",FALSE,"14ba9f493431488d24d79f49be9beff374e40c97af8b7f21b71cacbb98d2ca92","incorrect",FALSE,"2026-09-30T16:58:51.490858+00:00"
"SV0952:minimax:r0:C2","SV0952","minimax","deepseek",0,"C2","SV0952:minimax:r0","incorrect","date_differs",FALSE,"c8552904a142c48b7737aad4863fdd8ff6dfab8f6bbc1faea9548ed223d48f4c","incorrect",FALSE,"2026-09-30T16:58:53.339611+00:00"
"SV0710:kimi:r0:C3","SV0710","kimi","deepseek",0,"C3","SV0710:kimi:r0","incorrect","date_differs",FALSE,"b49c3d7109429ffafc3397fb4b4246e2ef5d73627e828efba67602a054fc416f","incorrect",FALSE,"2026-09-30T16:58:53.691549+00:00"
"SV0952:minimax:r0:C4","SV0952","minimax","deepseek",0,"C4","SV0952:minimax:r0","incorrect","date_differs",FALSE,"38dcb6afdf0788785a1e2474592236a7c28f227fe54eb8397af670c88859948a","incorrect",FALSE,"2026-09-30T16:58:55.673590+00:00"
"SV0710:kimi:r0:C1","SV0710","kimi","deepseek",0,"C1","SV0710:kimi:r0","incorrect","date_differs",FALSE,"830d3690c9c14c44b0e2403125aef02b5be6e0bcc8e7a4885d8a4f12f146e961","incorrect",FALSE,"2026-09-30T16:58:57.515431+00:00"
"SV0952:minimax:r0:C3","SV0952","minimax","deepseek",0,"C3","SV0952:minimax:r0","incorrect","date_differs",TRUE,"3263d3b989b7866da7e9dc8c43df747b7124ce9481606ae6c6e3488539ba9f1f","incorrect",FALSE,"2026-09-30T16:58:57.996673+00:00"
"SV0710:kimi:r0:C2","SV0710","kimi","deepseek",0,"C2","SV0710:kimi:r0","incorrect","date_differs",FALSE,"306b8002339262f8a20d1ed3c60d960c6a1d65d624884330bd1ab96006879856","incorrect",FALSE,"2026-09-30T16:59:00.254667+00:00"
"SV0952:minimax:r0:C0","SV0952","minimax","deepseek",0,"C0","SV0952:minimax:r0","incorrect","date_differs",FALSE,"b724cbab7165acd168084cde42cbc0bd281636b4f1d183de7c2913beb427c13e","incorrect",FALSE,"2026-09-30T16:59:00.558440+00:00"
"SV0710:minimax:r0:baseline","SV0710","minimax","kimi",0,"baseline","SV0710:minimax:r0","incorrect","date_differs",FALSE,"a7cc2e609fe72c2a43d64ec2225919207367bc51d1f362f8513d60685c8dece3","incorrect",FALSE,"2026-09-30T16:59:02.981732+00:00"
"SV0710:kimi:r0:C5","SV0710","kimi","deepseek",0,"C5","SV0710:kimi:r0","incorrect","date_differs",FALSE,"493c802f64eb73849859996b6e753c12a520cbb33cd86a3f00055be696f70a33","incorrect",FALSE,"2026-09-30T16:59:02.764642+00:00"
"SV0710:kimi:r0:C4","SV0710","kimi","deepseek",0,"C4","SV0710:kimi:r0","incorrect","date_differs",FALSE,"197a875f62fb4fab0e45c16b14d7532412104ee0f08cb534289f2ed35890e5af","incorrect",FALSE,"2026-09-30T16:59:05.557750+00:00"
"SV0710:minimax:r0:C2","SV0710","minimax","kimi",0,"C2","SV0710:minimax:r0","incorrect","date_differs",FALSE,"ace910d80e373a281bdc64e7c702aea3b74d7c4908bd6ef94007a4bade6b4904","incorrect",FALSE,"2026-09-30T16:59:05.274090+00:00"
"SV0710:minimax:r0:C1","SV0710","minimax","kimi",0,"C1","SV0710:minimax:r0","incorrect","date_differs",FALSE,"394bdfeaa11bce223787d27a8bc0d42747a08f6ed86d6ebadf052b81c7a33ca4","incorrect",FALSE,"2026-09-30T16:59:08.180828+00:00"
"SV0710:kimi:r0:C0","SV0710","kimi","deepseek",0,"C0","SV0710:kimi:r0","incorrect","date_differs",FALSE,"2c1b992de5bebd4d7a2e81b762c905d32d3084cf91261e6137b4ccdf98bdc4d8","incorrect",FALSE,"2026-09-30T16:59:07.977212+00:00"
"SV0710:minimax:r0:C4","SV0710","minimax","kimi",0,"C4","SV0710:minimax:r0","incorrect","date_differs",FALSE,"b179ba12231a3de6bcf18d0f2d43ac2b9067f678f0d4d06caf7622fbe9c92246","incorrect",FALSE,"2026-09-30T16:59:10.547173+00:00"
"SV0710:minimax:r0:C0","SV0710","minimax","kimi",0,"C0","SV0710:minimax:r0","incorrect","date_differs",FALSE,"633f2ca1d78490368368b80c44ecc923a20faf69d45d47474445f3242f9cc974","incorrect",FALSE,"2026-09-30T16:59:12.943469+00:00"
"SV0710:minimax:r0:C5","SV0710","minimax","kimi",0,"C5","SV0710:minimax:r0","incorrect","date_differs",FALSE,"206ff0aa5daa273a1cb85aefdd6a26ffa9471546ce44971c4b8c8240f60d81a7","incorrect",FALSE,"2026-09-30T16:59:15.301421+00:00"
"SV0710:minimax:r0:C3","SV0710","minimax","kimi",0,"C3","SV0710:minimax:r0","incorrect","date_differs",FALSE,"93531af11b81cbb8d5115b1c1d36e5c74665863f6bd5f0fb0bdc6d5884feb92b","incorrect",FALSE,"2026-09-30T16:59:19.033986+00:00"
"SV1443:minimax:r0:baseline","SV1443","minimax","deepseek",0,"baseline","SV1443:minimax:r0","incorrect","date_differs",TRUE,"185d9e450ce2910028e48e46fcce8a2cd6a76cf06fdc6d04c8292d5ad378d729","incorrect",FALSE,"2026-09-30T16:59:22.140820+00:00"
"SV1443:minimax:r0:C1","SV1443","minimax","deepseek",0,"C1","SV1443:minimax:r0","incorrect","date_differs",TRUE,"6819c6f0bce224029f25b7a8d0de63de7d965b025373d8c859949a45c52d2ea3","incorrect",FALSE,"2026-09-30T16:59:25.166011+00:00"
"SV1443:minimax:r0:C0","SV1443","minimax","deepseek",0,"C0","SV1443:minimax:r0","incorrect","date_differs",TRUE,"185d9e450ce2910028e48e46fcce8a2cd6a76cf06fdc6d04c8292d5ad378d729","incorrect",FALSE,"2026-09-30T16:59:28.368193+00:00"
"SV1443:minimax:r0:C3","SV1443","minimax","deepseek",0,"C3","SV1443:minimax:r0","incorrect","date_differs",TRUE,"a1c8329ae175a66651582cecf7f0862e14150279750727da3b3bd050d88d86d1","incorrect",FALSE,"2026-09-30T16:59:35.667761+00:00"
"SV1443:minimax:r0:C5","SV1443","minimax","deepseek",0,"C5","SV1443:minimax:r0","incorrect","date_differs",TRUE,"558576f207e5c43d83ea1c85fe8b37eff15723fc7ec10811aa628f95cae727dc","incorrect",FALSE,"2026-09-30T16:59:39.768448+00:00"
"SV1443:minimax:r0:C2","SV1443","minimax","deepseek",0,"C2","SV1443:minimax:r0","incorrect","date_differs",TRUE,"cff78b8b58cd56b0ce46e7353941656ee3e73b9fbffce57b1c56fea4cc6fcbcc","incorrect",FALSE,"2026-09-30T16:59:43.455401+00:00"
"SV1443:minimax:r0:C4","SV1443","minimax","deepseek",0,"C4","SV1443:minimax:r0","incorrect","date_differs",TRUE,"736a5042e1733d1b808c62374f73a3262b885d2e7d4120e4e9002eeb4e88df91","incorrect",FALSE,"2026-09-30T16:59:47.333377+00:00"
"SV1872:minimax:r0:baseline","SV1872","minimax","kimi",0,"baseline","SV1872:minimax:r0","incorrect","date_differs",FALSE,"5ab6f85d5c35a1e8ed4803c99ad4de673ecac3c32c0df653bf54009c61113c6a","incorrect",FALSE,"2026-09-30T16:59:51.305553+00:00"
"SV1872:minimax:r0:C0","SV1872","minimax","kimi",0,"C0","SV1872:minimax:r0","incorrect","date_differs",FALSE,"74907cff2301eb754b2f07cb54005fcc45c2c0dfaf40c20c95598d923dc999a5","incorrect",FALSE,"2026-09-30T16:59:54.025380+00:00"
"SV1872:minimax:r0:C4","SV1872","minimax","kimi",0,"C4","SV1872:minimax:r0","incorrect","date_differs",FALSE,"6ec4646b37cd0c779657ce38639675a3ad82f2b018fca1c8e7fe35f51c4058a9","incorrect",FALSE,"2026-09-30T16:59:56.683604+00:00"
"SV1872:minimax:r0:C3","SV1872","minimax","kimi",0,"C3","SV1872:minimax:r0","incorrect","date_differs",FALSE,"beb1e51ee2ee2ed19240843d45d02163a29a15f0dacb83c1a0beba613818b2ea","incorrect",FALSE,"2026-09-30T16:59:59.391901+00:00"
"SV1872:minimax:r0:C1","SV1872","minimax","kimi",0,"C1","SV1872:minimax:r0","incorrect","date_differs",FALSE,"e77a4a6ff3c6c145a5e44c471ad20c22c79098071a7ea419299e51136efdeca3","incorrect",FALSE,"2026-09-30T17:00:02.361972+00:00"
"SV1872:minimax:r0:C2","SV1872","minimax","kimi",0,"C2","SV1872:minimax:r0","incorrect","date_differs",FALSE,"85ec35a25e9a384c8a1d30122b8d288c1a6a90112b9c4ea1d4aa285a0ef821df","incorrect",FALSE,"2026-09-30T17:00:05.255696+00:00"
"SV1872:minimax:r0:C5","SV1872","minimax","kimi",0,"C5","SV1872:minimax:r0","incorrect","date_differs",FALSE,"c88adc263f70aaaac436694479260a1b68f6484198e42897e27e750c8e12c800","incorrect",FALSE,"2026-09-30T17:00:08.041779+00:00"
"SV3852:minimax:r0:baseline","SV3852","minimax","kimi",0,"baseline","SV3852:minimax:r0","correct","date_matches",FALSE,"1ca75ecaab4af5f84b23f3ade0475cc77c782706e783690098752522e81cf23a","correct",FALSE,"2026-09-30T17:00:11.332590+00:00"
"SV3852:minimax:r0:C1","SV3852","minimax","kimi",0,"C1","SV3852:minimax:r0","incorrect","date_differs",TRUE,"92ebdef36a3ceb2965262821e9bcdb739781e266ea4dfbcb5878c33f424eebfb","incorrect",FALSE,"2026-09-30T17:00:15.921177+00:00"
"SV3852:minimax:r0:C5","SV3852","minimax","kimi",0,"C5","SV3852:minimax:r0","correct","date_matches",FALSE,"045212f41accd39dd955f749df534125de6666b65cd14c5fc4f2d3b8664811ba","correct",FALSE,"2026-09-30T17:00:20.243324+00:00"
"SV3852:minimax:r0:C2","SV3852","minimax","kimi",0,"C2","SV3852:minimax:r0","correct","date_matches",FALSE,"c02f8af6570f8df66f5ceed022ea334672cb96ed1683e40dabdbde07ba8dc3a5","correct",FALSE,"2026-09-30T17:00:24.217406+00:00"
"SV3852:minimax:r0:C3","SV3852","minimax","kimi",0,"C3","SV3852:minimax:r0","incorrect","date_differs",TRUE,"d9e0b228203e3a7ff9be8af00f7d84214b4cefa897d17adb3f77bf4946bd8ded","incorrect",FALSE,"2026-09-30T17:00:28.790447+00:00"
"SV3852:minimax:r0:C4","SV3852","minimax","kimi",0,"C4","SV3852:minimax:r0","correct","date_matches",FALSE,"038c0da0b39afd9614209fb2c12ed0f5705752fe2b6de36f4784eb105997fd42","correct",FALSE,"2026-09-30T17:00:32.398764+00:00"
"SV3852:minimax:r0:C0","SV3852","minimax","kimi",0,"C0","SV3852:minimax:r0","correct","date_matches",FALSE,"acb73c6e9136272508047c673b3a3ac8520b6a10974bb01b7e01e903b78790b3","correct",FALSE,"2026-09-30T17:00:36.964277+00:00"
