"provider","condition","baseline_grade","wrong_finals","eligible_pairs","conditional_risk"
"minimax","self_check","correct",1,66,0.0151515151515152
"minimax","self_check","abstain",13,48,0.270833333333333
"deepseek","self_check","correct",0,194,0
"deepseek","self_check","abstain",0,1,0
"minimax","A0_AI","correct",0,67,0
"minimax","A0_AI","abstain",2,48,0.0416666666666667
"deepseek","A0_AI","correct",0,190,0
"deepseek","A0_AI","abstain",0,1,0
"minimax","A0_Human","correct",0,20,0
"minimax","A0_Human","abstain",0,16,0
"deepseek","A0_Human","correct",0,49,0
"deepseek","A0_Human","abstain",0,0,NA
"minimax","A1_AI","correct",0,18,0
"minimax","A1_AI","abstain",1,17,0.0588235294117647
"deepseek","A1_AI","correct",0,49,0
"deepseek","A1_AI","abstain",0,0,NA
"minimax","A1_Human","correct",0,18,0
"minimax","A1_Human","abstain",0,17,0
"deepseek","A1_Human","correct",0,49,0
"deepseek","A1_Human","abstain",0,0,NA
