"provider","condition","question_id","error"
"deepseek","A0_AI","SV0013",0
"minimax","A0_AI","SV0013",0
"deepseek","neutral_initial","SV0013",0
"minimax","neutral_initial","SV0013",0
"deepseek","self_check","SV0013",0
"minimax","self_check","SV0013",0
"deepseek","A0_AI","SV0036",0
"minimax","A0_AI","SV0036",0.5
"deepseek","neutral_initial","SV0036",0
"minimax","neutral_initial","SV0036",0.5
"deepseek","self_check","SV0036",0
"minimax","self_check","SV0036",0.5
"minimax","neutral_initial","SV0097",0.5
"minimax","self_check","SV0097",1
"deepseek","A0_AI","SV0200",0
"minimax","A0_AI","SV0200",0
"deepseek","neutral_initial","SV0200",0
"minimax","neutral_initial","SV0200",0.5
"deepseek","self_check","SV0200",0
"minimax","self_check","SV0200",0.5
"deepseek","A0_AI","SV0356",0
"minimax","A0_AI","SV0356",0.5
"deepseek","neutral_initial","SV0356",0
"minimax","neutral_initial","SV0356",0.5
"deepseek","self_check","SV0356",0
"minimax","self_check","SV0356",0.5
"deepseek","A0_AI","SV0483",0
"minimax","A0_AI","SV0483",0
"deepseek","neutral_initial","SV0483",0
"minimax","neutral_initial","SV0483",0.5
"deepseek","self_check","SV0483",0
"minimax","self_check","SV0483",0.5
"deepseek","A0_AI","SV0491",0
"minimax","A0_AI","SV0491",0
"deepseek","neutral_initial","SV0491",0
"minimax","neutral_initial","SV0491",0.5
"deepseek","self_check","SV0491",0
"minimax","self_check","SV0491",0.5
"deepseek","A0_AI","SV0538",0
"minimax","A0_AI","SV0538",0
"deepseek","A0_Human","SV0538",0
"minimax","A0_Human","SV0538",0
"deepseek","A1_AI","SV0538",0
"minimax","A1_AI","SV0538",0
"deepseek","A1_Human","SV0538",0
"minimax","A1_Human","SV0538",0
"deepseek","misconception_initial","SV0538",0
"minimax","misconception_initial","SV0538",0.5
"deepseek","neutral_initial","SV0538",0
"minimax","neutral_initial","SV0538",0
"deepseek","self_check","SV0538",0
"minimax","self_check","SV0538",0.5
"deepseek","A0_AI","SV0541",0
"minimax","A0_AI","SV0541",0
"deepseek","neutral_initial","SV0541",0
"minimax","neutral_initial","SV0541",0
"deepseek","self_check","SV0541",0
"minimax","self_check","SV0541",0
"deepseek","A0_AI","SV0598",0
"minimax","A0_AI","SV0598",0
"deepseek","neutral_initial","SV0598",0
"minimax","neutral_initial","SV0598",1
"deepseek","self_check","SV0598",0
"minimax","self_check","SV0598",0.5
"deepseek","A0_AI","SV0613",0
"minimax","A0_AI","SV0613",0
"deepseek","A0_Human","SV0613",0
"minimax","A0_Human","SV0613",0.5
"deepseek","A1_AI","SV0613",0
"minimax","A1_AI","SV0613",0
"deepseek","A1_Human","SV0613",0
"minimax","A1_Human","SV0613",0
"deepseek","misconception_initial","SV0613",0
"minimax","misconception_initial","SV0613",1
"deepseek","neutral_initial","SV0613",0
"minimax","neutral_initial","SV0613",0.5
"deepseek","self_check","SV0613",0
"minimax","self_check","SV0613",0.5
"deepseek","A0_AI","SV0618",0
"minimax","A0_AI","SV0618",0
"deepseek","neutral_initial","SV0618",0
"minimax","neutral_initial","SV0618",0
"deepseek","self_check","SV0618",0
"minimax","self_check","SV0618",0
"deepseek","A0_AI","SV0700",0
"minimax","A0_AI","SV0700",0
"deepseek","A0_Human","SV0700",0
"minimax","A0_Human","SV0700",0
"deepseek","A1_AI","SV0700",0
"minimax","A1_AI","SV0700",0.5
"deepseek","A1_Human","SV0700",0
"minimax","A1_Human","SV0700",0
"deepseek","misconception_initial","SV0700",0
"minimax","misconception_initial","SV0700",0.5
"deepseek","neutral_initial","SV0700",0
"minimax","neutral_initial","SV0700",0
"deepseek","self_check","SV0700",0
"minimax","self_check","SV0700",0
"deepseek","A0_AI","SV0701",0
"minimax","A0_AI","SV0701",0
"deepseek","neutral_initial","SV0701",0
"minimax","neutral_initial","SV0701",0
"deepseek","self_check","SV0701",0
"minimax","self_check","SV0701",0
"deepseek","A0_AI","SV0799",0
"minimax","A0_AI","SV0799",0.5
"deepseek","neutral_initial","SV0799",0
"minimax","neutral_initial","SV0799",1
"deepseek","self_check","SV0799",0
"minimax","self_check","SV0799",1
"deepseek","A0_AI","SV0874",0
"minimax","A0_AI","SV0874",0
"deepseek","A0_Human","SV0874",0
"minimax","A0_Human","SV0874",0
"deepseek","A1_AI","SV0874",0
"minimax","A1_AI","SV0874",0
"deepseek","A1_Human","SV0874",0
"minimax","A1_Human","SV0874",0
"deepseek","misconception_initial","SV0874",0
"minimax","misconception_initial","SV0874",0.5
"deepseek","neutral_initial","SV0874",0
"minimax","neutral_initial","SV0874",0
"deepseek","self_check","SV0874",0
"minimax","self_check","SV0874",0.5
"deepseek","A0_AI","SV0876",0
"minimax","A0_AI","SV0876",0
"deepseek","neutral_initial","SV0876",0
"minimax","neutral_initial","SV0876",1
"deepseek","self_check","SV0876",0
"minimax","self_check","SV0876",1
"deepseek","A0_AI","SV0894",0
"minimax","A0_AI","SV0894",0
"deepseek","neutral_initial","SV0894",0
"minimax","neutral_initial","SV0894",0.5
"deepseek","self_check","SV0894",0
"minimax","self_check","SV0894",0.5
"deepseek","A0_AI","SV0914",0
"minimax","A0_AI","SV0914",0
"deepseek","neutral_initial","SV0914",0
"minimax","neutral_initial","SV0914",0.5
"deepseek","self_check","SV0914",0
"minimax","self_check","SV0914",0.5
"deepseek","A0_AI","SV0963",0
"minimax","A0_AI","SV0963",0
"deepseek","neutral_initial","SV0963",0
"minimax","neutral_initial","SV0963",0
"deepseek","self_check","SV0963",0
"minimax","self_check","SV0963",0
"deepseek","A0_AI","SV1016",0
"minimax","A0_AI","SV1016",0
"deepseek","neutral_initial","SV1016",0
"minimax","neutral_initial","SV1016",0
"deepseek","self_check","SV1016",0
"minimax","self_check","SV1016",0
"deepseek","A0_AI","SV1049",0
"minimax","A0_AI","SV1049",0
"deepseek","neutral_initial","SV1049",0
"minimax","neutral_initial","SV1049",1
"deepseek","self_check","SV1049",0
"minimax","self_check","SV1049",1
"deepseek","A0_AI","SV1054",0
"minimax","A0_AI","SV1054",0.5
"deepseek","neutral_initial","SV1054",0
"minimax","neutral_initial","SV1054",1
"deepseek","self_check","SV1054",0
"minimax","self_check","SV1054",1
"deepseek","A0_AI","SV1140",0
"minimax","A0_AI","SV1140",0.5
"deepseek","neutral_initial","SV1140",0
"minimax","neutral_initial","SV1140",0.5
"deepseek","self_check","SV1140",0
"minimax","self_check","SV1140",0.5
"deepseek","A0_AI","SV1181",0
"minimax","A0_AI","SV1181",0
"deepseek","neutral_initial","SV1181",0
"minimax","neutral_initial","SV1181",0.5
"deepseek","self_check","SV1181",0
"minimax","self_check","SV1181",0.5
"deepseek","A0_AI","SV1190",0
"minimax","A0_AI","SV1190",0
"deepseek","A0_Human","SV1190",0
"minimax","A0_Human","SV1190",0
"deepseek","A1_AI","SV1190",0
"minimax","A1_AI","SV1190",0
"deepseek","A1_Human","SV1190",0
"minimax","A1_Human","SV1190",0
"deepseek","misconception_initial","SV1190",0
"minimax","misconception_initial","SV1190",0
"deepseek","neutral_initial","SV1190",0
"minimax","neutral_initial","SV1190",0
"deepseek","self_check","SV1190",0
"minimax","self_check","SV1190",0
"deepseek","A0_AI","SV1199",0
"minimax","A0_AI","SV1199",0
"deepseek","neutral_initial","SV1199",0
"minimax","neutral_initial","SV1199",0.5
"deepseek","self_check","SV1199",0
"minimax","self_check","SV1199",1
"deepseek","neutral_initial","SV1228",0
"deepseek","self_check","SV1228",0
"deepseek","A0_AI","SV1263",0
"minimax","A0_AI","SV1263",0
"deepseek","neutral_initial","SV1263",0
"minimax","neutral_initial","SV1263",0
"deepseek","self_check","SV1263",0
"minimax","self_check","SV1263",0
"deepseek","A0_AI","SV1268",0
"minimax","A0_AI","SV1268",0
"deepseek","A0_Human","SV1268",0
"minimax","A0_Human","SV1268",0
"deepseek","A1_AI","SV1268",0
"minimax","A1_AI","SV1268",0
"deepseek","A1_Human","SV1268",0
"minimax","A1_Human","SV1268",0
"deepseek","misconception_initial","SV1268",0
"minimax","misconception_initial","SV1268",0.5
"deepseek","neutral_initial","SV1268",0
"minimax","neutral_initial","SV1268",0
"deepseek","self_check","SV1268",0
"minimax","self_check","SV1268",0
"deepseek","A0_AI","SV1301",0
"minimax","A0_AI","SV1301",0
"deepseek","neutral_initial","SV1301",0
"minimax","neutral_initial","SV1301",0.5
"deepseek","self_check","SV1301",0
"minimax","self_check","SV1301",0.5
"deepseek","A0_AI","SV1390",0
"minimax","A0_AI","SV1390",0
"deepseek","neutral_initial","SV1390",0
"minimax","neutral_initial","SV1390",1
"deepseek","self_check","SV1390",0
"minimax","self_check","SV1390",1
"deepseek","A0_AI","SV1391",0
"minimax","A0_AI","SV1391",0
"deepseek","neutral_initial","SV1391",0
"minimax","neutral_initial","SV1391",1
"deepseek","self_check","SV1391",0
"minimax","self_check","SV1391",1
"deepseek","A0_AI","SV1436",0.5
"minimax","A0_AI","SV1436",0.5
"deepseek","A0_Human","SV1436",0.5
"minimax","A0_Human","SV1436",0.5
"deepseek","A1_AI","SV1436",0.5
"minimax","A1_AI","SV1436",0
"deepseek","A1_Human","SV1436",0.5
"minimax","A1_Human","SV1436",0
"deepseek","misconception_initial","SV1436",0
"minimax","misconception_initial","SV1436",0
"deepseek","neutral_initial","SV1436",0.5
"minimax","neutral_initial","SV1436",0.5
"deepseek","self_check","SV1436",0.5
"minimax","self_check","SV1436",0.5
"deepseek","A0_AI","SV1448",0
"minimax","A0_AI","SV1448",0.5
"deepseek","neutral_initial","SV1448",0
"minimax","neutral_initial","SV1448",1
"deepseek","self_check","SV1448",0
"minimax","self_check","SV1448",1
"deepseek","A0_AI","SV1501",0
"minimax","A0_AI","SV1501",0
"deepseek","neutral_initial","SV1501",0
"minimax","neutral_initial","SV1501",0.5
"deepseek","self_check","SV1501",0
"minimax","self_check","SV1501",0.5
"deepseek","A0_AI","SV1502",0
"minimax","A0_AI","SV1502",0
"deepseek","A0_Human","SV1502",0
"minimax","A0_Human","SV1502",0
"deepseek","A1_AI","SV1502",0
"minimax","A1_AI","SV1502",0
"deepseek","A1_Human","SV1502",0
"minimax","A1_Human","SV1502",0
"deepseek","misconception_initial","SV1502",0
"minimax","misconception_initial","SV1502",0.5
"deepseek","neutral_initial","SV1502",0
"minimax","neutral_initial","SV1502",0
"deepseek","self_check","SV1502",0
"minimax","self_check","SV1502",0
"deepseek","A0_AI","SV1682",0
"minimax","A0_AI","SV1682",0
"deepseek","A0_Human","SV1682",0
"minimax","A0_Human","SV1682",0
"deepseek","A1_AI","SV1682",0
"minimax","A1_AI","SV1682",0
"deepseek","A1_Human","SV1682",0
"minimax","A1_Human","SV1682",0
"deepseek","misconception_initial","SV1682",0
"minimax","misconception_initial","SV1682",1
"deepseek","neutral_initial","SV1682",0
"minimax","neutral_initial","SV1682",0.5
"deepseek","self_check","SV1682",0
"minimax","self_check","SV1682",0.5
"deepseek","A0_AI","SV1704",0
"minimax","A0_AI","SV1704",0
"deepseek","A0_Human","SV1704",0
"minimax","A0_Human","SV1704",0
"deepseek","A1_AI","SV1704",0
"minimax","A1_AI","SV1704",0
"deepseek","A1_Human","SV1704",0
"minimax","A1_Human","SV1704",0
"deepseek","misconception_initial","SV1704",0
"minimax","misconception_initial","SV1704",0.5
"deepseek","neutral_initial","SV1704",0
"minimax","neutral_initial","SV1704",0
"deepseek","self_check","SV1704",0
"minimax","self_check","SV1704",0
"deepseek","A0_AI","SV1744",0
"minimax","A0_AI","SV1744",0
"deepseek","neutral_initial","SV1744",0
"minimax","neutral_initial","SV1744",1
"deepseek","self_check","SV1744",0
"minimax","self_check","SV1744",1
"deepseek","A0_AI","SV1791",0
"minimax","A0_AI","SV1791",0
"deepseek","neutral_initial","SV1791",0
"minimax","neutral_initial","SV1791",0
"deepseek","self_check","SV1791",0
"minimax","self_check","SV1791",0
"deepseek","A0_AI","SV1808",0
"minimax","A0_AI","SV1808",0
"deepseek","neutral_initial","SV1808",0
"minimax","neutral_initial","SV1808",0
"deepseek","self_check","SV1808",0
"minimax","self_check","SV1808",0
"deepseek","A0_AI","SV1816",0
"minimax","A0_AI","SV1816",0
"deepseek","neutral_initial","SV1816",0
"minimax","neutral_initial","SV1816",0.5
"deepseek","self_check","SV1816",0
"minimax","self_check","SV1816",0.5
"deepseek","A0_AI","SV1847",0
"minimax","A0_AI","SV1847",0
"deepseek","A0_Human","SV1847",0
"minimax","A0_Human","SV1847",0
"deepseek","A1_AI","SV1847",0
"minimax","A1_AI","SV1847",0
"deepseek","A1_Human","SV1847",0
"minimax","A1_Human","SV1847",0
"deepseek","misconception_initial","SV1847",0
"minimax","misconception_initial","SV1847",0.5
"deepseek","neutral_initial","SV1847",0
"minimax","neutral_initial","SV1847",0
"deepseek","self_check","SV1847",0
"minimax","self_check","SV1847",0.5
"deepseek","A0_AI","SV1851",0
"minimax","A0_AI","SV1851",0
"deepseek","neutral_initial","SV1851",0
"minimax","neutral_initial","SV1851",0
"deepseek","self_check","SV1851",0
"minimax","self_check","SV1851",0.5
"deepseek","A0_AI","SV1857",0
"minimax","A0_AI","SV1857",1
"deepseek","neutral_initial","SV1857",0
"minimax","neutral_initial","SV1857",1
"deepseek","self_check","SV1857",0
"minimax","self_check","SV1857",1
"deepseek","A0_AI","SV1866",0
"minimax","A0_AI","SV1866",0
"deepseek","neutral_initial","SV1866",0
"minimax","neutral_initial","SV1866",0
"deepseek","self_check","SV1866",0
"minimax","self_check","SV1866",0
"deepseek","A0_AI","SV1953",0
"minimax","A0_AI","SV1953",0
"deepseek","A0_Human","SV1953",0
"minimax","A0_Human","SV1953",0
"deepseek","A1_AI","SV1953",0
"minimax","A1_AI","SV1953",0
"deepseek","A1_Human","SV1953",0
"minimax","A1_Human","SV1953",0
"deepseek","misconception_initial","SV1953",0
"minimax","misconception_initial","SV1953",0
"deepseek","neutral_initial","SV1953",0
"minimax","neutral_initial","SV1953",0.5
"deepseek","self_check","SV1953",0
"minimax","self_check","SV1953",0.5
"deepseek","A0_AI","SV1972",0
"minimax","A0_AI","SV1972",0
"deepseek","neutral_initial","SV1972",0
"minimax","neutral_initial","SV1972",0
"deepseek","self_check","SV1972",0
"minimax","self_check","SV1972",0
"deepseek","A0_AI","SV2035",0
"minimax","A0_AI","SV2035",0
"deepseek","neutral_initial","SV2035",0
"deepseek","self_check","SV2035",0
"deepseek","A0_AI","SV2103",0
"minimax","A0_AI","SV2103",0
"deepseek","neutral_initial","SV2103",0
"minimax","neutral_initial","SV2103",0
"deepseek","self_check","SV2103",0
"minimax","self_check","SV2103",0
"deepseek","A0_AI","SV2119",0
"minimax","A0_AI","SV2119",0
"deepseek","neutral_initial","SV2119",0
"minimax","neutral_initial","SV2119",0.5
"deepseek","self_check","SV2119",0
"minimax","self_check","SV2119",1
"deepseek","A0_AI","SV2137",0
"minimax","A0_AI","SV2137",0
"deepseek","neutral_initial","SV2137",0
"minimax","neutral_initial","SV2137",0.5
"deepseek","self_check","SV2137",0
"minimax","self_check","SV2137",0.5
"deepseek","A0_AI","SV2145",0
"minimax","A0_AI","SV2145",0
"deepseek","neutral_initial","SV2145",0
"minimax","neutral_initial","SV2145",1
"deepseek","self_check","SV2145",0
"minimax","self_check","SV2145",1
"deepseek","A0_AI","SV2176",0
"minimax","A0_AI","SV2176",0
"deepseek","A0_Human","SV2176",0
"minimax","A0_Human","SV2176",0
"deepseek","A1_AI","SV2176",0
"minimax","A1_AI","SV2176",0
"deepseek","A1_Human","SV2176",0
"minimax","A1_Human","SV2176",0
"deepseek","misconception_initial","SV2176",0
"minimax","misconception_initial","SV2176",0
"deepseek","neutral_initial","SV2176",0
"minimax","neutral_initial","SV2176",0
"deepseek","self_check","SV2176",0
"minimax","self_check","SV2176",0
"deepseek","A0_AI","SV2178",0
"minimax","A0_AI","SV2178",0
"deepseek","neutral_initial","SV2178",0
"minimax","neutral_initial","SV2178",0
"deepseek","self_check","SV2178",0
"minimax","self_check","SV2178",0
"deepseek","A0_AI","SV2209",0
"minimax","A0_AI","SV2209",0
"deepseek","A0_Human","SV2209",0
"minimax","A0_Human","SV2209",0
"deepseek","A1_AI","SV2209",0
"minimax","A1_AI","SV2209",0
"deepseek","A1_Human","SV2209",0
"minimax","A1_Human","SV2209",0
"deepseek","misconception_initial","SV2209",0
"minimax","misconception_initial","SV2209",0.5
"deepseek","neutral_initial","SV2209",0
"minimax","neutral_initial","SV2209",0
"deepseek","self_check","SV2209",0
"minimax","self_check","SV2209",0.5
"deepseek","A0_AI","SV2232",0
"minimax","A0_AI","SV2232",0
"deepseek","neutral_initial","SV2232",0
"minimax","neutral_initial","SV2232",0.5
"deepseek","self_check","SV2232",0
"minimax","self_check","SV2232",0.5
"deepseek","A0_AI","SV2268",0
"minimax","A0_AI","SV2268",0
"deepseek","neutral_initial","SV2268",0
"minimax","neutral_initial","SV2268",0
"deepseek","self_check","SV2268",0
"minimax","self_check","SV2268",0
"deepseek","A0_AI","SV2300",0
"minimax","A0_AI","SV2300",0
"deepseek","neutral_initial","SV2300",0
"minimax","neutral_initial","SV2300",0
"deepseek","self_check","SV2300",0
"minimax","self_check","SV2300",0
"deepseek","A0_AI","SV2391",0
"minimax","A0_AI","SV2391",0
"deepseek","neutral_initial","SV2391",0
"minimax","neutral_initial","SV2391",0
"deepseek","self_check","SV2391",0
"minimax","self_check","SV2391",0
"deepseek","A0_AI","SV2444",0
"minimax","A0_AI","SV2444",0
"deepseek","neutral_initial","SV2444",0
"minimax","neutral_initial","SV2444",0
"deepseek","self_check","SV2444",0
"minimax","self_check","SV2444",0
"deepseek","A0_AI","SV2543",0
"minimax","A0_AI","SV2543",0
"deepseek","A0_Human","SV2543",0
"minimax","A0_Human","SV2543",0
"deepseek","A1_AI","SV2543",0
"minimax","A1_AI","SV2543",0
"deepseek","A1_Human","SV2543",0
"minimax","A1_Human","SV2543",0
"deepseek","misconception_initial","SV2543",0
"minimax","misconception_initial","SV2543",0
"deepseek","neutral_initial","SV2543",0
"minimax","neutral_initial","SV2543",0
"deepseek","self_check","SV2543",0
"minimax","self_check","SV2543",0
"deepseek","A0_AI","SV2595",0
"minimax","A0_AI","SV2595",0
"deepseek","neutral_initial","SV2595",0
"minimax","neutral_initial","SV2595",0.5
"deepseek","self_check","SV2595",0
"minimax","self_check","SV2595",0.5
"deepseek","A0_AI","SV2657",0
"minimax","A0_AI","SV2657",0
"deepseek","neutral_initial","SV2657",0
"minimax","neutral_initial","SV2657",0.5
"deepseek","self_check","SV2657",0
"minimax","self_check","SV2657",1
"deepseek","A0_AI","SV2658",0
"minimax","A0_AI","SV2658",0
"deepseek","neutral_initial","SV2658",0
"minimax","neutral_initial","SV2658",0
"deepseek","self_check","SV2658",0
"minimax","self_check","SV2658",0.5
"deepseek","A0_AI","SV2693",0
"minimax","A0_AI","SV2693",0
"deepseek","neutral_initial","SV2693",0
"minimax","neutral_initial","SV2693",0.5
"deepseek","self_check","SV2693",0
"minimax","self_check","SV2693",0.5
"deepseek","A0_AI","SV2796",0
"minimax","A0_AI","SV2796",0
"deepseek","A0_Human","SV2796",0
"minimax","A0_Human","SV2796",0
"deepseek","A1_AI","SV2796",0
"minimax","A1_AI","SV2796",0
"deepseek","A1_Human","SV2796",0
"minimax","A1_Human","SV2796",0
"deepseek","misconception_initial","SV2796",0
"minimax","misconception_initial","SV2796",0
"deepseek","neutral_initial","SV2796",0
"minimax","neutral_initial","SV2796",0.5
"deepseek","self_check","SV2796",0
"minimax","self_check","SV2796",0.5
"deepseek","A0_AI","SV2831",0
"minimax","A0_AI","SV2831",0
"deepseek","neutral_initial","SV2831",0
"minimax","neutral_initial","SV2831",0.5
"deepseek","self_check","SV2831",0
"minimax","self_check","SV2831",0.5
"deepseek","A0_AI","SV2832",0
"minimax","A0_AI","SV2832",0
"deepseek","A0_Human","SV2832",0
"minimax","A0_Human","SV2832",0
"deepseek","A1_AI","SV2832",0
"minimax","A1_AI","SV2832",0
"deepseek","A1_Human","SV2832",0
"minimax","A1_Human","SV2832",0
"deepseek","misconception_initial","SV2832",0
"minimax","misconception_initial","SV2832",0
"deepseek","neutral_initial","SV2832",0
"minimax","neutral_initial","SV2832",0.5
"deepseek","self_check","SV2832",0
"minimax","self_check","SV2832",0.5
"deepseek","A0_AI","SV2892",0
"minimax","A0_AI","SV2892",0
"deepseek","neutral_initial","SV2892",0
"minimax","neutral_initial","SV2892",0.5
"deepseek","self_check","SV2892",0
"minimax","self_check","SV2892",0.5
"deepseek","A0_AI","SV3030",0
"minimax","A0_AI","SV3030",0
"deepseek","A0_Human","SV3030",0
"minimax","A0_Human","SV3030",0
"deepseek","A1_AI","SV3030",0
"minimax","A1_AI","SV3030",0
"deepseek","A1_Human","SV3030",0
"deepseek","misconception_initial","SV3030",0
"minimax","misconception_initial","SV3030",0
"deepseek","neutral_initial","SV3030",0
"minimax","neutral_initial","SV3030",0.5
"deepseek","self_check","SV3030",0
"minimax","self_check","SV3030",0.5
"deepseek","A0_AI","SV3248",0
"minimax","A0_AI","SV3248",0
"deepseek","neutral_initial","SV3248",0
"minimax","neutral_initial","SV3248",0
"deepseek","self_check","SV3248",0
"minimax","self_check","SV3248",1
"deepseek","A0_AI","SV3258",0
"minimax","A0_AI","SV3258",0
"deepseek","neutral_initial","SV3258",0
"minimax","neutral_initial","SV3258",0
"deepseek","self_check","SV3258",0
"minimax","self_check","SV3258",0
"deepseek","A0_AI","SV3265",0
"minimax","A0_AI","SV3265",0
"deepseek","A0_Human","SV3265",0
"minimax","A0_Human","SV3265",0
"deepseek","A1_AI","SV3265",0
"minimax","A1_AI","SV3265",0
"deepseek","A1_Human","SV3265",0
"minimax","A1_Human","SV3265",0
"deepseek","misconception_initial","SV3265",0
"minimax","misconception_initial","SV3265",0
"deepseek","neutral_initial","SV3265",0
"minimax","neutral_initial","SV3265",0
"deepseek","self_check","SV3265",0
"minimax","self_check","SV3265",0
"deepseek","A0_AI","SV3267",0
"minimax","A0_AI","SV3267",0
"deepseek","neutral_initial","SV3267",0
"minimax","neutral_initial","SV3267",1
"deepseek","self_check","SV3267",0
"minimax","self_check","SV3267",1
"deepseek","A0_AI","SV3285",0
"minimax","A0_AI","SV3285",0
"deepseek","neutral_initial","SV3285",0
"minimax","neutral_initial","SV3285",0.5
"deepseek","self_check","SV3285",0
"minimax","self_check","SV3285",0.5
"deepseek","A0_AI","SV3290",0
"minimax","A0_AI","SV3290",0
"deepseek","neutral_initial","SV3290",0
"minimax","neutral_initial","SV3290",0
"deepseek","self_check","SV3290",0
"minimax","self_check","SV3290",0
"deepseek","A0_AI","SV3304",0
"minimax","A0_AI","SV3304",0
"deepseek","neutral_initial","SV3304",0
"minimax","neutral_initial","SV3304",1
"deepseek","self_check","SV3304",0
"minimax","self_check","SV3304",1
"deepseek","A0_AI","SV3372",0
"minimax","A0_AI","SV3372",0
"deepseek","neutral_initial","SV3372",0
"minimax","neutral_initial","SV3372",0.5
"deepseek","self_check","SV3372",0
"minimax","self_check","SV3372",0.5
"deepseek","A0_AI","SV3442",0
"minimax","A0_AI","SV3442",0
"deepseek","neutral_initial","SV3442",0
"minimax","neutral_initial","SV3442",0
"deepseek","self_check","SV3442",0
"minimax","self_check","SV3442",0.5
"deepseek","A0_AI","SV3462",0
"minimax","A0_AI","SV3462",0
"deepseek","neutral_initial","SV3462",0
"minimax","neutral_initial","SV3462",1
"deepseek","self_check","SV3462",0
"minimax","self_check","SV3462",1
"deepseek","A0_AI","SV3488",0
"minimax","A0_AI","SV3488",0
"deepseek","A0_Human","SV3488",0
"minimax","A0_Human","SV3488",0
"deepseek","A1_AI","SV3488",0
"minimax","A1_AI","SV3488",0
"deepseek","A1_Human","SV3488",0
"minimax","A1_Human","SV3488",0
"deepseek","misconception_initial","SV3488",0
"minimax","misconception_initial","SV3488",0.5
"deepseek","neutral_initial","SV3488",0
"minimax","neutral_initial","SV3488",0
"deepseek","self_check","SV3488",0
"minimax","self_check","SV3488",0.5
"deepseek","A0_AI","SV3489",0
"minimax","A0_AI","SV3489",0
"deepseek","neutral_initial","SV3489",0
"minimax","neutral_initial","SV3489",1
"deepseek","self_check","SV3489",0
"minimax","self_check","SV3489",1
"deepseek","A0_AI","SV3533",0
"minimax","A0_AI","SV3533",0.5
"deepseek","neutral_initial","SV3533",0
"minimax","neutral_initial","SV3533",0.5
"deepseek","self_check","SV3533",0
"minimax","self_check","SV3533",0.5
"deepseek","A0_AI","SV3592",0
"minimax","A0_AI","SV3592",0
"deepseek","neutral_initial","SV3592",0
"minimax","neutral_initial","SV3592",0.5
"deepseek","self_check","SV3592",0
"minimax","self_check","SV3592",0.5
"deepseek","A0_AI","SV3674",0
"minimax","A0_AI","SV3674",0
"deepseek","neutral_initial","SV3674",0
"minimax","neutral_initial","SV3674",0.5
"deepseek","self_check","SV3674",0
"minimax","self_check","SV3674",0.5
"deepseek","A0_AI","SV3685",0
"minimax","A0_AI","SV3685",0
"deepseek","neutral_initial","SV3685",0
"minimax","neutral_initial","SV3685",0
"deepseek","self_check","SV3685",0
"minimax","self_check","SV3685",0
"deepseek","A0_AI","SV3930",0
"minimax","A0_AI","SV3930",0
"deepseek","A0_Human","SV3930",0
"minimax","A0_Human","SV3930",0
"deepseek","A1_AI","SV3930",0
"minimax","A1_AI","SV3930",0
"deepseek","A1_Human","SV3930",0
"minimax","A1_Human","SV3930",0
"deepseek","misconception_initial","SV3930",0
"minimax","misconception_initial","SV3930",0.5
"deepseek","neutral_initial","SV3930",0
"minimax","neutral_initial","SV3930",0.5
"deepseek","self_check","SV3930",0
"minimax","self_check","SV3930",0.5
"deepseek","A0_AI","SV3961",0
"minimax","A0_AI","SV3961",0
"deepseek","A0_Human","SV3961",0
"minimax","A0_Human","SV3961",0
"deepseek","A1_AI","SV3961",0
"minimax","A1_AI","SV3961",0
"deepseek","A1_Human","SV3961",0
"minimax","A1_Human","SV3961",0
"deepseek","misconception_initial","SV3961",0
"minimax","misconception_initial","SV3961",0
"deepseek","neutral_initial","SV3961",0
"minimax","neutral_initial","SV3961",0.5
"deepseek","self_check","SV3961",0
"minimax","self_check","SV3961",1
"deepseek","A0_AI","SV3974",1
"minimax","A0_AI","SV3974",1
"deepseek","neutral_initial","SV3974",1
"minimax","neutral_initial","SV3974",0
"deepseek","self_check","SV3974",1
"minimax","self_check","SV3974",0.5
"deepseek","A0_AI","SV4021",0
"minimax","A0_AI","SV4021",0
"deepseek","neutral_initial","SV4021",0
"minimax","neutral_initial","SV4021",1
"deepseek","self_check","SV4021",0
"minimax","self_check","SV4021",1
"deepseek","A0_AI","SV4076",0
"minimax","A0_AI","SV4076",0
"deepseek","A0_Human","SV4076",0
"minimax","A0_Human","SV4076",0
"deepseek","A1_AI","SV4076",0
"minimax","A1_AI","SV4076",0
"deepseek","A1_Human","SV4076",0
"minimax","A1_Human","SV4076",0
"deepseek","misconception_initial","SV4076",0
"minimax","misconception_initial","SV4076",0
"deepseek","neutral_initial","SV4076",0
"minimax","neutral_initial","SV4076",0
"deepseek","self_check","SV4076",0
"minimax","self_check","SV4076",0
"deepseek","A0_AI","SV4086",0
"minimax","A0_AI","SV4086",0.5
"deepseek","neutral_initial","SV4086",0
"minimax","neutral_initial","SV4086",0.5
"deepseek","self_check","SV4086",0
"minimax","self_check","SV4086",0.5
"deepseek","A0_AI","SV4215",0
"minimax","A0_AI","SV4215",0
"deepseek","neutral_initial","SV4215",0
"minimax","neutral_initial","SV4215",1
"deepseek","self_check","SV4215",0
"minimax","self_check","SV4215",1
"deepseek","A0_AI","SV4222",0
"minimax","A0_AI","SV4222",0
"deepseek","A0_Human","SV4222",0
"minimax","A0_Human","SV4222",0
"deepseek","A1_AI","SV4222",0
"minimax","A1_AI","SV4222",0
"deepseek","A1_Human","SV4222",0
"minimax","A1_Human","SV4222",0
"deepseek","misconception_initial","SV4222",0
"minimax","misconception_initial","SV4222",0.5
"deepseek","neutral_initial","SV4222",0
"minimax","neutral_initial","SV4222",0
"deepseek","self_check","SV4222",0
"minimax","self_check","SV4222",0.5
"deepseek","A0_AI","SV4257",0
"minimax","A0_AI","SV4257",0
"deepseek","neutral_initial","SV4257",0
"minimax","neutral_initial","SV4257",0.5
"deepseek","self_check","SV4257",0
"minimax","self_check","SV4257",0.5
"deepseek","A0_AI","SV4261",0
"minimax","A0_AI","SV4261",0
"deepseek","neutral_initial","SV4261",0
"minimax","neutral_initial","SV4261",0
"deepseek","self_check","SV4261",0
"minimax","self_check","SV4261",0
"deepseek","A0_AI","SV4277",0
"minimax","A0_AI","SV4277",0
"deepseek","A0_Human","SV4277",0
"minimax","A0_Human","SV4277",0
"deepseek","A1_AI","SV4277",0
"minimax","A1_AI","SV4277",0.5
"deepseek","A1_Human","SV4277",0
"minimax","A1_Human","SV4277",0
"deepseek","misconception_initial","SV4277",0
"minimax","misconception_initial","SV4277",0.5
"deepseek","neutral_initial","SV4277",0
"minimax","neutral_initial","SV4277",1
"deepseek","self_check","SV4277",0
"minimax","self_check","SV4277",1
"deepseek","A0_AI","SV4283",0
"minimax","A0_AI","SV4283",0
"deepseek","neutral_initial","SV4283",0
"minimax","neutral_initial","SV4283",0.5
"deepseek","self_check","SV4283",0
"minimax","self_check","SV4283",0.5
