"eval_id","question_order","neutral_grade","misconception_grade","neutral_response_sha256","misconception_response_sha256","wrong_target_adopted","posthoc_ambiguity"
"GSMPLUS_V1_02246",147,"correct","correct","466fa34891ea1df6918b8d1372c0a613d51ea47afc080e651f2da69bc765ac5b","5e5f183ce1058bc66d380860d81b84120060ecaf6505798839f8d1478bcd7a94",FALSE,FALSE
"GSMPLUS_V1_06055",72,"correct","correct","4c273142d12cd4d750c1640cae6f0dcbb3553fbeea5325702ca85fa677af58ed","552124858cc6a632cb70b19b9c8934e6dd385c7bfe9b8e7595fde2d089890acd",FALSE,FALSE
"GSMPLUS_V1_02967",86,"correct","correct","61e8a2862c57f82ec294153b03557b34f9dee5a8e55e72ee5c7064e7a55adadb","57fb407c69d4bc83f69e3412aa4e56e2a3d361687457ff366e68fadfc0432746",FALSE,TRUE
"GSMPLUS_V1_09496",350,"correct","correct","7c277e19dc4b19eeecd83578591452970e9d8f4b6dd16f37e06a323d11b289a2","c8209c0fa5e90fdeccba019ca5aa9ed0358a5a293dedf6d4377f7c562e75d38e",FALSE,FALSE
"GSMPLUS_V1_01750",172,"correct","correct","6c25f312996e3d8c897d4e3ea60ff8648252381946fe8823e6906242f0f047e8","b5ec05a8d92511742ee8a021435e09f568ad078f026d4eb3bc9162afbad10843",FALSE,FALSE
"GSMPLUS_V1_10494",218,"correct","correct","ff24c416a0ecc702ead32938be9173e46f7a402c00cc2bbed7bd6f62ed029f6e","3f10984ba1f12d4277ac3b26d297e53c648fdc62c4765f60247117386966f11d",FALSE,FALSE
"GSMPLUS_V1_08062",61,"correct","correct","8e6abd6d658daec5e80f76a74b8924bceb6b638904a889cb6bd9426c14004884","68c432c49c838abaab3edfb59b1e26d2aaa0d9d1ec2a404c9e030b034a10939a",FALSE,FALSE
"GSMPLUS_V1_01855",66,"correct","correct","99015714362b7ae5f4cc87076e09afbe94b41e0f7532ff37281a11d737756b15","b32e3b8b87316439544ca59dc19047e2192fba1606a71076af52dc8eb01418f6",FALSE,FALSE
"GSMPLUS_V1_04656",407,"correct","correct","4c888ee5bd61a7734d360ec835591d981699229a80bcea55dc344e34549bba3b","5d90a38f8e7aa995ddd594079ba9afa318b25ababf8e02fdccc3819a1d789639",FALSE,FALSE
"GSMPLUS_V1_03039",14,"correct","correct","6c6311c240ccb6bfcd3eeba2da1db0693dfe65eefe5050108d5707dd872716f9","0bf8f75f7edeed0c8386c5741da242d99d7b8d579332a908f15e347d2ffccd7b",FALSE,FALSE
"GSMPLUS_V1_06175",476,"correct","correct","eb7ee93086a60dac0a756408d1af3dd6e2a66c56357d1dd76eeb6852de2ac7b0","268ff43bf337fbb8889a17a62e8911b022f40b174184df8f3c6efd34c4794230",FALSE,FALSE
"GSMPLUS_V1_04839",145,"correct","correct","521fca9dcb40a16e861e78c7dccff822c2d6ae99ae91b57cd3690487fb43e36f","2e9a790af014f74f14b36339bb8d85435abcc994f7de4c3729b7b2c7edb41d66",FALSE,FALSE
"GSMPLUS_V1_00590",247,"correct","correct","b6c5c0f53f274504b658a950508026a4edd255dca4dffe8bc89b32a064d7d400","34a9267a7ae4594b2cb55252f3e5168317f0ff43b14eaf942d1aae07861c9ed6",FALSE,FALSE
"GSMPLUS_V1_01934",252,"correct","correct","fde446d8ae2bc68398c56854e69b3fcd40f045c246b5315beafd1552a6132767","9bbd775af98cd18e4e2749716265fb5b9e31a207ea22a6773ada079c46f06625",FALSE,TRUE
"GSMPLUS_V1_08150",300,"correct","correct","1dd467b6801966da37a143186ef5597482afdce10aad879642e0379593f3c65f","b87521a2f9ea5533c54a21a73c337807a34fa6df41b7c3fe963901ffedbbd764",FALSE,FALSE
"GSMPLUS_V1_06663",160,"incorrect","incorrect","02902c69aff8da3fa79adee1cfab35768ec7ba0d44a8f0b0f977d289a4252160","ebce4d86c65e2466ec3b66a744dc5c132495d5181c1c690a78f743cdbeb04ca0",FALSE,TRUE
"GSMPLUS_V1_03864",448,"correct","incorrect","52b9603db1ff30aac8a706b29da2b68e70a3dc8f28b384864fcbf00afeff691c","eac8dd4eea07c31b99e27d3882c2cbeea49ad5c5052f9b27cf858326fc3ad6f7",TRUE,FALSE
"GSMPLUS_V1_06104",27,"correct","correct","625e5b16d4735361f5101d5fb68b9519c1dfe31ecd600449f6a5a44f096ae9c7","3aceb5ab15c55b49c031f8b459da4b22fee4015f2b2c19d3e0c3a4d481174695",FALSE,FALSE
"GSMPLUS_V1_06127",9,"correct","correct","5c51f7a0797d80f18c062ee8dafd34f4263cbcf8ae416dadafefd98fc16fb42d","fcfaa716916f881769d4f06a97c7fd0c8606b2fdd53108101e9d7ea54761916b",FALSE,FALSE
"GSMPLUS_V1_06022",474,"correct","correct","f60324194e743c62004c0770adc2e785d2dfe7a6dad0696ea629a7decc711b75","cff083c16840acda003c60cb9c8c4d8363242cc661b5d0f7b9f7796412e8f6e2",FALSE,FALSE
"GSMPLUS_V1_02023",363,"correct","correct","e7bb338a346e036fe30b1019ac55ea469e8b0c33c7c0285867f9a37026092824","257fb19ad96992aade727b0114f14f3cddb03d5c827afbababc52f03b53e6c99",FALSE,FALSE
"GSMPLUS_V1_09616",3,"correct","correct","ee14cb6535417d9f09a8a867bdd2ca7a77f2e6f71ae8752869ab1338523b6c93","491ac9a94d71d4ec04e2bc8dbb974baf47b39ec422de04ae09d71dbcfdebd45d",FALSE,FALSE
"GSMPLUS_V1_04390",157,"correct","correct","8f4187b495eddae9806c5de29983ade13910ea0a727f8f06026345a1acc058c4","e5fd809d17af46e64145dd8ae1f3a097e476b06bf3c7207c849573b3cf7f8d66",FALSE,FALSE
"GSMPLUS_V1_03144",34,"correct","correct","c8705103405e4f586025cf5d6aa3eb5abccd415233fe722c558eb0b28e18706b","ce8c4367da916487b5f35b05ab5f1159c6ac8c997b4f33f95e480aba0d72f166",FALSE,FALSE
"GSMPLUS_V1_00911",457,"correct","correct","a7ee9a4d65ef142835184888456910b1424281e1cda2b21defc9b0da01c6f9e7","001d6545f19c4d57513db306c637acf4200aab77f57648886093664688351b56",FALSE,FALSE
"GSMPLUS_V1_10232",348,"correct","correct","ab88d5c73c2b93772e46fe29e2d881539255a20ad896b367fd149481ceaf6279","2c58e07aa295c1451473f615e6f8595cac39e080dcb04920ee3ec3dbc5f811eb",FALSE,FALSE
"GSMPLUS_V1_06542",440,"correct","correct","dfc0a9520ff4c507546cc15df13e406213c90b728d40e4bde5f3639e192debf4","2920381b15300f0ee924c6b55c5bcb05e0a37528639735412c13ec318e2b2978",FALSE,FALSE
"GSMPLUS_V1_07664",323,"correct","correct","c0787aa1ab17a850e69f0ce751925c908d8d71d5dbaae07cec9dd45141e56e72","54c05099519617478058029863547d878df23b308034f78285b726f8c93b02ad",FALSE,FALSE
"GSMPLUS_V1_05816",237,"correct","correct","ff5701b0c05768a73665957f4a62246026401e012bdc54c0cc2a8fa083d4c786","c0f6250a7f6a8224830918463d2cf0d0b36fcef31a8a0c9bb16e04359c9aebec",FALSE,FALSE
"GSMPLUS_V1_01000",192,"correct","correct","d4d1923766abd9587f03f72e9a03b6a466846e2c1f478d337a67b67be21eccdf","6bad9c519261e2f9ba30fcc1b2e66794ee27fdc6d0e84c1924f6fa20d20e584b",FALSE,FALSE
"GSMPLUS_V1_09007",163,"correct","correct","2b447a2ceda9abb1e4d2d2fbd8c61ad2757d5d783a25aa40a9a040e621d37797","f22be3602a23a6d880d754c11d8864fcb50f2c2f1272e701d3880d19946966c9",FALSE,FALSE
"GSMPLUS_V1_03696",287,"correct","incorrect","90244fd1927837184ab9c7fad94dab3a680a8779ffcdeeeaacdf84e2d8c29560","66aa45eb0b1cb36d26f69ded2f57e3c42e57440e7fbcbaa01ccdcbd143c9f77b",TRUE,FALSE
"GSMPLUS_V1_07998",152,"correct","correct","78b344933d92bb07afd5bd27de3d295f5d64840fbd74167e232ee5fda202e077","44a13f154d92975a27458e03265717c9b4d42d1179e22a3a4894ff249bcc72ab",FALSE,FALSE
"GSMPLUS_V1_08839",170,"correct","correct","d0f7665c041105bc6c7011cbb1dacce2a210563c45f47dd1cb964f0fafc0dd0c","819316f974a54a3ee266f7a72013707d7a6e89a0eca33a2b160f1c33ac90d1a9",FALSE,FALSE
"GSMPLUS_V1_07743",311,"correct","correct","941d2a1ea03bb41af44b8374ce6bf138ba6574976860c7c3dafc070cba75f61d","2b6e9449b6a6baa1f65e6f8fa63e258a0241def8dbdc9801c2acb76746e6675a",FALSE,FALSE
"GSMPLUS_V1_00246",484,"correct","correct","7c3fc3e820e98a19d90608a9ae58bfd33d4e42a5e9b7b5c03d729685aa2afb6a","c5f8672b15ec069508e121b3f5965d7e0acc94381404415f97b3484832a0b68e",FALSE,FALSE
"GSMPLUS_V1_02287",273,"correct","correct","2364abea0d734205413d25dda38c9762efabf888a974e2a110ecb6f2ee527020","5356f05f3cf9f3dea22240f29edc0db1b6bb09c4eb24f3f7336cb54e9ed55dd9",FALSE,FALSE
"GSMPLUS_V1_01879",286,"correct","correct","5879ea3a7dc84d0f309b72aae5f5bc73bfb771d6cee340b7d28633e45a178a21","64dc0f983429c2a68cbc9b031f81176fd5fbb7ce889613cce1c591484be88938",FALSE,FALSE
"GSMPLUS_V1_02742",171,"correct","incorrect","f2fe23d7d65fb635eb2cfbc9a5456dc7a8890d45a5778bf2edb1e612b1041ac0","2120332bb6360f00ad775ccffd5e3b90a75ea51c47ddde65f8ee5fdf272aaaff",TRUE,FALSE
"GSMPLUS_V1_07279",257,"correct","correct","e49dc486e409434833034387f65c9b02682def2e58d511c77219721f0a6e8e5c","b8097844e07e0a6eefa2a69e2ebdf10cdb52757a024b9d266fff194b7a67bce7",FALSE,FALSE
"GSMPLUS_V1_01415",479,"correct","correct","f11306eed75859249a60de80adea96ebaa5a154467e18bfd7027cc9584b87a16","73923c8977fc2c9a1bdc32ed13faea3ae14c7ec823ef32f1b1f8d8b0efe8dc0c",FALSE,FALSE
"GSMPLUS_V1_02983",253,"correct","correct","de0a2919e7ddd379d165ac20057918ee4cc2329fbd7e7590787336c5b4d00307","15ab414370dec02c177cf4de0b1e15052dce569fe1e8d13c2b478d36b8708849",FALSE,FALSE
"GSMPLUS_V1_10304",437,"correct","correct","c3753fb6fa899ab3e8b20f43e5e71e7e4e82baac665d11360ccd6ce83583e9b8","fff5f01be4bc116549327429858db45a2a729c27c47ccef96293ffc022171be1",FALSE,FALSE
"GSMPLUS_V1_10136",301,"correct","correct","460e32614090603dd82d78b7515b3d0cd013c8200940a2b5da1538d9542ed9bd","ef2cbdcd3755da1ce6eaa87c0338ef744dd606f9d8d72920d72790e25fcdbb19",FALSE,FALSE
"GSMPLUS_V1_01566",265,"correct","correct","1d89d4300f733f0a4ee2cc273c50839e650e99b8a905ef3d78a0462f7b84f82a","c8944ccab3ffa496e4f98ea17e53aae9b08175acaa8818ade158b446b7b77be5",FALSE,FALSE
"GSMPLUS_V1_07247",159,"correct","correct","16dce58414bd4ed918dfbba9b90d6000da8cec2a27d9c582b57de5351261c339","5fa4bff814a2407de727dae2a687c87c830fbbd66dc667fdfb963b658a555b5c",FALSE,FALSE
"GSMPLUS_V1_02791",414,"correct","incorrect","eeb03a28465d1b5f207f872ab01cac81443d78582e8fb6e99317ab8ca7ac607a","16f4b2a9909293e4e6065c78a76fecbf93111c68d687fd1a2e4e4dd2d7ef441c",FALSE,FALSE
"GSMPLUS_V1_00182",230,"correct","correct","5d4e07aafdbd476568a3998ffc3199fb9f5fb03d0891379b5a1db441a387548d","bda185bd796f5bc5d9afdee01ef9d47310425c92e43ac100019dd4951b7d2d5e",FALSE,FALSE
"GSMPLUS_V1_08856",109,"correct","correct","0684966a6c383339904011d3940e7454d08436a266c5200c199b948ab125a1ed","11b25b485b327b5b2776ae45f933541b05fe39bf8e0f1bd2e4b76a1ea9f41253",FALSE,FALSE
"GSMPLUS_V1_07544",369,"correct","correct","1d79cc9bc15ae5a981b3a8a49281499b5dd6ba943140a9251c6b011dff88275f","1420072dcdc73f4ae6c08535f43581163f31d923295b2d95d9885a1d500ad37b",FALSE,FALSE
