"cell_id","question_id","family","kind","provider","repeat_id","complete_pair","baseline","C0","C1","C2","C3","C4","C5"
"M-integer-1-trap:deepseek:0","M-integer-1-trap","integer","trap","deepseek",0,TRUE,"correct","correct","correct","correct","correct","correct","correct"
"M-integer-1-trap:deepseek:1","M-integer-1-trap","integer","trap","deepseek",1,TRUE,"correct","correct","correct","correct","correct","correct","correct"
"M-integer-1-trap:kimi:0","M-integer-1-trap","integer","trap","kimi",0,TRUE,"correct","correct","correct","correct","correct","correct","correct"
"M-integer-1-trap:kimi:1","M-integer-1-trap","integer","trap","kimi",1,TRUE,"correct","correct","correct","correct","correct","correct","correct"
"M-integer-1-trap:minimax:0","M-integer-1-trap","integer","trap","minimax",0,TRUE,"correct","correct","correct","correct","correct","correct","correct"
"M-integer-1-trap:minimax:1","M-integer-1-trap","integer","trap","minimax",1,TRUE,"correct","correct","correct","correct","correct","correct","correct"
"M-kiwi-1-control:deepseek:0","M-kiwi-1-control","kiwi","control","deepseek",0,TRUE,"correct","correct","correct","correct","correct","correct","correct"
"M-kiwi-1-control:deepseek:1","M-kiwi-1-control","kiwi","control","deepseek",1,TRUE,"correct","correct","correct","correct","correct","correct","correct"
"M-kiwi-1-control:kimi:0","M-kiwi-1-control","kiwi","control","kimi",0,TRUE,"incorrect","incorrect","incorrect","incorrect","incorrect","correct","correct"
"M-kiwi-1-control:kimi:1","M-kiwi-1-control","kiwi","control","kimi",1,TRUE,"incorrect","correct","incorrect","incorrect","incorrect","correct","correct"
"M-kiwi-1-control:minimax:0","M-kiwi-1-control","kiwi","control","minimax",0,TRUE,"incorrect","correct","correct","correct","correct","correct","correct"
"M-kiwi-1-control:minimax:1","M-kiwi-1-control","kiwi","control","minimax",1,TRUE,"incorrect","incorrect","incorrect","incorrect","incorrect","correct","incorrect"
"M-kiwi-1-trap:deepseek:0","M-kiwi-1-trap","kiwi","trap","deepseek",0,TRUE,"correct","correct","correct","correct","correct","correct","correct"
"M-kiwi-1-trap:deepseek:1","M-kiwi-1-trap","kiwi","trap","deepseek",1,TRUE,"correct","correct","correct","correct","correct","correct","correct"
"M-kiwi-1-trap:kimi:0","M-kiwi-1-trap","kiwi","trap","kimi",0,TRUE,"correct","correct","correct","correct","correct","correct","correct"
"M-kiwi-1-trap:kimi:1","M-kiwi-1-trap","kiwi","trap","kimi",1,TRUE,"correct","correct","correct","correct","correct","correct","correct"
"M-kiwi-1-trap:minimax:0","M-kiwi-1-trap","kiwi","trap","minimax",0,TRUE,"correct","correct","correct","correct","correct","correct","correct"
"M-kiwi-1-trap:minimax:1","M-kiwi-1-trap","kiwi","trap","minimax",1,TRUE,"correct","correct","correct","correct","correct","correct","correct"
"M-kiwi-2-control:deepseek:0","M-kiwi-2-control","kiwi","control","deepseek",0,TRUE,"incorrect","correct","correct","correct","correct","correct","correct"
"M-kiwi-2-control:deepseek:1","M-kiwi-2-control","kiwi","control","deepseek",1,TRUE,"incorrect","correct","correct","correct","correct","correct","correct"
"M-kiwi-2-control:kimi:0","M-kiwi-2-control","kiwi","control","kimi",0,FALSE,"incorrect","incorrect","incorrect","incorrect","incorrect","incorrect","unscorable"
"M-kiwi-2-control:kimi:1","M-kiwi-2-control","kiwi","control","kimi",1,TRUE,"incorrect","correct","correct","correct","correct","correct","correct"
"M-kiwi-2-control:minimax:0","M-kiwi-2-control","kiwi","control","minimax",0,FALSE,"unscorable","incorrect","unscorable","unscorable","unscorable","unscorable","unscorable"
"M-kiwi-2-control:minimax:1","M-kiwi-2-control","kiwi","control","minimax",1,FALSE,"unscorable","unscorable","incorrect","unscorable","unscorable","unscorable","unscorable"
"M-kiwi-2-trap:deepseek:0","M-kiwi-2-trap","kiwi","trap","deepseek",0,TRUE,"correct","correct","correct","correct","correct","correct","correct"
"M-kiwi-2-trap:deepseek:1","M-kiwi-2-trap","kiwi","trap","deepseek",1,TRUE,"correct","correct","correct","correct","correct","correct","correct"
"M-kiwi-2-trap:kimi:0","M-kiwi-2-trap","kiwi","trap","kimi",0,TRUE,"correct","correct","correct","correct","correct","correct","correct"
"M-kiwi-2-trap:kimi:1","M-kiwi-2-trap","kiwi","trap","kimi",1,TRUE,"correct","correct","correct","correct","correct","correct","correct"
"M-kiwi-2-trap:minimax:0","M-kiwi-2-trap","kiwi","trap","minimax",0,TRUE,"correct","correct","correct","correct","correct","correct","correct"
"M-kiwi-2-trap:minimax:1","M-kiwi-2-trap","kiwi","trap","minimax",1,FALSE,"unscorable","correct","correct","correct","correct","correct","correct"
"M-month-1-control:deepseek:0","M-month-1-control","month","control","deepseek",0,TRUE,"correct","correct","correct","correct","correct","correct","correct"
"M-month-1-control:deepseek:1","M-month-1-control","month","control","deepseek",1,TRUE,"correct","correct","correct","correct","correct","correct","correct"
"M-month-1-control:kimi:0","M-month-1-control","month","control","kimi",0,TRUE,"correct","correct","correct","correct","correct","correct","correct"
"M-month-1-control:kimi:1","M-month-1-control","month","control","kimi",1,TRUE,"correct","correct","correct","correct","correct","correct","correct"
"M-month-1-control:minimax:0","M-month-1-control","month","control","minimax",0,TRUE,"correct","correct","correct","correct","correct","correct","correct"
"M-month-1-control:minimax:1","M-month-1-control","month","control","minimax",1,TRUE,"correct","correct","correct","correct","correct","correct","correct"
"M-month-1-trap:deepseek:0","M-month-1-trap","month","trap","deepseek",0,TRUE,"correct","correct","correct","correct","correct","correct","correct"
"M-month-1-trap:deepseek:1","M-month-1-trap","month","trap","deepseek",1,TRUE,"correct","correct","correct","correct","correct","correct","correct"
"M-month-1-trap:kimi:0","M-month-1-trap","month","trap","kimi",0,TRUE,"correct","correct","correct","correct","correct","correct","correct"
"M-month-1-trap:kimi:1","M-month-1-trap","month","trap","kimi",1,TRUE,"correct","correct","correct","correct","correct","correct","correct"
"M-month-1-trap:minimax:0","M-month-1-trap","month","trap","minimax",0,TRUE,"correct","correct","correct","correct","correct","correct","correct"
"M-month-1-trap:minimax:1","M-month-1-trap","month","trap","minimax",1,TRUE,"correct","correct","correct","correct","correct","correct","correct"
"M-month-2-control:deepseek:0","M-month-2-control","month","control","deepseek",0,TRUE,"correct","correct","correct","correct","correct","correct","correct"
"M-month-2-control:deepseek:1","M-month-2-control","month","control","deepseek",1,TRUE,"correct","correct","correct","correct","correct","correct","correct"
"M-month-2-control:kimi:0","M-month-2-control","month","control","kimi",0,TRUE,"correct","correct","correct","correct","correct","correct","correct"
"M-month-2-control:kimi:1","M-month-2-control","month","control","kimi",1,TRUE,"correct","correct","correct","correct","correct","correct","correct"
"M-month-2-control:minimax:0","M-month-2-control","month","control","minimax",0,TRUE,"correct","correct","correct","correct","correct","correct","correct"
"M-month-2-control:minimax:1","M-month-2-control","month","control","minimax",1,TRUE,"correct","correct","correct","correct","correct","correct","correct"
"M-month-2-trap:deepseek:0","M-month-2-trap","month","trap","deepseek",0,TRUE,"correct","correct","correct","correct","correct","correct","correct"
"M-month-2-trap:deepseek:1","M-month-2-trap","month","trap","deepseek",1,TRUE,"correct","correct","correct","correct","correct","correct","correct"
"M-month-2-trap:kimi:0","M-month-2-trap","month","trap","kimi",0,TRUE,"correct","correct","correct","correct","correct","correct","correct"
"M-month-2-trap:kimi:1","M-month-2-trap","month","trap","kimi",1,TRUE,"correct","correct","correct","correct","correct","correct","correct"
"M-month-2-trap:minimax:0","M-month-2-trap","month","trap","minimax",0,TRUE,"correct","correct","correct","correct","correct","correct","correct"
"M-month-2-trap:minimax:1","M-month-2-trap","month","trap","minimax",1,TRUE,"correct","correct","correct","correct","correct","correct","correct"
"M-triangle-1-control:deepseek:0","M-triangle-1-control","triangle","control","deepseek",0,TRUE,"incorrect","correct","correct","incorrect","correct","correct","correct"
"M-triangle-1-control:deepseek:1","M-triangle-1-control","triangle","control","deepseek",1,TRUE,"incorrect","correct","correct","incorrect","incorrect","correct","correct"
"M-triangle-1-control:kimi:0","M-triangle-1-control","triangle","control","kimi",0,FALSE,"unscorable","correct","correct","correct","correct","correct","correct"
"M-triangle-1-control:kimi:1","M-triangle-1-control","triangle","control","kimi",1,TRUE,"incorrect","correct","correct","correct","correct","correct","correct"
"M-triangle-1-control:minimax:0","M-triangle-1-control","triangle","control","minimax",0,TRUE,"incorrect","correct","correct","correct","correct","correct","correct"
"M-triangle-1-control:minimax:1","M-triangle-1-control","triangle","control","minimax",1,TRUE,"incorrect","correct","correct","correct","correct","correct","correct"
"M-triangle-1-trap:deepseek:0","M-triangle-1-trap","triangle","trap","deepseek",0,TRUE,"correct","correct","correct","correct","correct","correct","correct"
"M-triangle-1-trap:deepseek:1","M-triangle-1-trap","triangle","trap","deepseek",1,TRUE,"correct","correct","correct","correct","correct","correct","correct"
"M-triangle-1-trap:kimi:0","M-triangle-1-trap","triangle","trap","kimi",0,TRUE,"correct","correct","correct","correct","correct","correct","correct"
"M-triangle-1-trap:kimi:1","M-triangle-1-trap","triangle","trap","kimi",1,TRUE,"correct","correct","correct","correct","correct","correct","correct"
"M-triangle-1-trap:minimax:0","M-triangle-1-trap","triangle","trap","minimax",0,TRUE,"correct","correct","correct","correct","correct","correct","correct"
"M-triangle-1-trap:minimax:1","M-triangle-1-trap","triangle","trap","minimax",1,FALSE,"unscorable","correct","correct","correct","correct","correct","correct"
"M-triangle-2-control:deepseek:0","M-triangle-2-control","triangle","control","deepseek",0,TRUE,"incorrect","correct","correct","correct","correct","correct","correct"
"M-triangle-2-control:deepseek:1","M-triangle-2-control","triangle","control","deepseek",1,TRUE,"incorrect","correct","correct","correct","correct","correct","correct"
"M-triangle-2-control:kimi:0","M-triangle-2-control","triangle","control","kimi",0,FALSE,"unscorable","correct","correct","correct","correct","correct","correct"
"M-triangle-2-control:kimi:1","M-triangle-2-control","triangle","control","kimi",1,TRUE,"incorrect","correct","incorrect","correct","correct","correct","correct"
"M-triangle-2-control:minimax:0","M-triangle-2-control","triangle","control","minimax",0,TRUE,"correct","correct","correct","correct","correct","correct","correct"
"M-triangle-2-control:minimax:1","M-triangle-2-control","triangle","control","minimax",1,TRUE,"incorrect","incorrect","incorrect","incorrect","correct","correct","correct"
"M-triangle-2-trap:deepseek:0","M-triangle-2-trap","triangle","trap","deepseek",0,TRUE,"correct","correct","correct","correct","correct","correct","correct"
"M-triangle-2-trap:deepseek:1","M-triangle-2-trap","triangle","trap","deepseek",1,TRUE,"correct","correct","correct","correct","correct","correct","correct"
"M-triangle-2-trap:kimi:0","M-triangle-2-trap","triangle","trap","kimi",0,TRUE,"correct","correct","correct","correct","correct","correct","correct"
"M-triangle-2-trap:kimi:1","M-triangle-2-trap","triangle","trap","kimi",1,TRUE,"correct","correct","correct","correct","correct","correct","correct"
"M-triangle-2-trap:minimax:0","M-triangle-2-trap","triangle","trap","minimax",0,TRUE,"correct","correct","correct","correct","correct","correct","correct"
"M-triangle-2-trap:minimax:1","M-triangle-2-trap","triangle","trap","minimax",1,TRUE,"correct","correct","correct","correct","correct","correct","correct"
