"cell_id","question_id","domain","provider","donor","own_initial","donor_initial"
"M-integer-1-trap:deepseek","M-integer-1-trap","mathematics","deepseek","kimi","correct","correct"
"M-integer-1-trap:kimi","M-integer-1-trap","mathematics","kimi","minimax","correct","correct"
"M-integer-1-trap:minimax","M-integer-1-trap","mathematics","minimax","deepseek","correct","correct"
"M-kiwi-1-control:deepseek","M-kiwi-1-control","mathematics","deepseek","minimax","correct","correct"
"M-kiwi-1-control:kimi","M-kiwi-1-control","mathematics","kimi","deepseek","incorrect","correct"
"M-kiwi-1-control:minimax","M-kiwi-1-control","mathematics","minimax","kimi","correct","incorrect"
"M-kiwi-1-trap:deepseek","M-kiwi-1-trap","mathematics","deepseek","kimi","correct","correct"
"M-kiwi-1-trap:kimi","M-kiwi-1-trap","mathematics","kimi","minimax","correct","correct"
"M-kiwi-1-trap:minimax","M-kiwi-1-trap","mathematics","minimax","deepseek","correct","correct"
"M-kiwi-2-control:deepseek","M-kiwi-2-control","mathematics","deepseek","minimax","incorrect","incorrect"
"M-kiwi-2-control:kimi","M-kiwi-2-control","mathematics","kimi","deepseek","incorrect","incorrect"
"M-kiwi-2-control:minimax","M-kiwi-2-control","mathematics","minimax","kimi","incorrect","incorrect"
"M-kiwi-2-trap:deepseek","M-kiwi-2-trap","mathematics","deepseek","kimi","correct","incorrect"
"M-kiwi-2-trap:kimi","M-kiwi-2-trap","mathematics","kimi","minimax","incorrect","correct"
"M-kiwi-2-trap:minimax","M-kiwi-2-trap","mathematics","minimax","deepseek","correct","correct"
"M-month-1-control:deepseek","M-month-1-control","mathematics","deepseek","minimax","correct","correct"
"M-month-1-control:kimi","M-month-1-control","mathematics","kimi","deepseek","correct","correct"
"M-month-1-control:minimax","M-month-1-control","mathematics","minimax","kimi","correct","correct"
"M-month-1-trap:deepseek","M-month-1-trap","mathematics","deepseek","kimi","correct","correct"
"M-month-1-trap:kimi","M-month-1-trap","mathematics","kimi","minimax","correct","correct"
"M-month-1-trap:minimax","M-month-1-trap","mathematics","minimax","deepseek","correct","correct"
"M-month-2-control:deepseek","M-month-2-control","mathematics","deepseek","minimax","correct","correct"
"M-month-2-control:kimi","M-month-2-control","mathematics","kimi","deepseek","correct","correct"
"M-month-2-control:minimax","M-month-2-control","mathematics","minimax","kimi","correct","correct"
"M-month-2-trap:deepseek","M-month-2-trap","mathematics","deepseek","kimi","correct","correct"
"M-month-2-trap:kimi","M-month-2-trap","mathematics","kimi","minimax","correct","correct"
"M-month-2-trap:minimax","M-month-2-trap","mathematics","minimax","deepseek","correct","correct"
"M-triangle-1-control:deepseek","M-triangle-1-control","mathematics","deepseek","minimax","incorrect","correct"
"M-triangle-1-control:kimi","M-triangle-1-control","mathematics","kimi","deepseek","incorrect","incorrect"
"M-triangle-1-control:minimax","M-triangle-1-control","mathematics","minimax","kimi","correct","incorrect"
"M-triangle-1-trap:deepseek","M-triangle-1-trap","mathematics","deepseek","kimi","correct","correct"
"M-triangle-1-trap:kimi","M-triangle-1-trap","mathematics","kimi","minimax","correct","unscorable"
"M-triangle-1-trap:minimax","M-triangle-1-trap","mathematics","minimax","deepseek","unscorable","correct"
"M-triangle-2-control:deepseek","M-triangle-2-control","mathematics","deepseek","minimax","incorrect","incorrect"
"M-triangle-2-control:kimi","M-triangle-2-control","mathematics","kimi","deepseek","incorrect","incorrect"
"M-triangle-2-control:minimax","M-triangle-2-control","mathematics","minimax","kimi","incorrect","incorrect"
"M-triangle-2-trap:deepseek","M-triangle-2-trap","mathematics","deepseek","kimi","correct","correct"
"M-triangle-2-trap:kimi","M-triangle-2-trap","mathematics","kimi","minimax","correct","correct"
"M-triangle-2-trap:minimax","M-triangle-2-trap","mathematics","minimax","deepseek","correct","correct"
"SV0185:deepseek","SV0185","facts","deepseek","kimi","correct","incorrect"
"SV0185:kimi","SV0185","facts","kimi","minimax","incorrect","incorrect"
"SV0185:minimax","SV0185","facts","minimax","deepseek","incorrect","correct"
"SV0491:deepseek","SV0491","facts","deepseek","minimax","incorrect","incorrect"
"SV0491:kimi","SV0491","facts","kimi","deepseek","abstain","incorrect"
"SV0491:minimax","SV0491","facts","minimax","kimi","incorrect","abstain"
"SV0541:deepseek","SV0541","facts","deepseek","kimi","incorrect","incorrect"
"SV0541:kimi","SV0541","facts","kimi","minimax","incorrect","unscorable"
"SV0541:minimax","SV0541","facts","minimax","deepseek","unscorable","incorrect"
"SV0598:deepseek","SV0598","facts","deepseek","minimax","abstain","abstain"
"SV0598:kimi","SV0598","facts","kimi","deepseek","incorrect","abstain"
"SV0598:minimax","SV0598","facts","minimax","kimi","abstain","incorrect"
"SV0876:deepseek","SV0876","facts","deepseek","kimi","correct","incorrect"
"SV0876:kimi","SV0876","facts","kimi","minimax","incorrect","incorrect"
"SV0876:minimax","SV0876","facts","minimax","deepseek","incorrect","correct"
"SV1054:deepseek","SV1054","facts","deepseek","minimax","correct","correct"
"SV1054:kimi","SV1054","facts","kimi","deepseek","correct","correct"
"SV1054:minimax","SV1054","facts","minimax","kimi","correct","correct"
"SV1181:deepseek","SV1181","facts","deepseek","kimi","abstain","abstain"
"SV1181:kimi","SV1181","facts","kimi","minimax","abstain","incorrect"
"SV1181:minimax","SV1181","facts","minimax","deepseek","incorrect","abstain"
"SV1190:deepseek","SV1190","facts","deepseek","minimax","correct","incorrect"
"SV1190:kimi","SV1190","facts","kimi","deepseek","abstain","correct"
"SV1190:minimax","SV1190","facts","minimax","kimi","incorrect","abstain"
"SV1391:deepseek","SV1391","facts","deepseek","kimi","abstain","abstain"
"SV1391:kimi","SV1391","facts","kimi","minimax","abstain","abstain"
"SV1391:minimax","SV1391","facts","minimax","deepseek","abstain","abstain"
"SV1448:deepseek","SV1448","facts","deepseek","minimax","abstain","incorrect"
"SV1448:kimi","SV1448","facts","kimi","deepseek","incorrect","abstain"
"SV1448:minimax","SV1448","facts","minimax","kimi","incorrect","incorrect"
"SV1501:deepseek","SV1501","facts","deepseek","kimi","correct","correct"
"SV1501:kimi","SV1501","facts","kimi","minimax","correct","incorrect"
"SV1501:minimax","SV1501","facts","minimax","deepseek","incorrect","correct"
"SV1502:deepseek","SV1502","facts","deepseek","minimax","incorrect","incorrect"
"SV1502:kimi","SV1502","facts","kimi","deepseek","incorrect","incorrect"
"SV1502:minimax","SV1502","facts","minimax","kimi","incorrect","incorrect"
"SV1682:deepseek","SV1682","facts","deepseek","kimi","correct","incorrect"
"SV1682:kimi","SV1682","facts","kimi","minimax","incorrect","abstain"
"SV1682:minimax","SV1682","facts","minimax","deepseek","abstain","correct"
"SV1791:deepseek","SV1791","facts","deepseek","minimax","abstain","abstain"
"SV1791:kimi","SV1791","facts","kimi","deepseek","abstain","abstain"
"SV1791:minimax","SV1791","facts","minimax","kimi","abstain","abstain"
"SV1808:deepseek","SV1808","facts","deepseek","kimi","unscorable","correct"
"SV1808:kimi","SV1808","facts","kimi","minimax","correct","incorrect"
"SV1808:minimax","SV1808","facts","minimax","deepseek","incorrect","unscorable"
"SV1847:deepseek","SV1847","facts","deepseek","minimax","abstain","abstain"
"SV1847:kimi","SV1847","facts","kimi","deepseek","incorrect","abstain"
"SV1847:minimax","SV1847","facts","minimax","kimi","abstain","incorrect"
"SV1851:deepseek","SV1851","facts","deepseek","kimi","abstain","abstain"
"SV1851:kimi","SV1851","facts","kimi","minimax","abstain","incorrect"
"SV1851:minimax","SV1851","facts","minimax","deepseek","incorrect","abstain"
"SV1866:deepseek","SV1866","facts","deepseek","minimax","abstain","abstain"
"SV1866:kimi","SV1866","facts","kimi","deepseek","abstain","abstain"
"SV1866:minimax","SV1866","facts","minimax","kimi","abstain","abstain"
"SV2145:deepseek","SV2145","facts","deepseek","kimi","abstain","incorrect"
"SV2145:kimi","SV2145","facts","kimi","minimax","incorrect","incorrect"
"SV2145:minimax","SV2145","facts","minimax","deepseek","incorrect","abstain"
"SV2176:deepseek","SV2176","facts","deepseek","minimax","correct","correct"
"SV2176:kimi","SV2176","facts","kimi","deepseek","correct","correct"
"SV2176:minimax","SV2176","facts","minimax","kimi","correct","correct"
"SV2209:deepseek","SV2209","facts","deepseek","kimi","abstain","abstain"
"SV2209:kimi","SV2209","facts","kimi","minimax","abstain","incorrect"
"SV2209:minimax","SV2209","facts","minimax","deepseek","incorrect","abstain"
"SV2268:deepseek","SV2268","facts","deepseek","minimax","correct","correct"
"SV2268:kimi","SV2268","facts","kimi","deepseek","correct","correct"
"SV2268:minimax","SV2268","facts","minimax","kimi","correct","correct"
"SV2444:deepseek","SV2444","facts","deepseek","kimi","abstain","incorrect"
"SV2444:kimi","SV2444","facts","kimi","minimax","incorrect","incorrect"
"SV2444:minimax","SV2444","facts","minimax","deepseek","incorrect","abstain"
"SV2543:deepseek","SV2543","facts","deepseek","minimax","incorrect","abstain"
"SV2543:kimi","SV2543","facts","kimi","deepseek","abstain","incorrect"
"SV2543:minimax","SV2543","facts","minimax","kimi","abstain","abstain"
"SV2595:deepseek","SV2595","facts","deepseek","kimi","abstain","correct"
"SV2595:kimi","SV2595","facts","kimi","minimax","correct","incorrect"
"SV2595:minimax","SV2595","facts","minimax","deepseek","incorrect","abstain"
"SV2657:deepseek","SV2657","facts","deepseek","minimax","incorrect","abstain"
"SV2657:kimi","SV2657","facts","kimi","deepseek","incorrect","incorrect"
"SV2657:minimax","SV2657","facts","minimax","kimi","abstain","incorrect"
"SV2658:deepseek","SV2658","facts","deepseek","kimi","abstain","abstain"
"SV2658:kimi","SV2658","facts","kimi","minimax","abstain","abstain"
"SV2658:minimax","SV2658","facts","minimax","deepseek","abstain","abstain"
"SV2832:deepseek","SV2832","facts","deepseek","minimax","incorrect","incorrect"
"SV2832:kimi","SV2832","facts","kimi","deepseek","incorrect","incorrect"
"SV2832:minimax","SV2832","facts","minimax","kimi","incorrect","incorrect"
"SV3030:deepseek","SV3030","facts","deepseek","kimi","abstain","abstain"
"SV3030:kimi","SV3030","facts","kimi","minimax","abstain","abstain"
"SV3030:minimax","SV3030","facts","minimax","deepseek","abstain","abstain"
"SV3267:deepseek","SV3267","facts","deepseek","minimax","correct","incorrect"
"SV3267:kimi","SV3267","facts","kimi","deepseek","correct","correct"
"SV3267:minimax","SV3267","facts","minimax","kimi","incorrect","correct"
"SV3290:deepseek","SV3290","facts","deepseek","kimi","incorrect","incorrect"
"SV3290:kimi","SV3290","facts","kimi","minimax","incorrect","unscorable"
"SV3290:minimax","SV3290","facts","minimax","deepseek","unscorable","incorrect"
"SV3488:deepseek","SV3488","facts","deepseek","minimax","correct","abstain"
"SV3488:kimi","SV3488","facts","kimi","deepseek","abstain","correct"
"SV3488:minimax","SV3488","facts","minimax","kimi","abstain","abstain"
"SV3489:deepseek","SV3489","facts","deepseek","kimi","incorrect","correct"
"SV3489:kimi","SV3489","facts","kimi","minimax","correct","incorrect"
"SV3489:minimax","SV3489","facts","minimax","deepseek","incorrect","incorrect"
"SV3693:deepseek","SV3693","facts","deepseek","minimax","correct","correct"
"SV3693:kimi","SV3693","facts","kimi","deepseek","incorrect","correct"
"SV3693:minimax","SV3693","facts","minimax","kimi","correct","incorrect"
"SV4086:deepseek","SV4086","facts","deepseek","kimi","correct","correct"
"SV4086:kimi","SV4086","facts","kimi","minimax","correct","incorrect"
"SV4086:minimax","SV4086","facts","minimax","deepseek","incorrect","correct"
"SV4222:deepseek","SV4222","facts","deepseek","minimax","abstain","abstain"
"SV4222:kimi","SV4222","facts","kimi","deepseek","abstain","abstain"
"SV4222:minimax","SV4222","facts","minimax","kimi","abstain","abstain"
