"domain","provider","comparison","metric","n","question_clusters","a_pct","b_pct","difference_pp","ci_low_pp","ci_high_pp"
"facts","pooled","N2-N1","error",102,36,34.3137254901961,39.2156862745098,-4.90196078431373,-16.1933229813665,5.94059405940594
"facts","pooled","N2-N1","correct",102,36,29.4117647058824,17.6470588235294,11.7647058823529,3.09278350515464,20.7931105610561
"facts","pooled","N2-N1","abstain",102,36,36.2745098039216,43.1372549019608,-6.86274509803922,-18.6274509803922,4.95049504950495
"facts","pooled","N2-N0","error",102,36,34.3137254901961,36.2745098039216,-1.96078431372549,-9,4.90196078431373
"facts","pooled","N2-N0","correct",102,36,29.4117647058824,24.5098039215686,4.90196078431372,1.0201504844362,9.09090909090909
"facts","pooled","N2-N0","abstain",102,36,36.2745098039216,39.2156862745098,-2.94117647058824,-9.70873786407767,4
"facts","pooled","N3-N2","error",101,36,26.7326732673267,34.6534653465347,-7.92079207920792,-15.4639175257732,0
"facts","pooled","N3-N2","correct",101,36,23.7623762376238,28.7128712871287,-4.95049504950495,-10.8910891089109,0
"facts","pooled","N3-N2","abstain",101,36,49.5049504950495,36.6336633663366,12.8712871287129,5.10204081632653,20.952380952381
"facts","deepseek","N2-N1","error",35,35,20,34.2857142857143,-14.2857142857143,-31.4285714285714,2.85714285714286
"facts","deepseek","N2-N1","correct",35,35,37.1428571428571,25.7142857142857,11.4285714285714,-5.71428571428571,28.5714285714286
"facts","deepseek","N2-N1","abstain",35,35,42.8571428571429,40,2.85714285714286,-17.1428571428571,25.7142857142857
"facts","deepseek","N2-N0","error",35,35,20,22.8571428571429,-2.85714285714286,-17.1428571428571,11.4285714285714
"facts","deepseek","N2-N0","correct",35,35,37.1428571428571,34.2857142857143,2.85714285714286,-5.71428571428571,11.4285714285714
"facts","deepseek","N2-N0","abstain",35,35,42.8571428571429,42.8571428571429,0,-17.1428571428571,17.1428571428571
"facts","deepseek","N3-N2","error",35,35,11.4285714285714,20,-8.57142857142857,-22.8571428571429,2.85714285714286
"facts","deepseek","N3-N2","correct",35,35,34.2857142857143,37.1428571428571,-2.85714285714286,-14.2857142857143,5.71428571428571
"facts","deepseek","N3-N2","abstain",35,35,54.2857142857143,42.8571428571429,11.4285714285714,-2.85714285714286,28.5714285714286
"facts","kimi","N2-N1","error",34,34,32.3529411764706,11.7647058823529,20.5882352941176,2.94117647058824,38.2352941176471
"facts","kimi","N2-N1","correct",34,34,29.4117647058824,14.7058823529412,14.7058823529412,2.94117647058824,26.4705882352941
"facts","kimi","N2-N1","abstain",34,34,38.2352941176471,73.5294117647059,-35.2941176470588,-52.9411764705882,-20.5882352941176
"facts","kimi","N2-N0","error",34,34,32.3529411764706,35.2941176470588,-2.94117647058824,-17.6470588235294,11.7647058823529
"facts","kimi","N2-N0","correct",34,34,29.4117647058824,26.4705882352941,2.94117647058824,-5.88235294117647,11.7647058823529
"facts","kimi","N2-N0","abstain",34,34,38.2352941176471,38.2352941176471,0,-14.7058823529412,14.7058823529412
"facts","kimi","N3-N2","error",34,34,29.4117647058824,32.3529411764706,-2.94117647058823,-14.7058823529412,5.88235294117647
"facts","kimi","N3-N2","correct",34,34,20.5882352941176,29.4117647058824,-8.82352941176471,-20.5882352941176,0
"facts","kimi","N3-N2","abstain",34,34,50,38.2352941176471,11.7647058823529,0,26.4705882352941
"facts","minimax","N2-N1","error",33,33,51.5151515151515,72.7272727272727,-21.2121212121212,-36.3636363636364,-9.09090909090909
"facts","minimax","N2-N1","correct",33,33,21.2121212121212,12.1212121212121,9.09090909090909,0,21.2121212121212
"facts","minimax","N2-N1","abstain",33,33,27.2727272727273,15.1515151515152,12.1212121212121,-3.03030303030303,27.2727272727273
"facts","minimax","N2-N0","error",33,33,51.5151515151515,51.5151515151515,0,-12.1212121212121,12.1212121212121
"facts","minimax","N2-N0","correct",33,33,21.2121212121212,12.1212121212121,9.09090909090909,0,21.2121212121212
"facts","minimax","N2-N0","abstain",33,33,27.2727272727273,36.3636363636364,-9.09090909090909,-21.2121212121212,0
"facts","minimax","N3-N2","error",32,32,40.625,53.125,-12.5,-28.125,3.125
"facts","minimax","N3-N2","correct",32,32,15.625,18.75,-3.125,-15.625,6.25
"facts","minimax","N3-N2","abstain",32,32,43.75,28.125,15.625,0,31.25
"mathematics","pooled","N2-N1","error",37,13,0,5.4054054054054,-5.4054054054054,NA,NA
"mathematics","pooled","N2-N1","correct",37,13,100,94.5945945945946,5.4054054054054,NA,NA
"mathematics","pooled","N2-N1","abstain",37,13,0,0,0,NA,NA
"mathematics","pooled","N2-N0","error",37,13,0,27.027027027027,-27.027027027027,NA,NA
"mathematics","pooled","N2-N0","correct",37,13,100,72.972972972973,27.027027027027,NA,NA
"mathematics","pooled","N2-N0","abstain",37,13,0,0,0,NA,NA
"mathematics","pooled","N3-N2","error",37,13,0,0,0,NA,NA
"mathematics","pooled","N3-N2","correct",37,13,100,100,0,NA,NA
"mathematics","pooled","N3-N2","abstain",37,13,0,0,0,NA,NA
"mathematics","deepseek","N2-N1","error",13,13,0,0,0,NA,NA
"mathematics","deepseek","N2-N1","correct",13,13,100,100,0,NA,NA
"mathematics","deepseek","N2-N1","abstain",13,13,0,0,0,NA,NA
"mathematics","deepseek","N2-N0","error",13,13,0,23.0769230769231,-23.0769230769231,NA,NA
"mathematics","deepseek","N2-N0","correct",13,13,100,76.9230769230769,23.0769230769231,NA,NA
"mathematics","deepseek","N2-N0","abstain",13,13,0,0,0,NA,NA
"mathematics","deepseek","N3-N2","error",13,13,0,0,0,NA,NA
"mathematics","deepseek","N3-N2","correct",13,13,100,100,0,NA,NA
"mathematics","deepseek","N3-N2","abstain",13,13,0,0,0,NA,NA
"mathematics","kimi","N2-N1","error",12,12,0,8.33333333333333,-8.33333333333333,NA,NA
"mathematics","kimi","N2-N1","correct",12,12,100,91.6666666666667,8.33333333333333,NA,NA
"mathematics","kimi","N2-N1","abstain",12,12,0,0,0,NA,NA
"mathematics","kimi","N2-N0","error",12,12,0,41.6666666666667,-41.6666666666667,NA,NA
"mathematics","kimi","N2-N0","correct",12,12,100,58.3333333333333,41.6666666666667,NA,NA
"mathematics","kimi","N2-N0","abstain",12,12,0,0,0,NA,NA
"mathematics","kimi","N3-N2","error",12,12,0,0,0,NA,NA
"mathematics","kimi","N3-N2","correct",12,12,100,100,0,NA,NA
"mathematics","kimi","N3-N2","abstain",12,12,0,0,0,NA,NA
"mathematics","minimax","N2-N1","error",12,12,0,8.33333333333333,-8.33333333333333,NA,NA
"mathematics","minimax","N2-N1","correct",12,12,100,91.6666666666667,8.33333333333333,NA,NA
"mathematics","minimax","N2-N1","abstain",12,12,0,0,0,NA,NA
"mathematics","minimax","N2-N0","error",12,12,0,16.6666666666667,-16.6666666666667,NA,NA
"mathematics","minimax","N2-N0","correct",12,12,100,83.3333333333333,16.6666666666667,NA,NA
"mathematics","minimax","N2-N0","abstain",12,12,0,0,0,NA,NA
"mathematics","minimax","N3-N2","error",12,12,0,0,0,NA,NA
"mathematics","minimax","N3-N2","correct",12,12,100,100,0,NA,NA
"mathematics","minimax","N3-N2","abstain",12,12,0,0,0,NA,NA
