"domain","provider","comparison","planned","paired","missing_a","missing_b","difference_lower_pp","difference_upper_pp"
"facts","pooled","N2-N1",108,102,5,4,-9.25925925925926,-0.925925925925924
"facts","pooled","N2-N0",108,102,5,3,-7.40740740740741,0
"facts","pooled","N3-N2",108,101,6,5,-12.037037037037,-1.85185185185185
"facts","deepseek","N2-N1",36,35,0,1,-16.6666666666667,-13.8888888888889
"facts","deepseek","N2-N0",36,35,0,1,-5.55555555555556,-2.77777777777778
"facts","deepseek","N3-N2",36,35,1,0,-8.33333333333333,-5.55555555555555
"facts","kimi","N2-N1",36,34,2,0,16.6666666666667,22.2222222222222
"facts","kimi","N2-N0",36,34,2,0,-8.33333333333334,-2.77777777777778
"facts","kimi","N3-N2",36,34,2,2,-8.33333333333333,2.77777777777778
"facts","minimax","N2-N1",36,33,3,3,-27.7777777777778,-11.1111111111111
"facts","minimax","N2-N0",36,33,3,2,-8.33333333333333,5.55555555555555
"facts","minimax","N3-N2",36,32,3,3,-19.4444444444444,-2.77777777777778
"mathematics","pooled","N2-N1",39,37,2,1,-7.69230769230769,0
"mathematics","pooled","N2-N0",39,37,2,1,-28.2051282051282,-20.5128205128205
"mathematics","pooled","N3-N2",39,37,2,2,-5.12820512820513,5.12820512820513
"mathematics","deepseek","N2-N1",13,13,0,0,0,0
"mathematics","deepseek","N2-N0",13,13,0,0,-23.0769230769231,-23.0769230769231
"mathematics","deepseek","N3-N2",13,13,0,0,0,0
"mathematics","kimi","N2-N1",13,12,1,0,-7.69230769230769,0
"mathematics","kimi","N2-N0",13,12,1,0,-38.4615384615385,-30.7692307692308
"mathematics","kimi","N3-N2",13,12,1,1,-7.69230769230769,7.69230769230769
"mathematics","minimax","N2-N1",13,12,1,1,-15.3846153846154,0
"mathematics","minimax","N2-N0",13,12,1,1,-23.0769230769231,-7.69230769230769
"mathematics","minimax","N3-N2",13,12,1,1,-7.69230769230769,7.69230769230769
