"scope","domain","provider","condition","n","correct","wrong","abstain","error_pct","correct_pct","abstain_pct"
"common_four","facts","pooled","N0",101,25,36,40,35.6435643564356,24.7524752475248,39.6039603960396
"common_four","facts","pooled","N1",101,18,39,44,38.6138613861386,17.8217821782178,43.5643564356436
"common_four","facts","pooled","N2",101,29,35,37,34.6534653465347,28.7128712871287,36.6336633663366
"common_four","facts","pooled","N3",101,24,27,50,26.7326732673267,23.7623762376238,49.5049504950495
"common_four","facts","deepseek","N0",35,12,8,15,22.8571428571429,34.2857142857143,42.8571428571429
"common_four","facts","deepseek","N1",35,9,12,14,34.2857142857143,25.7142857142857,40
"common_four","facts","deepseek","N2",35,13,7,15,20,37.1428571428571,42.8571428571429
"common_four","facts","deepseek","N3",35,12,4,19,11.4285714285714,34.2857142857143,54.2857142857143
"common_four","facts","kimi","N0",34,9,12,13,35.2941176470588,26.4705882352941,38.2352941176471
"common_four","facts","kimi","N1",34,5,4,25,11.7647058823529,14.7058823529412,73.5294117647059
"common_four","facts","kimi","N2",34,10,11,13,32.3529411764706,29.4117647058824,38.2352941176471
"common_four","facts","kimi","N3",34,7,10,17,29.4117647058824,20.5882352941176,50
"common_four","facts","minimax","N0",32,4,16,12,50,12.5,37.5
"common_four","facts","minimax","N1",32,4,23,5,71.875,12.5,15.625
"common_four","facts","minimax","N2",32,6,17,9,53.125,18.75,28.125
"common_four","facts","minimax","N3",32,5,13,14,40.625,15.625,43.75
"common_four","mathematics","pooled","N0",37,27,10,0,27.027027027027,72.972972972973,0
"common_four","mathematics","pooled","N1",37,35,2,0,5.4054054054054,94.5945945945946,0
"common_four","mathematics","pooled","N2",37,37,0,0,0,100,0
"common_four","mathematics","pooled","N3",37,37,0,0,0,100,0
"common_four","mathematics","deepseek","N0",13,10,3,0,23.0769230769231,76.9230769230769,0
"common_four","mathematics","deepseek","N1",13,13,0,0,0,100,0
"common_four","mathematics","deepseek","N2",13,13,0,0,0,100,0
"common_four","mathematics","deepseek","N3",13,13,0,0,0,100,0
"common_four","mathematics","kimi","N0",12,7,5,0,41.6666666666667,58.3333333333333,0
"common_four","mathematics","kimi","N1",12,11,1,0,8.33333333333333,91.6666666666667,0
"common_four","mathematics","kimi","N2",12,12,0,0,0,100,0
"common_four","mathematics","kimi","N3",12,12,0,0,0,100,0
"common_four","mathematics","minimax","N0",12,10,2,0,16.6666666666667,83.3333333333333,0
"common_four","mathematics","minimax","N1",12,11,1,0,8.33333333333333,91.6666666666667,0
"common_four","mathematics","minimax","N2",12,12,0,0,0,100,0
"common_four","mathematics","minimax","N3",12,12,0,0,0,100,0
"available_condition","facts","pooled","N0",105,25,40,40,38.0952380952381,23.8095238095238,38.0952380952381
"available_condition","facts","pooled","N1",104,18,41,45,39.4230769230769,17.3076923076923,43.2692307692308
"available_condition","facts","pooled","N2",103,31,35,37,33.9805825242718,30.0970873786408,35.9223300970874
"available_condition","facts","pooled","N3",102,24,27,51,26.4705882352941,23.5294117647059,50
"available_condition","facts","deepseek","N0",35,12,8,15,22.8571428571429,34.2857142857143,42.8571428571429
"available_condition","facts","deepseek","N1",35,9,12,14,34.2857142857143,25.7142857142857,40
"available_condition","facts","deepseek","N2",36,14,7,15,19.4444444444444,38.8888888888889,41.6666666666667
"available_condition","facts","deepseek","N3",35,12,4,19,11.4285714285714,34.2857142857143,54.2857142857143
"available_condition","facts","kimi","N0",36,9,14,13,38.8888888888889,25,36.1111111111111
"available_condition","facts","kimi","N1",36,5,5,26,13.8888888888889,13.8888888888889,72.2222222222222
"available_condition","facts","kimi","N2",34,10,11,13,32.3529411764706,29.4117647058824,38.2352941176471
"available_condition","facts","kimi","N3",34,7,10,17,29.4117647058824,20.5882352941176,50
"available_condition","facts","minimax","N0",34,4,18,12,52.9411764705882,11.7647058823529,35.2941176470588
"available_condition","facts","minimax","N1",33,4,24,5,72.7272727272727,12.1212121212121,15.1515151515152
"available_condition","facts","minimax","N2",33,7,17,9,51.5151515151515,21.2121212121212,27.2727272727273
"available_condition","facts","minimax","N3",33,5,13,15,39.3939393939394,15.1515151515152,45.4545454545455
"available_condition","mathematics","pooled","N0",38,28,10,0,26.3157894736842,73.6842105263158,0
"available_condition","mathematics","pooled","N1",38,36,2,0,5.26315789473684,94.7368421052632,0
"available_condition","mathematics","pooled","N2",37,37,0,0,0,100,0
"available_condition","mathematics","pooled","N3",37,37,0,0,0,100,0
"available_condition","mathematics","deepseek","N0",13,10,3,0,23.0769230769231,76.9230769230769,0
"available_condition","mathematics","deepseek","N1",13,13,0,0,0,100,0
"available_condition","mathematics","deepseek","N2",13,13,0,0,0,100,0
"available_condition","mathematics","deepseek","N3",13,13,0,0,0,100,0
"available_condition","mathematics","kimi","N0",13,8,5,0,38.4615384615385,61.5384615384615,0
"available_condition","mathematics","kimi","N1",13,12,1,0,7.69230769230769,92.3076923076923,0
"available_condition","mathematics","kimi","N2",12,12,0,0,0,100,0
"available_condition","mathematics","kimi","N3",12,12,0,0,0,100,0
"available_condition","mathematics","minimax","N0",12,10,2,0,16.6666666666667,83.3333333333333,0
"available_condition","mathematics","minimax","N1",12,11,1,0,8.33333333333333,91.6666666666667,0
"available_condition","mathematics","minimax","N2",12,12,0,0,0,100,0
"available_condition","mathematics","minimax","N3",12,12,0,0,0,100,0
