"question_order","eval_id","issue_type","original_question","reviewed_question","original_reference","reviewed_reference","rationale"
18,"GSMPLUS_V1_04095","clarification","Gerald works at a daycare that pays him $30 every day. He worked for an entire week, during which he also babysat his neighbor's kids for 2 hours each day at a rate of $0. However, he spent a total of $100 on groceries and other necessities. How much money does he have left?","Gerald works at a daycare that pays him $30 every day. He worked for all 7 days of a week, during which he also babysat his neighbor's kids for 2 hours each day at a rate of $0. However, he spent a total of $100 on groceries and other necessities. How much money does he have left?","110","110","30*7-100=110; specify days actually worked."
49,"GSMPLUS_V1_00047","ambiguity","Kylar went to the store to buy glasses for his new apartment. One glass costs $5, but every second glass costs only 60% of the price. Kylar wants to buy 16 glasses. He still has a $5 coupon but it expires. How much does he need to pay for them?","Kylar went to the store to buy glasses for his new apartment. One glass costs $5, but every second glass costs only 60% of the price. Kylar wants to buy 16 glasses. He still has a $5 coupon but it has already expired. How much does he need to pay for them?","64","64","Expired coupon cannot be redeemed; 8*5+8*3=64."
59,"GSMPLUS_V1_00678","missing_condition","In a series of 22 matches, a soccer team secured victories in 8 more games than those they were defeated in. How many games did they emerge victorious in?","In a series of 22 matches with no draws, a soccer team secured victories in 8 more games than those they were defeated in. How many games did they emerge victorious in?","15","15","With draws, W-L=8 and W+L+D=22 do not fix W. With D=0, W=15."
66,"GSMPLUS_V1_01855","ambiguity","Kylie and Robert enjoy going to the beach to collect shells. On Monday, Kylie collects 5 more shells than Robert, who collects 20 shells. On Tuesday, Kylie collects 2 times more shells than she did on Monday and Robert collects 39 shells. How many shells does Kylie collect on Tuesday?","Kylie and Robert enjoy going to the beach to collect shells. On Monday, Kylie collects 5 more shells than Robert, who collects 20 shells. On Tuesday, Kylie collects twice as many shells as she did on Monday and Robert collects 39 shells. How many shells does Kylie collect on Tuesday?","50","50","Twice as many means 2*(20+5)=50; times more is ambiguous."
79,"GSMPLUS_V1_10511","missing_condition","A fruit vendor bought 50 watermelons for $80 and 30 apples for $30. He sold all of them at a profit of 25%. How much was each watermelon sold?","A fruit vendor bought 50 watermelons for $80 and 30 apples for $30. He sold all of them with the same 25% markup on the cost of each fruit type. How much was each watermelon sold?","2","2","Overall profit alone does not identify watermelon price: apple prices 1.25 or 1.50 imply watermelon prices 2 or 1.85. Uniform markup gives (80/50)*1.25=2."
81,"GSMPLUS_V1_07430","entity_consistency","Rita hand-picks June worms from her plants every summer. On Monday, she removed 39 June worms. On both Tuesday and Wednesday, she removed twice as many June bugs as she did on Monday. She removed 48 on Thursday and 57 on Friday. What is the average number of June bugs she removes each day?","Rita hand-picks June bugs from her plants every summer. On Monday, she removed 39 June bugs. On both Tuesday and Wednesday, she removed twice as many June bugs as she did on Monday. She removed 48 on Thursday and 57 on Friday. What is the average number of June bugs she removes each day?","60","60","Use one name for the insects counted; (39+78+78+48+57)/5=60."
87,"GSMPLUS_V1_05998","wrong_reference","During a school event, there are fifty-four participants who need to be divided into six equally sized teams. If the event calls for 12 teams in total, how many additional teams need to be created?","During a school event, there are fifty-four participants who need to be divided into six equally sized teams. If the event calls for 12 teams in total, how many additional teams need to be created?","3","6","The question specifies 6 existing teams, not 9 teams of 6. Additional teams=12-6=6."
110,"GSMPLUS_V1_08718","clarification","Nathan possesses a bouncing ball that ascends to 2/3 of its initial height with every bounce. If he lets it fall from a third-floor mall balcony, with each level being 24 feet tall, what height does the ball reach on its second bounce?","Nathan has a ball that rebounds to 2/3 of its previous drop height on each bounce. He drops it from a mall balcony 72 feet above the ground. Each level is 24 feet tall. How high does it reach on its second bounce?","32","32","Explicit drop height avoids conventions about floor numbering; 72*(2/3)^2=32."
117,"GSMPLUS_V1_06687","ambiguity","If it takes 3 kangaroos traveling at the same speed a total of 18 hours to travel across a highway, and it takes 2 rabbits traveling at the same speed a total of 12 hours to travel across a highway, how many hours will it take four turtles, each traveling at half the speed of a kangaroo, to do so?","Three kangaroos each cross a highway in 6 hours; their individual travel times sum to 18 hours. Two rabbits have individual travel times totaling 12 hours. Four turtles each travel at half a kangaroo's speed. What is the sum of the four turtles' individual crossing times?","48","48","Group elapsed time and summed animal-hours differ. Define the sum: each kangaroo takes 6 hours, each turtle 12, four turtles total 48."
130,"GSMPLUS_V1_08599","ambiguity","Teddy has three sets of 500-piece puzzles. Teddy finished half of a 500-piece puzzle, and then started and finished another 500-piece puzzle within an hour.  How many puzzle pieces did Teddy place during that hour?","Teddy has three sets of 500-piece puzzles. During one hour, he places half the pieces of one puzzle and then all the pieces of another puzzle. How many puzzle pieces does he place during that hour?","750","750","Both completed portions must fall inside the measured hour; 250+500=750."
132,"GSMPLUS_V1_03126","clarification","Monica is preparing to adorn Christmas presents with bows. She has 6 presents for her family members, 4 presents for her buddies, and 2 presents for her educators. She possesses 144 inches of ribbon for this task. What is the length in inches of ribbon that she can allocate for each present's bow?","Monica has 6 presents for family, 4 for friends, and 2 for teachers. She uses all 144 inches of ribbon, divided equally among their bows. How many inches of ribbon does each bow receive?","12","12","Explicit equal allocation: 144/(6+4+2)=12."
133,"GSMPLUS_V1_07847","ambiguous_scope","Adrianne is collecting different kinds of beads for making bracelets. Her mother gave her 20 metallic beads and 15 pearls. Her sister gave her ten more beads than her mother, and her friend gave her twice as many as her mother gave.  How many beads did Adrianne have altogether?","Adrianne's mother gives her 20 metallic beads and 15 pearls. Her sister gives her 10 more metallic beads than her mother did, and her friend gives her twice as many metallic beads as her mother did. How many metallic beads does Adrianne have altogether?","90","90","Pearls may themselves count as bracelet beads. Restrict the relatives' comparisons and the requested count to metallic beads: 20+30+40=90."
134,"GSMPLUS_V1_08479","missing_condition","Imma has 3 cats and a parrot. She feeds her cats twice a day with 60 grams of cat food and her parrot once a day with 10 grams of bird food. If she only has 720 grams of cat food and 200 grams of bird food, how many days will the cat food last?","Imma has 3 cats and a parrot. Each cat eats 60 grams of cat food twice a day; the parrot eats 10 grams of bird food once a day. She has 720 grams of cat food and 200 grams of bird food. How many days will the cat food last?","2","2","60 grams must be per cat per meal: 720/(3*2*60)=2 days."
136,"GSMPLUS_V1_07639","wrong_reference","Jonathan has 2/3 as many measuring spoons as measuring cups. If he has two dozen cups, four dozen forks and gifts Pedro 6 measuring spoons for his birthday, calculate the total number of utensils Jonathan has remaining.","Jonathan has 2/3 as many measuring spoons as measuring cups. If he has two dozen cups, four dozen forks and gifts Pedro 6 measuring spoons for his birthday, calculate the total number of utensils Jonathan has remaining.","34","82","Forks are utensils and cannot be ignored: 24 cups+16 spoons-6 gifted spoons+48 forks=82."
139,"GSMPLUS_V1_04488","mislabelled_missing_information","A pet shop had several cages of rodents. 3 of the cages have 10 hamsters and the other 3 have 5 guinea pigs. How many rodents did the pet shop have in total?","A pet shop has several cages of rodents. Three cages each contain 10 hamsters. All the other cages each contain 5 guinea pigs, but their number is not given. How many rodents does the pet shop have in total?","None","None","Original three cages and other three cages undermine the claimed unknown cage count. Remove the guinea-pig cage count; total=30+5*g with g unspecified."
146,"GSMPLUS_V1_05303","missing_condition","Gus spent $20.00 at the grocery store.  He bought 2 bags of chips for $2.00 each, a bucket of fried chicken for $8.00, and a bottle of soda for $1.00. He picked up ten dollars on his way home. How much did the apple pie cost?","Gus spends exactly $20 on 2 bags of chips at $2 each, a bucket of fried chicken at $8, a bottle of soda at $1, and one apple pie. These are his only purchases. He finds $10 on his way home. How much does the apple pie cost?","7","7","Apple pie purchase is not stated in the original. Specify all purchased items: 20-2*2-8-1=7."
154,"GSMPLUS_V1_01070","ambiguity","Walt covered a distance of 4 miles by foot on Monday. The following day, he walked a distance that was 6 times greater than what he covered on Monday. From Monday to Wednesday, he had walked a total of 41 miles. Can you determine the distance he walked on Wednesday?","Walt covered a distance of 4 miles by foot on Monday. The following day, he walked a distance that was 6 times as far as what he covered on Monday. From Monday to Wednesday, he had walked a total of 41 miles. Can you determine the distance he walked on Wednesday?","13","13","Tuesday=6*4=24; Wednesday=41-4-24=13."
170,"GSMPLUS_V1_08839","ambiguity","Caroline is three times older than Ben, who has a 2-year-old sister. Ben is two times older than Chris. If Chris is 4, how old is Caroline?","Caroline is three times as old as Ben, who has a 2-year-old sister. Ben is twice as old as Chris. If Chris is 4 years old, how old is Caroline?","24","24","Times older is ambiguous; explicit age multipliers give 3*2*4=24."
186,"GSMPLUS_V1_02455","reference_and_scope","A bakery produces 60 loaves of bread each day. Each loaf of bread sells for $5. Two-thirds of the loaves are sold in the morning and half of what is left is sold equally in the afternoon and evening. How many loaves of bread are sold in the afternoon?","A bakery produces 60 loaves each day, priced at $5 each. Two-thirds are sold in the morning. Of the remaining loaves, half are sold later and half remain unsold. The loaves sold later are split equally between afternoon and evening sales. How many loaves are sold in the afternoon?","10","5","Original half-of-remainder then equal split does not support source10. Clarify that only half of20 is sold across these two periods:10/2=5."
189,"GSMPLUS_V1_08766","ambiguity","Two trains leave a station, each heading in a different direction. One is moving at a speed of 60 miles per hour, while the other is moving at a speed that is half of that. After a period of 3 hours, what is the distance between them?","Two trains leave a station, each heading in opposite directions along the same straight track. One is moving at a speed of 60 miles per hour, while the other is moving at a speed that is half of that. After a period of 3 hours, what is the distance between them?","270","270","The sum-speed distance applies only to opposite collinear travel: (60+30)*3=270."
193,"GSMPLUS_V1_03879","missing_condition","Stetson made a bet with Alec that he would give up $10 for each orange he eats and $5 for every apple he eats. While at the farm, Stetson ate 2/5 of the oranges they picked. If they picked 60 oranges, calculate the total amount of money Stetson gave up.","Stetson made a bet with Alec that he would give up $10 for each orange he eats and $5 for every apple he eats. While at the farm, Stetson ate no apples and ate 2/5 of the oranges they picked. If they picked 60 oranges, calculate the total amount of money Stetson gave up.","240","240","Unspecified apple consumption makes total payment unknown. With no apples, 60*(2/5)*10=240."
217,"GSMPLUS_V1_07206","entity_consistency","Dennis and Danyll are reading the same book. Yesterday, Denise managed to read 10 pages and Daniel read 13 pages. Today, Dennis reads five more pages than Danyll did yesterday, and Danyll hasn't read a single page. How many more pages did Dennis read than Daniel?","Dennis and Daniel are reading the same book. Yesterday Dennis read 10 pages and Daniel read 13. Today Dennis reads 5 more pages than Daniel did yesterday, and Daniel reads none. Across these two days, how many more pages did Dennis read than Daniel?","15","15","Dennis/Denise and Danyll/Daniel are inconsistent names. Compare the same two readers across both days: 10+18-13=15."
220,"GSMPLUS_V1_10334","ambiguity","George possesses 18 pens, and Timothy's pen collection is three times larger than George's. If Sarah has a pen collection that is half the size of Timothy's, how many pens does Sarah own?","George possesses 18 pens, and Timothy's pen collection is three times as large as George's. If Sarah has a pen collection that is half the size of Timothy's, how many pens does Sarah own?","27","27","Timothy=3*18=54; Sarah=27."
228,"GSMPLUS_V1_07615","unit_mismatch","The book, 15 centimeters long and 10 centimeters wide, is printed on paper that, when stacked, is 100 pages to the inch. Each paper is printed on both sides, with one page of the book printed on each side. How many pages are in the book, if it is 1.5 inches thick?","The book, 15 centimeters long and 10 centimeters wide, is printed on paper that, when stacked, is 100 sheets to the inch. Each paper is printed on both sides, with one page of the book printed on each side. How many pages are in the book, if it is 1.5 inches thick?","300","300","Pages and sheets differ: 1.5*100 sheets*2 pages per sheet=300."
241,"GSMPLUS_V1_00966","clarification","Miguel utilizes two paper pads weekly for his artwork. Given that each pad contains 30 pages, can you calculate the total number of pages he uses in a month?","Miguel utilizes two paper pads weekly for his artwork. Given that each pad contains 30 pages, can you calculate the total number of pages he uses in a four-week month?","240","240","A calendar month is not uniformly four weeks; explicit duration gives 2*30*4=240."
247,"GSMPLUS_V1_00590","ambiguity","Shiela purchased five mobile phones, each costing $150, on a three-month payment plan. There's a 2% interest rate applied to each device. Can you calculate the amount Shiela will need to pay monthly for the duration of the three months?","Shiela purchased five mobile phones, each costing $150, on a three-month payment plan. A one-time 2% charge is applied to each device's price. Can you calculate the amount Shiela will need to pay monthly for the duration of the three months?","255","255","Specify total one-time charge rather than monthly compounding: 5*150*1.02/3=255."
254,"GSMPLUS_V1_02679","entity_consistency","Nick, Richard, Jason, and DJ each have paintball guns. DJ has 8 guns, four of which are blue, Nick has 10 guns, RJ has 1 gun and Richard has 5 guns. If they were to share their guns equally, how many guns would each of them have?","Nick, Richard, Jason, and DJ each have paintball guns. DJ has 8 guns, four of which are blue; Nick has 10, Jason has 1, and Richard has 5. If they share all their guns equally, how many guns does each get?","6","6","Jason and RJ are inconsistent names. Use one name for the fourth owner: (8+10+1+5)/4=6."
260,"GSMPLUS_V1_02927","missing_comparison","There are 6 girls and 8 adults in the park. If there are twice the number of boys in the park, how many kids are in the park?","There are 6 girls and 8 adults in the park. If there are twice as many boys as girls in the park, how many kids are in the park?","18","18","Explicit reference group: boys=2*6, children=6+12=18; adults are excluded."
286,"GSMPLUS_V1_01879","ambiguous_scope","Steve decides to start eating more tomatoes and decides to grow his own cherry tomatoes.  He eats twice as much as his girlfriend.  He eats 6 per day. In addition, he eats 20 cherries a day.  If a vine can produce 3 tomatoes per week how many vines does he need?","Steve eats 6 cherry tomatoes per day, twice as many as his girlfriend. He also eats 20 cherries a day. Each tomato vine produces 3 tomatoes per week. How many vines does he need to supply all the tomatoes eaten by both himself and his girlfriend?","21","21","Original target could mean Steve alone (14 vines). For both people: (6+3)*7/3=21."
290,"GSMPLUS_V1_09302","wrong_reference","Haley's age is 26 years and Geb is younger by an amount equal to 10 less than half of Haley's age. Can you determine Geb's age?","Haley's age is 26 years and Geb is younger by an amount equal to 10 less than half of Haley's age. Can you determine Geb's age?","3","23","Geb is younger by 26/2-10=3 years; Geb's actual age is 26-3=23."
293,"GSMPLUS_V1_01464","entity_consistency","Jean is two years older than Mark. Two years ago Mark was 5 years older than half Jan's age. How old is Jean?","Jean and Jan are different people. Jean is two years older than Mark. Two years ago Mark was 5 years older than half Jan's age. How old is Jean?","None","None","Clarify Jan is not a typo for Jean; Jan's age is missing, so Jean cannot be determined."
306,"GSMPLUS_V1_07807","ambiguous_scope","Richard, Jerry, and Robert are going to share 60 cherriesand 20 apples. If Robert has 30 cherries and 10 apples, and has 10 more than Richard, how many more cherries does Robert have than Jerry?","Richard, Jerry, and Robert are going to share 60 cherriesand 20 apples. If Robert has 30 cherries and 10 apples, and has 10 more cherries than Richard, how many more cherries does Robert have than Jerry?","20","20","Specify cherries rather than total fruit: Richard20, Jerry10, Robert-Jerry20."
313,"GSMPLUS_V1_00486","clarification","In a container, there are 25 oranges. One of these oranges is spoiled, 20% are not yet ripe, 2 are tart, and the remaining oranges are in good condition. Can you determine the number of good oranges?","In a container, there are 25 oranges. One of these oranges is spoiled, 20% are not yet ripe, 2 are tart, with these three groups not overlapping, and the remaining oranges are in good condition. Can you determine the number of good oranges?","17","17","Without non-overlap, spoiled/sour/unripe counts can overlap; 25-1-5-2=17."
336,"GSMPLUS_V1_07455","entity_consistency","The combined age of Peter, Paul, and Jean is 100 years old. Peter has a 20-year-old son. Find the age of Peter knowing that Paul is 10 years older than John and that Peter’s age is equal to the sum of Paul's and John's ages.","The combined age of Peter, Paul, and John is 100 years old. Peter has a 20-year-old son. Find the age of Peter knowing that Paul is 10 years older than John and that Peter’s age is equal to the sum of Paul's and John's ages.","50","50","Jean/John mismatch creates an unconstrained fourth person. With John throughout, Peter=100/2=50."
341,"GSMPLUS_V1_07255","ambiguity","Tim has a box with 7 blue shoe boxes, 9 red shoe boxes, and 12 yellow shoe boxes. If he uses 3 blue shoeboxes and 1/3 red of his shoeboxes to go fishing, how many red and blue shoe boxes are left in Tim's box?","Tim has a box with 7 blue shoe boxes, 9 red shoe boxes, and 12 yellow shoe boxes. If he uses 3 blue shoeboxes and 1/3 of his red shoeboxes to go fishing, how many red and blue shoe boxes are left in Tim's box?","10","10","Use 3 blue and 3 red, leaving (7-3)+(9-3)=10."
353,"GSMPLUS_V1_01479","ambiguous_event_and_unit","Jerry is rolling a six-sided die and rolls it six times. How much more likely is it (expressed as a percentage) that he rolls a number greater than 3 than that he rolls two even numbers in a row?","Jerry rolls a fair six-sided die six times. Compare the probability that the first roll is greater than 3 with the probability that the first two rolls are both even. How much larger is the first probability, in percentage points?","25","25","Six-roll event and relative percentage are ambiguous. Define single-roll and first-two-roll events; 50%-25%=25 percentage points."
357,"GSMPLUS_V1_06150","wrong_reference","During a single hour, the number of books Ezra read was double the amount that Ahmed read. In that hour, Ezra read 300 books and chose to read an additional 150 books. What is the total number of books that both of them have read?","During one hour Ezra reads 300 books, twice as many as Ahmed reads during that hour. After that hour Ezra reads another 150 books, while Ahmed reads no more. How many books have they read in total?","675","600","During the stated hour Ezra300 and Ahmed150; an additional150 for Ezra makes 600, not675. Specify the time boundary; avoid assigning an unstated additional75 to Ahmed."
376,"GSMPLUS_V1_01296","mislabelled_missing_information","Anakin and Locsin went to the beach today. Anakin caught some starfish, 6 sea horses, and 3 clownfish. While Locsin caught 5 fewer starfish than Anakin, 3 fewer sea horses than Anakin, and 2 more clownfish than Anakin. How many fish were they able to catch?","Anakin and Locsin went to the beach today. Anakin caught some starfish, 6 sea horses, and 3 clownfish. While Locsin caught 5 fewer starfish than Anakin, 3 fewer sea horses than Anakin, and 2 more clownfish than Anakin. How many animals were they able to catch in total?","None","None","Starfish are not fish. Counting fish alone yields 17 without knowing starfish; counting all animals correctly requires the missing starfish count."
392,"GSMPLUS_V1_03590","unit_mismatch","A vendor purchased a bulk of 48 trainers for $576. On Monday, he managed to sell 17 pairs at a discounted price of $20 each during a quick sale. The remaining pairs were sold to a retail store at $25 per pair for the rest of the week. What was the total profit, in dollars, that the vendor made?","A vendor purchased 48 pairs of trainers for $576. On Monday, he managed to sell 17 pairs at a discounted price of $20 each during a quick sale. The remaining pairs were sold to a retail store at $25 per pair for the rest of the week. What was the total profit, in dollars, that the vendor made?","539","539","Inventory and sales must both count pairs: 17*20+31*25-576=539."
403,"GSMPLUS_V1_01894","inconsistent_process","Ram has a habit of using numerous pens. He found out that by combining the ink from five used pens, he can create one new pen. If he purchases 25 pens and then utilizes them to create additional pens when the ink is depleted, what is the total number of pens he will end up with?","Ram buys 25 pens. After normal use, each pen retains a little ink. Combining the leftover ink from 5 used pens makes one full pen. He uses and recycles the new pens by the same rule. How many full pens can he use in total, including the original 25?","31","31","Depleted ink cannot create pens. State residual-ink recycling and repeated recycling: 25+5+1=31 usable pens over time."
412,"GSMPLUS_V1_04942","missing_condition","Prince is a meat seller. He manages to sell 15kg of meat for every hour of his work, and his workday lasts for 10 hours. His friend Bill gifts him a bull that has a weight of 750kg. How many days are required for Prince to sell all the meat from the bull given by Bill?","Prince is a meat seller. He manages to sell 15kg of meat for every hour of his work, and his workday lasts for 10 hours. His friend Bill gifts him 750kg of saleable meat from a bull. How many days are required for Prince to sell all the meat from the bull given by Bill?","5","5","Live weight is not saleable meat weight; explicit saleable weight gives 750/(15*10)=5 days."
431,"GSMPLUS_V1_05646","ambiguity","Martha's feline companion can move at a speed that is five times greater than her turtle's speed. Given that the feline can cover a distance of 15 feet in one second, what is the distance in feet that the turtle can traverse in a span of 40 seconds?","Martha's feline companion can move at a speed that is five times as fast as her turtle. Given that the feline can cover a distance of 15 feet in one second, what is the distance in feet that the turtle can traverse in a span of 40 seconds?","120","120","Turtle speed=15/5=3 feet/s, distance=120."
442,"GSMPLUS_V1_07551","wrong_reference","James gets 10 new CDs and a CD player.  Each CD cost $15.  The CD player cost $75. He gets them for 40% off.  He decides he doesn't like 5 of them and sells them for 40. How much money was he out?","James buys 10 CDs at a list price of $15 each and a CD player at a list price of $75. All items are discounted by 40%. He resells 5 CDs for $40 in total. What is his net cash outlay after the resale?","50","95","The source omits the discounted CD player. Total cost=(10*15+75)*0.6=135; resale revenue40, net outlay95. Specify resale total."
456,"GSMPLUS_V1_09094","wrong_reference","Bob possesses an unknown quantity of marbles. He is given an additional 2 dozen marbles, bringing his total to 60 marbles. If he misplaces 10 of his marbles, what will be the new total of marbles Bob has?","Bob possesses an unknown quantity of marbles. He is given an additional 2 dozen marbles, bringing his total to 60 marbles. If he misplaces 10 of his marbles, what will be the new total of marbles Bob has?","26","50","The current total after receiving marbles is explicitly 60. Losing 10 leaves 50; do not subtract from the pre-gift 36."
463,"GSMPLUS_V1_05344","background_convention","Sarah’s basketball games are several quarters that are each 12 minutes long. In the last quarter, there was a tie so the game was extended for five minutes. How long did the entire game last?","Sarah's game consists of an unspecified number of periods, each 12 minutes long. A tie at the end adds 5 minutes of overtime. How long does the entire game last?","None","None","Basketball quarters conventionally imply four periods. Use a game with an explicitly unspecified period count so insufficient information is defensible."
468,"GSMPLUS_V1_10198","missing_condition","A couple and their offspring decide to watch a movie. The price for an adult's admission is $12 while it's $8 for a kid. They also purchase two servings of popcorn at $3 per serving. What is the total amount of money they spend?","A couple and their one child decide to watch a movie. The price for an adult's admission is $12 while it's $8 for a kid. They also purchase two servings of popcorn at $3 per serving. What is the total amount of money they spend?","38","38","Offspring does not identify the number of children. Two adults, one child and popcorn cost 24+8+6=38."
469,"GSMPLUS_V1_01351","entity_consistency","Jimmy has $2 more than twice the money Ethel has. Jack has $3 less than half of Jimmy's money. If Ethal has $8, how much money does Jimmy have?","Jimmy has $2 more than twice the money Ethel has. Jack has $3 less than half of Jimmy's money. If Ethel has $8, how much money does Jimmy have?","18","18","Standardize the name; Jimmy=2*8+2=18."
478,"GSMPLUS_V1_07855","ambiguous_scope","On Thursday, Joe caught 3 pounds of crawfish and 5 pounds of crab.  He caught 4 times that amount on Friday and half the amount of his Friday's catch on Saturday.  If 1 serving of crawfish is 3 pounds, how many servings does he have?","On Thursday, Joe caught 3 pounds of crawfish and 5 pounds of crab.  He caught 4 times as much of each species on Friday and half as much of each species as on Friday on Saturday.  If 1 serving of crawfish is 3 pounds, how many servings does he have?","7","7","A combined catch multiplier does not fix species mix. Explicit species-wise multipliers yield crawfish3+12+6=21 pounds, 7 servings."
482,"GSMPLUS_V1_05223","ambiguity","James hires a horse-drawn carriage from 5 PM to 9 PM.  He gets 1 hour free.  The first paid hour is $15 and each hour after that is twice the cost. He also has a $10 rental voucher but finds it expired. How much did he pay?","James hires a horse-drawn carriage from 5 PM to 9 PM.  He gets 1 hour free.  The first paid hour is $15 and each subsequent paid hour costs twice the first paid hour. He also has a $10 rental voucher but finds it expired. How much did he pay?","75","75","Recursive doubling gives105, while source intends fixed30 for each later hour:15+30+30=75."
488,"GSMPLUS_V1_07919","clarification","Emily can peel 6 shrimp a minute and saute 30 shrimp in 10 minutes. She also has a habit of drinking a cup of coffee every 15 minutes, which doesn't affect her cooking speed. If she has 90 shrimp to prepare and 3 cups of coffee to drink, how long will it take her to peel and cook all the shrimp?","Emily peels 6 shrimp per minute and sautes 30 shrimp in 10 minutes. She drinks coffee every 15 minutes without interrupting cooking. She has 90 shrimp and 3 cups of coffee. If she peels all the shrimp before cooking them, how many minutes does peeling and cooking take?","45","45","Specify sequential operations instead of overlapping:90/6+90/(30/10)=45 minutes."
500,"GSMPLUS_V1_02703","ambiguity","Luke ate 2 hot dogs. Thomas ate three times more hot dogs than Luke. John ate half the amount Thomas ate. Mike ate one more hot dog than John. How many more hot dogs did John eat than Luke?","Luke ate 2 hot dogs. Thomas ate three times as many hot dogs as Luke. John ate half the amount Thomas ate. Mike ate one more hot dog than John. How many more hot dogs did John eat than Luke?","1","1","Thomas6, John3, John-Luke1; times more is ambiguous."
