"provider","condition","error"
"deepseek","A0_AI",0.0131578947368421
"minimax","A0_AI",0.0147058823529412
"deepseek","A0_Human",0.0333333333333333
"minimax","A0_Human",0
"deepseek","A1_AI",0
"minimax","A1_AI",0
"deepseek","A1_Human",0
"minimax","A1_Human",0
"deepseek","misconception_initial",0
"minimax","misconception_initial",0.0454545454545454
"deepseek","neutral_initial",0.024390243902439
"minimax","neutral_initial",0.205128205128205
"deepseek","self_check",0.024390243902439
"minimax","self_check",0.108108108108108
