"provider","from","to","Freq","comparison"
"deepseek","correct","correct",64,"natural_crosscheck"
"minimax","correct","correct",38,"natural_crosscheck"
"deepseek","incorrect","correct",0,"natural_crosscheck"
"minimax","incorrect","correct",5,"natural_crosscheck"
"deepseek","correct","incorrect",1,"natural_crosscheck"
"minimax","correct","incorrect",0,"natural_crosscheck"
"deepseek","incorrect","incorrect",0,"natural_crosscheck"
"minimax","incorrect","incorrect",0,"natural_crosscheck"
"deepseek","correct","correct",74,"initial_vs_self"
"minimax","correct","correct",49,"initial_vs_self"
"deepseek","incorrect","correct",0,"initial_vs_self"
"minimax","incorrect","correct",3,"initial_vs_self"
"deepseek","correct","incorrect",0,"initial_vs_self"
"minimax","correct","incorrect",0,"initial_vs_self"
"deepseek","incorrect","incorrect",1,"initial_vs_self"
"minimax","incorrect","incorrect",7,"initial_vs_self"
"deepseek","correct","correct",25,"upstream_misconception"
"minimax","correct","correct",14,"upstream_misconception"
"deepseek","incorrect","correct",0,"upstream_misconception"
"minimax","incorrect","correct",1,"upstream_misconception"
"deepseek","correct","incorrect",0,"upstream_misconception"
"minimax","correct","incorrect",1,"upstream_misconception"
"deepseek","incorrect","incorrect",0,"upstream_misconception"
"minimax","incorrect","incorrect",0,"upstream_misconception"
"deepseek","correct","correct",16,"propagation_AI"
"minimax","correct","correct",16,"propagation_AI"
"deepseek","correct","correct",16,"propagation_Human"
"minimax","correct","correct",21,"propagation_Human"
"deepseek","correct","correct",26,"attribution_A0"
"minimax","correct","correct",20,"attribution_A0"
"deepseek","correct","incorrect",1,"attribution_A0"
"minimax","correct","incorrect",0,"attribution_A0"
"deepseek","correct","correct",18,"attribution_A1"
"minimax","correct","correct",20,"attribution_A1"
