"id","provider","status","time","guard_cny","stop_reason"
"two_math:CHAMP:P_Sequence_40:deepseek:r1:neutral_initial:http1","deepseek","incomplete","2026-10-05T08:32:05Z",0.39428,"max_tokens"
"two_math:CHAMP:P_Combinatorics_20:minimax:r2:neutral_initial:http1","minimax","incomplete","2026-10-05T08:34:29Z",0.32793,"max_tokens"
"two_math:CHAMP:P_Sequence_40:minimax:r1:neutral_initial:http1","minimax","incomplete","2026-10-05T08:35:54Z",0.57575,"max_tokens"
"two_math:CHAMP:P_Inequality_8:deepseek:r1:neutral_initial:http1","deepseek","incomplete","2026-10-05T08:36:56Z",0.18005,"max_tokens"
"two_math:CHAMP:P_Combinatorics_40:minimax:r2:neutral_initial:http1","minimax","transport_error","2026-10-05T08:37:12Z",10,""
"two_math:CHAMP:P_Combinatorics_18:minimax:r2:neutral_initial:http1","minimax","transport_error","2026-10-05T08:37:12Z",10,""
"two_math:CHAMP:P_Inequality_15:minimax:r2:neutral_initial:http1","minimax","incomplete","2026-10-05T08:37:12Z",0.09258,"max_tokens"
"two_math:CHAMP:P_Number-Theory_12:minimax:r1:neutral_initial:http1","minimax","transport_error","2026-10-05T08:38:51Z",10,""
"two_math:CHAMP:P_Inequality_26:minimax:r2:neutral_initial:http1","minimax","incomplete","2026-10-05T08:38:51Z",0.09266,"max_tokens"
"two_math:CHAMP:P_Number-Theory_42:deepseek:r1:neutral_initial:http1","deepseek","incomplete","2026-10-05T08:39:41Z",0.27149,"max_tokens"
"two_math:CHAMP:P_Polynomial_17:deepseek:r2:neutral_initial:http1","deepseek","incomplete","2026-10-05T08:40:59Z",0.34648,"max_tokens"
"two_math:CHAMP:P_Sequence_28:minimax:r1:neutral_initial:http1","minimax","transport_error","2026-10-05T08:42:06Z",10,""
"two_math:CHAMP:P_Sequence_21:minimax:r1:neutral_initial:http1","minimax","transport_error","2026-10-05T08:44:46Z",10,""
"two_math:CHAMP:P_Sequence_19:deepseek:r1:neutral_initial:http1","deepseek","incomplete","2026-10-05T08:45:06Z",0.30764,"max_tokens"
"two_math:CHAMP:P_Combinatorics_20:deepseek:r2:neutral_initial:http1","deepseek","incomplete","2026-10-05T08:45:18Z",0.0844,"max_tokens"
"two_math:CHAMP:P_Combinatorics_20:minimax:r1:neutral_initial:http1","minimax","incomplete","2026-10-05T08:45:36Z",0.09266,"max_tokens"
"two_math:CHAMP:P_Polynomial_47:minimax:r1:A0_AI:http1","minimax","transport_error","2026-10-05T08:46:37Z",10,""
"two_math:CHAMP:P_Number-Theory_67:minimax:r2:self_check:http1","minimax","transport_error","2026-10-05T08:46:37Z",10,""
"two_math:CHAMP:P_Sequence_19:minimax:r2:A0_AI:http1","minimax","incomplete","2026-10-05T08:46:37Z",0.1161,"max_tokens"
"two_math:CHAMP:P_Polynomial_11:minimax:r2:self_check:http1","minimax","incomplete","2026-10-05T08:49:51Z",0.11064,"max_tokens"
"two_math:CHAMP:P_Polynomial_24:minimax:r2:A0_AI:http1","minimax","transport_error","2026-10-05T08:51:43Z",10,""
"two_math:CHAMP:P_Sequence_40:minimax:r2:A0_AI:http1","minimax","incomplete","2026-10-05T08:51:43Z",0.1184,"max_tokens"
"two_math:CHAMP:P_Sequence_19:deepseek:r2:A0_AI:http1","deepseek","incomplete","2026-10-05T08:56:46Z",0.10334,"max_tokens"
"two_math:CHAMP:P_Sequence_40:deepseek:r2:A0_AI:http1","deepseek","incomplete","2026-10-05T09:20:57Z",0.97517,"max_tokens"
"two_math:CHAMP:P_Combinatorics_18:minimax:r1:self_check:http1","minimax","transport_error","2026-10-05T09:22:50Z",10,""
"two_math:CHAMP:P_Combinatorics_7:minimax:r2:A0_AI:http1","minimax","transport_error","2026-10-05T09:23:22Z",10,""
"two_math:CHAMP:P_Number-Theory_27:minimax:r2:self_check:http1","minimax","interrupted_unknown","2026-10-05T09:23:50Z",10,""
"two_math:CHAMP:P_Inequality_49:minimax:r2:A0_AI:http1","minimax","interrupted_unknown","2026-10-05T09:23:50Z",10,""
"two_math:CHAMP:P_Combinatorics_21:minimax:r1:self_check:http1","minimax","transport_error","2026-10-05T09:51:38Z",10,""
"two_math:CHAMP:P_Combinatorics_21:minimax:r1:A0_AI:http1","minimax","transport_error","2026-10-05T09:53:10Z",10,""
"two_math:CHAMP:P_Polynomial_24:minimax:r1:self_check:http1","minimax","transport_error","2026-10-05T09:53:32Z",10,""
"two_math:CHAMP:P_Polynomial_11:minimax:r1:self_check:http1","minimax","transport_error","2026-10-05T10:07:49Z",10,""
"two_math:CHAMP:P_Number-Theory_32:minimax:r1:A0_AI:http1","minimax","transport_error","2026-10-05T10:07:49Z",10,""
"two_math:CHAMP:P_Number-Theory_13:minimax:r2:A0_AI:http1","minimax","transport_error","2026-10-05T10:17:17Z",10,""
"two_math:CHAMP:P_Polynomial_11:deepseek:r2:self_check:http1","deepseek","transport_error","2026-10-05T10:17:17Z",10,""
"two_math:CHAMP:P_Number-Theory_13:minimax:r1:A0_AI:http1","minimax","transport_error","2026-10-05T10:34:17Z",10,""
"two_math:CHAMP:P_Combinatorics_5:minimax:r1:A0_AI:http1","minimax","transport_error","2026-10-05T10:34:17Z",10,""
"two_math:CHAMP:P_Combinatorics_5:minimax:r2:A0_AI:http1","minimax","transport_error","2026-10-05T10:34:17Z",10,""
"two_math:CHAMP:P_Sequence_11:minimax:r2:self_check:http1","minimax","transport_error","2026-10-05T10:49:47Z",10,""
"two_math:CHAMP:P_Number-Theory_42:minimax:r2:self_check:http1","minimax","transport_error","2026-10-05T10:49:47Z",10,""
"two_math:CHAMP:P_Inequality_26:minimax:r1:A0_AI:http1","minimax","transport_error","2026-10-05T10:57:44Z",10,""
"two_math:CHAMP:P_Polynomial_50:minimax:r1:self_check:http1","minimax","transport_error","2026-10-05T11:13:17Z",10,""
"two_math:CHAMP:P_Sequence_42:minimax:r2:self_check:http1","minimax","transport_error","2026-10-05T11:13:17Z",10,""
"two_math:CHAMP:P_Number-Theory_27:minimax:r2:A0_AI:http1","minimax","transport_error","2026-10-05T11:29:10Z",10,""
"two_math:CHAMP:P_Polynomial_40:minimax:r2:A0_AI:http1","minimax","transport_error","2026-10-05T11:29:10Z",10,""
"two_math:CHAMP:P_Inequality_13:minimax:r2:misconception_initial:http1","minimax","transport_error","2026-10-05T11:45:37Z",10,""
"two_math:CHAMP:P_Inequality_24:minimax:r2:misconception_initial:http1","minimax","transport_error","2026-10-05T11:45:37Z",10,""
"two_math:CHAMP:P_Sequence_42:deepseek:r2:misconception_initial:http1","deepseek","transport_error","2026-10-05T11:45:37Z",10,""
"two_math:CHAMP:P_Polynomial_40:deepseek:r1:misconception_initial:http1","deepseek","transport_error","2026-10-05T11:45:37Z",10,""
"two_math:CHAMP:P_Sequence_42:minimax:r2:misconception_initial:http1","minimax","transport_error","2026-10-05T11:54:35Z",10,""
"two_math:CHAMP:P_Number-Theory_24:minimax:r2:misconception_initial:http1","minimax","transport_error","2026-10-05T11:54:35Z",10,""
"two_math:CHAMP:P_Polynomial_40:minimax:r1:misconception_initial:http1","minimax","transport_error","2026-10-05T11:54:35Z",10,""
"two_math:CHAMP:P_Sequence_28:deepseek:r1:misconception_initial:http1","deepseek","transport_error","2026-10-05T11:54:35Z",10,""
"two_math:CHAMP:P_Number-Theory_27:minimax:r2:misconception_initial:http1","minimax","transport_error","2026-10-05T12:05:19Z",10,""
"two_math:CHAMP:P_Inequality_24:minimax:r1:misconception_initial:http1","minimax","transport_error","2026-10-05T12:05:19Z",10,""
"two_math:CHAMP:P_Number-Theory_27:minimax:r1:misconception_initial:http1","minimax","transport_error","2026-10-05T12:09:58Z",10,""
"two_math:CHAMP:P_Number-Theory_67:minimax:r2:misconception_initial:http1","minimax","transport_error","2026-10-05T12:09:58Z",10,""
"two_math:CHAMP:P_Sequence_28:minimax:r1:misconception_initial:http1","minimax","incomplete","2026-10-05T12:09:58Z",0.09432,"max_tokens"
"two_math:CHAMP:P_Sequence_42:minimax:r1:misconception_initial:http1","minimax","interrupted_unknown","2026-10-05T12:11:06Z",10,""
"two_math:CHAMP:P_Inequality_13:minimax:r1:misconception_initial:http1","minimax","interrupted_unknown","2026-10-05T12:11:06Z",10,""
"two_math:CHAMP:P_Polynomial_23:minimax:r1:A1_Human:http1","minimax","transport_error","2026-10-05T12:23:53Z",10,""
"two_math:CHAMP:P_Polynomial_47:minimax:r2:A1_AI:http1","minimax","incomplete","2026-10-05T12:23:53Z",0.11158,"max_tokens"
"two_math:CHAMP:P_Polynomial_47:minimax:r2:A0_Human:http1","minimax","incomplete","2026-10-05T12:25:57Z",0.10872,"max_tokens"
"two_math:CHAMP:P_Number-Theory_67:minimax:r2:A1_AI:http1","minimax","transport_error","2026-10-05T12:25:57Z",10,""
"two_math:CHAMP:P_Sequence_40:deepseek:r1:neutral_initial:recovery1:http1","deepseek","incomplete","2026-10-05T12:31:30Z",0.62468,"max_tokens"
"two_math:CHAMP:P_Number-Theory_12:minimax:r1:neutral_initial:recovery1:http1","minimax","transport_error","2026-10-05T12:32:49Z",10,""
"two_math:CHAMP:P_Number-Theory_42:deepseek:r1:neutral_initial:recovery1:http1","deepseek","incomplete","2026-10-05T12:32:49Z",0.50171,"max_tokens"
"two_math:CHAMP:P_Sequence_21:minimax:r1:self_check:recovery1:http1","minimax","transport_error","2026-10-05T12:35:25Z",10,""
"two_math:CHAMP:P_Polynomial_17:minimax:r2:A0_AI:recovery1:http1","minimax","transport_error","2026-10-05T12:35:47Z",10,""
"two_math:CHAMP:P_Polynomial_24:minimax:r2:A0_AI:recovery1:http1","minimax","transport_error","2026-10-05T12:36:25Z",10,""
"two_math:CHAMP:P_Number-Theory_42:deepseek:r1:A0_AI:recovery1:http1","deepseek","incomplete","2026-10-05T12:37:28Z",0.19534,"max_tokens"
"two_math:CHAMP:P_Combinatorics_20:minimax:r1:A0_AI:recovery1:http1","minimax","transport_error","2026-10-05T12:39:20Z",10,""
"two_math:CHAMP:P_Sequence_40:deepseek:r1:A0_AI:recovery1:http1","deepseek","incomplete","2026-10-05T12:39:45Z",1.04312,"max_tokens"
"two_math:CHAMP:P_Polynomial_50:minimax:r1:self_check:recovery1:http1","minimax","transport_error","2026-10-05T12:41:11Z",10,""
"two_math:CHAMP:P_Polynomial_40:minimax:r1:misconception_initial:recovery1:http1","minimax","transport_error","2026-10-05T12:42:11Z",10,""
"two_math:CHAMP:P_Sequence_28:minimax:r1:misconception_initial:recovery1:http1","minimax","transport_error","2026-10-05T12:42:41Z",10,""
"two_math:CHAMP:P_Number-Theory_27:minimax:r1:misconception_initial:recovery1:http1","minimax","transport_error","2026-10-05T12:43:06Z",10,""
"two_math:CHAMP:P_Number-Theory_67:minimax:r2:misconception_initial:recovery1:http1","minimax","transport_error","2026-10-05T12:43:06Z",10,""
"two_math:CHAMP:P_Sequence_42:minimax:r1:misconception_initial:recovery1:http1","minimax","transport_error","2026-10-05T12:43:06Z",10,""
"two_math:CHAMP:P_Inequality_13:minimax:r1:misconception_initial:recovery1:http1","minimax","transport_error","2026-10-05T12:43:29Z",10,""
