"comparison","condition_a","condition_b","error_a","error_b","difference","lower","upper","confidence","questions","pairs","bootstrap_valid","analysis"
"natural_crosscheck","self_check","A0_AI",0.229302545760572,0.0411582158636651,-0.188144329896907,-0.231770833333333,-0.145408163265306,0.975,98,374,5000,"original_frozen"
"initial_vs_self","neutral_initial","self_check",0.198902288188002,0.234616573902288,0.0357142857142857,0.0154639175257732,0.0580808080808081,0.95,100,382,5000,"original_frozen"
"upstream_misconception","neutral_initial","misconception_initial",0.12,0.15,0.03,-0.06,0.11,0.95,25,96,5000,"original_frozen"
"propagation_AI","A0_AI","A1_AI",0.02,0.03,0.01,-0.02,0.05,0.95,25,96,5000,"original_frozen"
"propagation_Human","A0_Human","A1_Human",0.0317391304347826,0.01,-0.0217391304347826,-0.0543478260869565,0,0.95,25,93,5000,"original_frozen"
"attribution_A0","A0_AI","A0_Human",0.02,0.03,0.01,0,0.03,0.95,25,97,5000,"original_frozen"
"attribution_A1","A1_AI","A1_Human",0.0308333333333333,0.01,-0.0208333333333333,-0.0520833333333333,0,0.95,25,95,5000,"original_frozen"
"natural_crosscheck","self_check","A0_AI",0.22969696969697,0.0478787878787879,-0.181818181818182,-0.2225,-0.14,0.975,100,385,5000,"recovery_overlay_secondary"
"initial_vs_self","neutral_initial","self_check",0.196868686868687,0.232222222222222,0.0353535353535353,0.0151515151515152,0.0580808080808081,0.95,100,388,5000,"recovery_overlay_secondary"
"upstream_misconception","neutral_initial","misconception_initial",0.12,0.15,0.03,-0.06,0.12,0.95,25,99,5000,"recovery_overlay_secondary"
"propagation_AI","A0_AI","A1_AI",0.02,0.03,0.01,-0.02,0.04,0.95,25,100,5000,"recovery_overlay_secondary"
"propagation_Human","A0_Human","A1_Human",0.03,0.01,-0.02,-0.05,0,0.95,25,97,5000,"recovery_overlay_secondary"
"attribution_A0","A0_AI","A0_Human",0.02,0.03,0.01,0,0.03,0.95,25,99,5000,"recovery_overlay_secondary"
"attribution_A1","A1_AI","A1_Human",0.03,0.01,-0.02,-0.05,0,0.95,25,98,5000,"recovery_overlay_secondary"
