"provider","condition","n","correct","incorrect","abstain","pending","baseline_correct_n","baseline_incorrect_n","correct_to_incorrect","correct_to_abstain","incorrect_to_correct","accuracy_pct","harm_pct","repair_pct","abstention_pct","coverage_pct","accuracy_among_answered_pct","answered","wrong_answers_per_100_questions","target_adoptions_all","target_adoptions_from_initial_correct"
"deepseek","baseline",240,77,67,96,0,77,67,0,0,0,32.0833333333333,0,0,40,60,53.4722222222222,144,27.9166666666667,1,0
"deepseek","C0",240,68,87,85,0,77,67,7,22,9,28.3333333333333,9.09090909090909,13.4328358208955,35.4166666666667,64.5833333333333,43.8709677419355,155,36.25,2,1
"deepseek","C1",240,78,152,10,0,77,67,3,0,4,32.5,3.8961038961039,5.97014925373134,4.16666666666667,95.8333333333333,33.9130434782609,230,63.3333333333333,114,3
"deepseek","C2",240,78,115,47,0,77,67,2,2,3,32.5,2.5974025974026,4.47761194029851,19.5833333333333,80.4166666666667,40.4145077720207,193,47.9166666666667,73,2
"deepseek","C3",240,75,69,96,0,77,67,0,3,0,31.25,0,0,40,60,52.0833333333333,144,28.75,14,0
"deepseek","C4",240,171,40,29,0,77,67,0,1,23,71.25,0,34.3283582089552,12.0833333333333,87.9166666666667,81.042654028436,211,16.6666666666667,0,0
"deepseek","C5",240,92,44,104,0,77,67,0,12,11,38.3333333333333,0,16.4179104477612,43.3333333333333,56.6666666666667,67.6470588235294,136,18.3333333333333,0,0
"kimi","baseline",240,54,109,77,0,54,109,0,0,0,22.5,0,0,32.0833333333333,67.9166666666667,33.1288343558282,163,45.4166666666667,2,0
"kimi","C0",240,40,72,128,0,54,109,3,14,0,16.6666666666667,5.55555555555556,0,53.3333333333333,46.6666666666667,35.7142857142857,112,30,2,0
"kimi","C1",240,55,127,58,0,54,109,1,1,3,22.9166666666667,1.85185185185185,2.75229357798165,24.1666666666667,75.8333333333333,30.2197802197802,182,52.9166666666667,52,1
"kimi","C2",240,57,94,89,0,54,109,0,1,4,23.75,0,3.6697247706422,37.0833333333333,62.9166666666667,37.7483443708609,151,39.1666666666667,20,0
"kimi","C3",240,45,79,116,0,54,109,0,10,1,18.75,0,0.91743119266055,48.3333333333333,51.6666666666667,36.2903225806452,124,32.9166666666667,15,0
"kimi","C4",240,81,74,85,0,54,109,2,7,19,33.75,3.7037037037037,17.4311926605505,35.4166666666667,64.5833333333333,52.258064516129,155,30.8333333333333,2,0
"kimi","C5",240,46,62,132,0,54,109,2,22,15,19.1666666666667,3.7037037037037,13.7614678899083,55,45,42.5925925925926,108,25.8333333333333,1,0
"minimax","baseline",239,23,146,70,0,23,146,0,0,0,9.6234309623431,0,0,29.2887029288703,70.7112970711297,13.6094674556213,169,61.0878661087866,8,0
"minimax","C0",239,22,172,45,0,23,146,1,1,1,9.20502092050209,4.34782608695652,0.684931506849315,18.8284518828452,81.1715481171548,11.340206185567,194,71.9665271966527,7,0
"minimax","C1",239,29,187,23,0,23,146,1,0,5,12.1338912133891,4.34782608695652,3.42465753424658,9.6234309623431,90.3765690376569,13.4259259259259,216,78.2426778242678,85,1
"minimax","C2",239,27,168,44,0,23,146,1,0,5,11.2970711297071,4.34782608695652,3.42465753424658,18.4100418410042,81.5899581589958,13.8461538461538,195,70.2928870292887,54,1
"minimax","C3",239,21,110,108,0,23,146,0,4,2,8.78661087866109,0,1.36986301369863,45.1882845188285,54.8117154811715,16.030534351145,131,46.0251046025105,29,0
"minimax","C4",239,101,103,35,0,23,146,0,0,34,42.2594142259414,0,23.2876712328767,14.6443514644351,85.3556485355649,49.5098039215686,204,43.0962343096234,6,0
"minimax","C5",239,55,77,107,0,23,146,0,3,19,23.0125523012552,0,13.013698630137,44.7698744769874,55.2301255230126,41.6666666666667,132,32.2175732217573,5,0
"pooled","baseline",719,154,322,243,0,154,322,0,0,0,21.4186369958275,0,0,33.7969401947149,66.2030598052851,32.3529411764706,476,44.7844228094576,11,0
"pooled","C0",719,130,331,258,0,154,322,11,37,10,18.0806675938804,7.14285714285714,3.1055900621118,35.8831710709319,64.1168289290681,28.1995661605206,461,46.0361613351878,11,1
"pooled","C1",719,162,466,91,0,154,322,5,1,12,22.5312934631433,3.24675324675325,3.72670807453416,12.6564673157163,87.3435326842837,25.796178343949,628,64.8122392211405,251,5
"pooled","C2",719,162,377,180,0,154,322,3,3,12,22.5312934631433,1.94805194805195,3.72670807453416,25.0347705146036,74.9652294853964,30.0556586270872,539,52.4339360222531,147,3
"pooled","C3",719,141,258,320,0,154,322,0,17,3,19.6105702364395,0,0.93167701863354,44.5062586926286,55.4937413073714,35.3383458646617,399,35.8831710709319,58,0
"pooled","C4",719,353,217,149,0,154,322,2,8,76,49.095966620306,1.2987012987013,23.6024844720497,20.7232267037552,79.2767732962448,61.9298245614035,570,30.1808066759388,8,0
"pooled","C5",719,193,183,343,0,154,322,2,37,45,26.8428372739917,1.2987012987013,13.9751552795031,47.7051460361613,52.2948539638387,51.3297872340426,376,25.452016689847,6,0
