"variant","provider","comparison","metric","left_n","left_den","right_n","right_den","left_pct","right_pct","difference_pp","ci_low_pp","ci_high_pp","question_clusters","bootstrap_iterations","interval_note"
"primary","pooled","C0_vs_baseline","error",322,719,331,719,44.7844228094576,46.0361613351878,1.25173852573018,-3.06406685236769,5.56328233657858,120,5000,"pointwise exploratory percentile interval"
"primary","pooled","C0_vs_baseline","correct",154,719,130,719,21.4186369958275,18.0806675938804,-3.33796940194715,-5.84144645340751,-0.973574408901251,120,5000,"pointwise exploratory percentile interval"
"primary","pooled","C0_vs_baseline","abstain",243,719,258,719,33.7969401947149,35.8831710709319,2.08623087621697,-2.51046025104603,6.81502086230876,120,5000,"pointwise exploratory percentile interval"
"primary","pooled","C0_vs_baseline","target",11,719,11,719,1.52990264255911,1.52990264255911,0,-0.556328233657858,0.557103064066853,120,5000,"pointwise exploratory percentile interval"
"primary","pooled","C0_vs_baseline","coverage",476,719,461,719,66.2030598052851,64.1168289290681,-2.08623087621697,-6.81502086230876,2.51046025104602,120,5000,"pointwise exploratory percentile interval"
"primary","pooled","C0_vs_baseline","error_among_answered",322,476,331,461,67.6470588235294,71.8004338394794,4.15337501594999,0.714633497938787,7.47044877441748,120,5000,"pointwise exploratory percentile interval"
"primary","pooled","C1_vs_C0","error",331,719,466,719,46.0361613351878,64.8122392211405,18.7760778859527,14.3454038997214,23.0876216968011,120,5000,"pointwise exploratory percentile interval"
"primary","pooled","C1_vs_C0","correct",130,719,162,719,18.0806675938804,22.5312934631433,4.45062586926286,2.08333333333333,6.95410292072323,120,5000,"pointwise exploratory percentile interval"
"primary","pooled","C1_vs_C0","abstain",258,719,91,719,35.8831710709319,12.6564673157163,-23.2267037552156,-27.2222222222222,-19.1666666666667,120,5000,"pointwise exploratory percentile interval"
"primary","pooled","C1_vs_C0","target",11,719,251,719,1.52990264255911,34.9095966620306,33.3796940194715,28.4122562674095,38.440914190653,120,5000,"pointwise exploratory percentile interval"
"primary","pooled","C1_vs_C0","coverage",461,719,628,719,64.1168289290681,87.3435326842837,23.2267037552156,19.1666666666667,27.2222222222222,120,5000,"pointwise exploratory percentile interval"
"primary","pooled","C1_vs_C0","error_among_answered",331,461,466,628,71.8004338394794,74.203821656051,2.40338781657157,-0.512841156190108,5.21572759415223,120,5000,"pointwise exploratory percentile interval"
"primary","pooled","C2_vs_C0","error",331,719,377,719,46.0361613351878,52.4339360222531,6.39777468706536,1.94444444444445,10.9874826147427,120,5000,"pointwise exploratory percentile interval"
"primary","pooled","C2_vs_C0","correct",130,719,162,719,18.0806675938804,22.5312934631433,4.45062586926286,1.94444444444444,7.22222222222222,120,5000,"pointwise exploratory percentile interval"
"primary","pooled","C2_vs_C0","abstain",258,719,180,719,35.8831710709319,25.0347705146036,-10.8484005563282,-15.2990264255911,-6.27593209869349,120,5000,"pointwise exploratory percentile interval"
"primary","pooled","C2_vs_C0","target",11,719,147,719,1.52990264255911,20.4450625869263,18.9151599443672,15.2022315202232,22.6388888888889,120,5000,"pointwise exploratory percentile interval"
"primary","pooled","C2_vs_C0","coverage",461,719,539,719,64.1168289290681,74.9652294853964,10.8484005563282,6.27593209869349,15.2990264255911,120,5000,"pointwise exploratory percentile interval"
"primary","pooled","C2_vs_C0","error_among_answered",331,461,377,539,71.8004338394794,69.9443413729128,-1.85609246656659,-5.38731713961969,1.54181026986683,120,5000,"pointwise exploratory percentile interval"
"primary","pooled","C3_vs_C2","error",377,719,258,719,52.4339360222531,35.8831710709319,-16.5507649513213,-20.6951640009272,-12.3783031988873,120,5000,"pointwise exploratory percentile interval"
"primary","pooled","C3_vs_C2","correct",162,719,141,719,22.5312934631433,19.6105702364395,-2.92072322670375,-4.58970792767733,-1.25348189415042,120,5000,"pointwise exploratory percentile interval"
"primary","pooled","C3_vs_C2","abstain",180,719,320,719,25.0347705146036,44.5062586926286,19.471488178025,15.4381084840056,23.4722222222222,120,5000,"pointwise exploratory percentile interval"
"primary","pooled","C3_vs_C2","target",147,719,58,719,20.4450625869263,8.06675938803894,-12.3783031988873,-15.7162726008345,-9.17909712563746,120,5000,"pointwise exploratory percentile interval"
"primary","pooled","C3_vs_C2","coverage",539,719,399,719,74.9652294853964,55.4937413073714,-19.471488178025,-23.4722222222222,-15.4381084840056,120,5000,"pointwise exploratory percentile interval"
"primary","pooled","C3_vs_C2","error_among_answered",377,539,258,399,69.9443413729128,64.6616541353384,-5.28268723757445,-8.54164972759215,-2.08507189603433,120,5000,"pointwise exploratory percentile interval"
"primary","pooled","C5_vs_C4","error",217,719,183,719,30.1808066759388,25.452016689847,-4.72878998609179,-7.37134909596662,-2.22222222222222,120,5000,"pointwise exploratory percentile interval"
"primary","pooled","C5_vs_C4","correct",353,719,193,719,49.095966620306,26.8428372739917,-22.2531293463143,-26.5646731571627,-18.0555555555556,120,5000,"pointwise exploratory percentile interval"
"primary","pooled","C5_vs_C4","abstain",149,719,343,719,20.7232267037552,47.7051460361613,26.9819193324061,22.7019498607242,31.432545201669,120,5000,"pointwise exploratory percentile interval"
"primary","pooled","C5_vs_C4","target",8,719,6,719,1.11265646731572,0.834492350486787,-0.278164116828929,-0.834492350486787,0.277777777777778,120,5000,"pointwise exploratory percentile interval"
"primary","pooled","C5_vs_C4","coverage",570,719,376,719,79.2767732962448,52.2948539638387,-26.9819193324061,-31.432545201669,-22.7019498607242,120,5000,"pointwise exploratory percentile interval"
"primary","pooled","C5_vs_C4","error_among_answered",217,570,183,376,38.0701754385965,48.6702127659574,10.600037327361,6.20672156520026,15.3471629189424,120,5000,"pointwise exploratory percentile interval"
"primary","deepseek","C0_vs_baseline","error",67,240,87,240,27.9166666666667,36.25,8.33333333333333,0,16.6666666666667,120,5000,"pointwise exploratory percentile interval"
"primary","deepseek","C0_vs_baseline","correct",77,240,68,240,32.0833333333333,28.3333333333333,-3.75,-9.16666666666667,1.67708333333319,120,5000,"pointwise exploratory percentile interval"
"primary","deepseek","C0_vs_baseline","abstain",96,240,85,240,40,35.4166666666667,-4.58333333333334,-14.1666666666667,4.58333333333333,120,5000,"pointwise exploratory percentile interval"
"primary","deepseek","C0_vs_baseline","target",1,240,2,240,0.416666666666667,0.833333333333333,0.416666666666667,-0.833333333333333,2.08333333333333,120,5000,"pointwise exploratory percentile interval"
"primary","deepseek","C0_vs_baseline","coverage",144,240,155,240,60,64.5833333333333,4.58333333333333,-4.58333333333333,14.1666666666667,120,5000,"pointwise exploratory percentile interval"
"primary","deepseek","C0_vs_baseline","error_among_answered",67,144,87,155,46.5277777777778,56.1290322580645,9.60125448028674,1.17659291903853,18.1060368689162,120,5000,"pointwise exploratory percentile interval"
"primary","deepseek","C1_vs_C0","error",87,240,152,240,36.25,63.3333333333333,27.0833333333333,19.5833333333333,34.5833333333333,120,5000,"pointwise exploratory percentile interval"
"primary","deepseek","C1_vs_C0","correct",68,240,78,240,28.3333333333333,32.5,4.16666666666667,-1.25,9.58333333333333,120,5000,"pointwise exploratory percentile interval"
"primary","deepseek","C1_vs_C0","abstain",85,240,10,240,35.4166666666667,4.16666666666667,-31.25,-38.3333333333333,-24.1666666666667,120,5000,"pointwise exploratory percentile interval"
"primary","deepseek","C1_vs_C0","target",2,240,114,240,0.833333333333333,47.5,46.6666666666667,38.7395833333333,55,120,5000,"pointwise exploratory percentile interval"
"primary","deepseek","C1_vs_C0","coverage",155,240,230,240,64.5833333333333,95.8333333333333,31.25,24.1666666666667,38.3333333333333,120,5000,"pointwise exploratory percentile interval"
"primary","deepseek","C1_vs_C0","error_among_answered",87,155,152,230,56.1290322580645,66.0869565217391,9.95792426367461,3.2817408971698,17.0093681751982,120,5000,"pointwise exploratory percentile interval"
"primary","deepseek","C2_vs_C0","error",87,240,115,240,36.25,47.9166666666667,11.6666666666667,2.91666666666667,20,120,5000,"pointwise exploratory percentile interval"
"primary","deepseek","C2_vs_C0","correct",68,240,78,240,28.3333333333333,32.5,4.16666666666667,-0.833333333333336,9.58333333333333,120,5000,"pointwise exploratory percentile interval"
"primary","deepseek","C2_vs_C0","abstain",85,240,47,240,35.4166666666667,19.5833333333333,-15.8333333333333,-24.1770833333333,-6.66666666666667,120,5000,"pointwise exploratory percentile interval"
"primary","deepseek","C2_vs_C0","target",2,240,73,240,0.833333333333333,30.4166666666667,29.5833333333333,22.5,37.0833333333333,120,5000,"pointwise exploratory percentile interval"
"primary","deepseek","C2_vs_C0","coverage",155,240,193,240,64.5833333333333,80.4166666666667,15.8333333333333,6.66666666666667,24.1770833333332,120,5000,"pointwise exploratory percentile interval"
"primary","deepseek","C2_vs_C0","error_among_answered",87,155,115,193,56.1290322580645,59.5854922279793,3.45645996991475,-3.6874443713526,10.5820227496888,120,5000,"pointwise exploratory percentile interval"
"primary","deepseek","C3_vs_C2","error",115,240,69,240,47.9166666666667,28.75,-19.1666666666667,-26.2604166666667,-12.5,120,5000,"pointwise exploratory percentile interval"
"primary","deepseek","C3_vs_C2","correct",78,240,75,240,32.5,31.25,-1.25,-3.75,1.25,120,5000,"pointwise exploratory percentile interval"
"primary","deepseek","C3_vs_C2","abstain",47,240,96,240,19.5833333333333,40,20.4166666666667,13.7395833333333,27.5,120,5000,"pointwise exploratory percentile interval"
"primary","deepseek","C3_vs_C2","target",73,240,14,240,30.4166666666667,5.83333333333333,-24.5833333333333,-31.25,-18.3333333333333,120,5000,"pointwise exploratory percentile interval"
"primary","deepseek","C3_vs_C2","coverage",193,240,144,240,80.4166666666667,60,-20.4166666666667,-27.5,-13.7395833333335,120,5000,"pointwise exploratory percentile interval"
"primary","deepseek","C3_vs_C2","error_among_answered",115,193,69,144,59.5854922279793,47.9166666666667,-11.6688255613126,-17.5683083868857,-6.20694393085546,120,5000,"pointwise exploratory percentile interval"
"primary","deepseek","C5_vs_C4","error",40,240,44,240,16.6666666666667,18.3333333333333,1.66666666666666,-1.25,5,120,5000,"pointwise exploratory percentile interval"
"primary","deepseek","C5_vs_C4","correct",171,240,92,240,71.25,38.3333333333333,-32.9166666666667,-40.4166666666667,-25.4166666666667,120,5000,"pointwise exploratory percentile interval"
"primary","deepseek","C5_vs_C4","abstain",29,240,104,240,12.0833333333333,43.3333333333333,31.25,24.1666666666667,38.75,120,5000,"pointwise exploratory percentile interval"
"primary","deepseek","C5_vs_C4","target",0,240,0,240,0,0,0,0,0,120,5000,"degenerate; not evidence of equivalence"
"primary","deepseek","C5_vs_C4","coverage",211,240,136,240,87.9166666666667,56.6666666666667,-31.25,-38.75,-24.1666666666667,120,5000,"pointwise exploratory percentile interval"
"primary","deepseek","C5_vs_C4","error_among_answered",40,211,44,136,18.957345971564,32.3529411764706,13.3955952049066,8.04768604173091,19.9535964130405,120,5000,"pointwise exploratory percentile interval"
"primary","kimi","C0_vs_baseline","error",109,240,72,240,45.4166666666667,30,-15.4166666666667,-22.9166666666667,-7.91666666666667,120,5000,"pointwise exploratory percentile interval"
"primary","kimi","C0_vs_baseline","correct",54,240,40,240,22.5,16.6666666666667,-5.83333333333333,-10.4166666666667,-2.08333333333333,120,5000,"pointwise exploratory percentile interval"
"primary","kimi","C0_vs_baseline","abstain",77,240,128,240,32.0833333333333,53.3333333333333,21.25,13.75,28.75,120,5000,"pointwise exploratory percentile interval"
"primary","kimi","C0_vs_baseline","target",2,240,2,240,0.833333333333333,0.833333333333333,0,0,0,120,5000,"degenerate; not evidence of equivalence"
"primary","kimi","C0_vs_baseline","coverage",163,240,112,240,67.9166666666667,46.6666666666667,-21.25,-28.75,-13.75,120,5000,"pointwise exploratory percentile interval"
"primary","kimi","C0_vs_baseline","error_among_answered",109,163,72,112,66.8711656441718,64.2857142857143,-2.58545135845749,-9.62722936434007,4.42346835122065,120,5000,"pointwise exploratory percentile interval"
"primary","kimi","C1_vs_C0","error",72,240,127,240,30,52.9166666666667,22.9166666666667,16.25,30,120,5000,"pointwise exploratory percentile interval"
"primary","kimi","C1_vs_C0","correct",40,240,55,240,16.6666666666667,22.9166666666667,6.25,2.5,10.4166666666667,120,5000,"pointwise exploratory percentile interval"
"primary","kimi","C1_vs_C0","abstain",128,240,58,240,53.3333333333333,24.1666666666667,-29.1666666666667,-36.25,-22.0833333333333,120,5000,"pointwise exploratory percentile interval"
"primary","kimi","C1_vs_C0","target",2,240,52,240,0.833333333333333,21.6666666666667,20.8333333333333,15,27.0833333333333,120,5000,"pointwise exploratory percentile interval"
"primary","kimi","C1_vs_C0","coverage",112,240,182,240,46.6666666666667,75.8333333333333,29.1666666666667,22.0833333333333,36.25,120,5000,"pointwise exploratory percentile interval"
"primary","kimi","C1_vs_C0","error_among_answered",72,112,127,182,64.2857142857143,69.7802197802198,5.49450549450549,-1.33779220595398,12.4782008394099,120,5000,"pointwise exploratory percentile interval"
"primary","kimi","C2_vs_C0","error",72,240,94,240,30,39.1666666666667,9.16666666666666,2.08333333333334,16.25,120,5000,"pointwise exploratory percentile interval"
"primary","kimi","C2_vs_C0","correct",40,240,57,240,16.6666666666667,23.75,7.08333333333333,2.91666666666666,11.6666666666667,120,5000,"pointwise exploratory percentile interval"
"primary","kimi","C2_vs_C0","abstain",128,240,89,240,53.3333333333333,37.0833333333333,-16.25,-23.75,-8.33333333333334,120,5000,"pointwise exploratory percentile interval"
"primary","kimi","C2_vs_C0","target",2,240,20,240,0.833333333333333,8.33333333333333,7.5,3.33333333333333,12.0833333333333,120,5000,"pointwise exploratory percentile interval"
"primary","kimi","C2_vs_C0","coverage",112,240,151,240,46.6666666666667,62.9166666666667,16.25,8.33333333333334,23.75,120,5000,"pointwise exploratory percentile interval"
"primary","kimi","C2_vs_C0","error_among_answered",72,112,94,151,64.2857142857143,62.2516556291391,-2.03405865657522,-9.4972371277945,5.35721509477578,120,5000,"pointwise exploratory percentile interval"
"primary","kimi","C3_vs_C2","error",94,240,79,240,39.1666666666667,32.9166666666667,-6.25,-11.25,-1.25,120,5000,"pointwise exploratory percentile interval"
"primary","kimi","C3_vs_C2","correct",57,240,45,240,23.75,18.75,-5,-8.33333333333334,-2.08333333333333,120,5000,"pointwise exploratory percentile interval"
"primary","kimi","C3_vs_C2","abstain",89,240,116,240,37.0833333333333,48.3333333333333,11.25,5.83333333333333,16.6666666666667,120,5000,"pointwise exploratory percentile interval"
"primary","kimi","C3_vs_C2","target",20,240,15,240,8.33333333333333,6.25,-2.08333333333333,-5.41666666666667,1.25,120,5000,"pointwise exploratory percentile interval"
"primary","kimi","C3_vs_C2","coverage",151,240,124,240,62.9166666666667,51.6666666666667,-11.25,-16.6666666666667,-5.83333333333333,120,5000,"pointwise exploratory percentile interval"
"primary","kimi","C3_vs_C2","error_among_answered",94,151,79,124,62.2516556291391,63.7096774193548,1.45802179021577,-3.73576415007192,7.09352234853672,120,5000,"pointwise exploratory percentile interval"
"primary","kimi","C5_vs_C4","error",74,240,62,240,30.8333333333333,25.8333333333333,-5,-9.58333333333334,-0.83333333333333,120,5000,"pointwise exploratory percentile interval"
"primary","kimi","C5_vs_C4","correct",81,240,46,240,33.75,19.1666666666667,-14.5833333333333,-20.8333333333333,-8.75,120,5000,"pointwise exploratory percentile interval"
"primary","kimi","C5_vs_C4","abstain",85,240,132,240,35.4166666666667,55,19.5833333333333,12.9166666666667,26.6666666666667,120,5000,"pointwise exploratory percentile interval"
"primary","kimi","C5_vs_C4","target",2,240,1,240,0.833333333333333,0.416666666666667,-0.416666666666667,-1.25,0,120,5000,"pointwise exploratory percentile interval"
"primary","kimi","C5_vs_C4","coverage",155,240,108,240,64.5833333333333,45,-19.5833333333333,-26.6666666666667,-12.9166666666667,120,5000,"pointwise exploratory percentile interval"
"primary","kimi","C5_vs_C4","error_among_answered",74,155,62,108,47.741935483871,57.4074074074074,9.66547192353644,2.18338008415148,17.3236837540991,120,5000,"pointwise exploratory percentile interval"
"primary","minimax","C0_vs_baseline","error",146,239,172,239,61.0878661087866,71.9665271966527,10.8786610878661,5.41666666666667,16.6666666666667,120,5000,"pointwise exploratory percentile interval"
"primary","minimax","C0_vs_baseline","correct",23,239,22,239,9.6234309623431,9.20502092050209,-0.418410041841005,-1.71165780141844,0.840336134453781,120,5000,"pointwise exploratory percentile interval"
"primary","minimax","C0_vs_baseline","abstain",70,239,45,239,29.2887029288703,18.8284518828452,-10.4602510460251,-16.25,-5.02092050209205,120,5000,"pointwise exploratory percentile interval"
"primary","minimax","C0_vs_baseline","target",8,239,7,239,3.34728033472803,2.92887029288703,-0.418410041841004,-1.26050420168067,0,120,5000,"pointwise exploratory percentile interval"
"primary","minimax","C0_vs_baseline","coverage",169,239,194,239,70.7112970711297,81.1715481171548,10.4602510460251,5.02092050209205,16.25,120,5000,"pointwise exploratory percentile interval"
"primary","minimax","C0_vs_baseline","error_among_answered",146,169,172,194,86.3905325443787,88.659793814433,2.26926127005429,0.203187724748255,4.52105765747967,120,5000,"pointwise exploratory percentile interval"
"primary","minimax","C1_vs_C0","error",172,239,187,239,71.9665271966527,78.2426778242678,6.27615062761507,0,12.5523012552301,120,5000,"pointwise exploratory percentile interval"
"primary","minimax","C1_vs_C0","correct",22,239,29,239,9.20502092050209,12.1338912133891,2.92887029288703,0.833333333333333,5.43933054393306,120,5000,"pointwise exploratory percentile interval"
"primary","minimax","C1_vs_C0","abstain",45,239,23,239,18.8284518828452,9.6234309623431,-9.20502092050209,-15.0015690376569,-3.3891183592081,120,5000,"pointwise exploratory percentile interval"
"primary","minimax","C1_vs_C0","target",7,239,85,239,2.92887029288703,35.5648535564854,32.6359832635983,26.6666666666667,38.9121338912134,120,5000,"pointwise exploratory percentile interval"
"primary","minimax","C1_vs_C0","coverage",194,239,216,239,81.1715481171548,90.3765690376569,9.20502092050209,3.38911835920808,15.0015690376569,120,5000,"pointwise exploratory percentile interval"
"primary","minimax","C1_vs_C0","error_among_answered",172,194,187,216,88.659793814433,86.5740740740741,-2.08571974035891,-4.94348447744197,0.591493855606753,120,5000,"pointwise exploratory percentile interval"
"primary","minimax","C2_vs_C0","error",172,239,168,239,71.9665271966527,70.2928870292887,-1.67364016736401,-8.40336134453782,5.41666666666667,120,5000,"pointwise exploratory percentile interval"
"primary","minimax","C2_vs_C0","correct",22,239,27,239,9.20502092050209,11.2970711297071,2.09205020920502,-0.418410041841004,5.02092050209205,120,5000,"pointwise exploratory percentile interval"
"primary","minimax","C2_vs_C0","abstain",45,239,44,239,18.8284518828452,18.4100418410042,-0.418410041841003,-6.69456066945607,5.83333333333333,120,5000,"pointwise exploratory percentile interval"
"primary","minimax","C2_vs_C0","target",7,239,54,239,2.92887029288703,22.5941422594142,19.6652719665272,14.3459915611814,25.1046025104602,120,5000,"pointwise exploratory percentile interval"
"primary","minimax","C2_vs_C0","coverage",194,239,195,239,81.1715481171548,81.5899581589958,0.418410041841,-5.83333333333333,6.69456066945607,120,5000,"pointwise exploratory percentile interval"
"primary","minimax","C2_vs_C0","error_among_answered",172,194,168,195,88.659793814433,86.1538461538462,-2.50594766058683,-6.15399214659686,0.841142966333291,120,5000,"pointwise exploratory percentile interval"
"primary","minimax","C3_vs_C2","error",168,239,110,239,70.2928870292887,46.0251046025105,-24.2677824267782,-31.9327731092437,-16.8067226890756,120,5000,"pointwise exploratory percentile interval"
"primary","minimax","C3_vs_C2","correct",27,239,21,239,11.2970711297071,8.78661087866109,-2.51046025104602,-5.04201680672269,0,120,5000,"pointwise exploratory percentile interval"
"primary","minimax","C3_vs_C2","abstain",44,239,108,239,18.4100418410042,45.1882845188285,26.7782426778243,19.6652719665272,34.3096234309623,120,5000,"pointwise exploratory percentile interval"
"primary","minimax","C3_vs_C2","target",54,239,29,239,22.5941422594142,12.1338912133891,-10.4602510460251,-16.251699790795,-5,120,5000,"pointwise exploratory percentile interval"
"primary","minimax","C3_vs_C2","coverage",195,239,131,239,81.5899581589958,54.8117154811715,-26.7782426778243,-34.3096234309623,-19.6652719665272,120,5000,"pointwise exploratory percentile interval"
"primary","minimax","C3_vs_C2","error_among_answered",168,195,110,131,86.1538461538462,83.969465648855,-2.1843805049912,-6.56306679438761,2.07470910724079,120,5000,"pointwise exploratory percentile interval"
"primary","minimax","C5_vs_C4","error",103,239,77,239,43.0962343096234,32.2175732217573,-10.8786610878661,-16.3179916317992,-5.43933054393306,120,5000,"pointwise exploratory percentile interval"
"primary","minimax","C5_vs_C4","correct",101,239,55,239,42.2594142259414,23.0125523012552,-19.2468619246862,-25.6302521008403,-12.9707112970711,120,5000,"pointwise exploratory percentile interval"
"primary","minimax","C5_vs_C4","abstain",35,239,107,239,14.6443514644351,44.7698744769874,30.1255230125523,23.4309623430962,36.8200836820084,120,5000,"pointwise exploratory percentile interval"
"primary","minimax","C5_vs_C4","target",6,239,5,239,2.51046025104602,2.09205020920502,-0.418410041841004,-2.08333333333333,0.840336134453782,120,5000,"pointwise exploratory percentile interval"
"primary","minimax","C5_vs_C4","coverage",204,239,132,239,85.3556485355649,55.2301255230126,-30.1255230125523,-36.8200836820084,-23.4309623430962,120,5000,"pointwise exploratory percentile interval"
"primary","minimax","C5_vs_C4","error_among_answered",103,204,77,132,50.4901960784314,58.3333333333333,7.84313725490196,0.604204526905142,15.5748703038946,120,5000,"pointwise exploratory percentile interval"
"exclude_source_caveats","pooled","C0_vs_baseline","error",289,624,294,624,46.3141025641026,47.1153846153846,0.801282051282051,-4.00641025641025,5.28846153846154,104,5000,"pointwise exploratory percentile interval"
"exclude_source_caveats","pooled","C0_vs_baseline","correct",132,624,114,624,21.1538461538462,18.2692307692308,-2.88461538461538,-5.44871794871795,-0.480769230769232,104,5000,"pointwise exploratory percentile interval"
"exclude_source_caveats","pooled","C0_vs_baseline","abstain",203,624,216,624,32.5320512820513,34.6153846153846,2.08333333333333,-2.72836538461538,7.05128205128205,104,5000,"pointwise exploratory percentile interval"
"exclude_source_caveats","pooled","C0_vs_baseline","target",11,624,10,624,1.76282051282051,1.6025641025641,-0.16025641025641,-0.801282051282051,0.320512820512821,104,5000,"pointwise exploratory percentile interval"
"exclude_source_caveats","pooled","C0_vs_baseline","coverage",421,624,408,624,67.4679487179487,65.3846153846154,-2.08333333333333,-7.05128205128206,2.72836538461533,104,5000,"pointwise exploratory percentile interval"
"exclude_source_caveats","pooled","C0_vs_baseline","error_among_answered",289,421,294,408,68.646080760095,72.0588235294118,3.41274276931675,0.0466094119493236,6.79038419367244,104,5000,"pointwise exploratory percentile interval"
"exclude_source_caveats","pooled","C1_vs_C0","error",294,624,406,624,47.1153846153846,65.0641025641026,17.948717948718,13.1410256410256,22.9166666666667,104,5000,"pointwise exploratory percentile interval"
"exclude_source_caveats","pooled","C1_vs_C0","correct",114,624,142,624,18.2692307692308,22.7564102564103,4.48717948717949,2.08333333333333,7.05128205128205,104,5000,"pointwise exploratory percentile interval"
"exclude_source_caveats","pooled","C1_vs_C0","abstain",216,624,76,624,34.6153846153846,12.1794871794872,-22.4358974358974,-26.9230769230769,-18.1089743589744,104,5000,"pointwise exploratory percentile interval"
"exclude_source_caveats","pooled","C1_vs_C0","target",10,624,214,624,1.6025641025641,34.2948717948718,32.6923076923077,27.4038461538462,38.301282051282,104,5000,"pointwise exploratory percentile interval"
"exclude_source_caveats","pooled","C1_vs_C0","coverage",408,624,548,624,65.3846153846154,87.8205128205128,22.4358974358974,18.1089743589744,26.9230769230769,104,5000,"pointwise exploratory percentile interval"
"exclude_source_caveats","pooled","C1_vs_C0","error_among_answered",294,408,406,548,72.0588235294118,74.0875912408759,2.02876771146414,-0.964125359567767,4.97311091106252,104,5000,"pointwise exploratory percentile interval"
"exclude_source_caveats","pooled","C2_vs_C0","error",294,624,337,624,47.1153846153846,54.0064102564103,6.89102564102564,2.24358974358974,11.8589743589744,104,5000,"pointwise exploratory percentile interval"
"exclude_source_caveats","pooled","C2_vs_C0","correct",114,624,140,624,18.2692307692308,22.4358974358974,4.16666666666666,1.6025641025641,6.89102564102564,104,5000,"pointwise exploratory percentile interval"
"exclude_source_caveats","pooled","C2_vs_C0","abstain",216,624,147,624,34.6153846153846,23.5576923076923,-11.0576923076923,-16.0296474358974,-6.25,104,5000,"pointwise exploratory percentile interval"
"exclude_source_caveats","pooled","C2_vs_C0","target",10,624,123,624,1.6025641025641,19.7115384615385,18.1089743589744,14.1025641025641,22.1153846153846,104,5000,"pointwise exploratory percentile interval"
"exclude_source_caveats","pooled","C2_vs_C0","coverage",408,624,477,624,65.3846153846154,76.4423076923077,11.0576923076923,6.25,16.0296474358974,104,5000,"pointwise exploratory percentile interval"
"exclude_source_caveats","pooled","C2_vs_C0","error_among_answered",294,408,337,477,72.0588235294118,70.6498951781971,-1.4089283512147,-4.72973903261186,1.88621850451135,104,5000,"pointwise exploratory percentile interval"
"exclude_source_caveats","pooled","C3_vs_C2","error",337,624,227,624,54.0064102564103,36.3782051282051,-17.6282051282051,-22.1153846153846,-13.3012820512821,104,5000,"pointwise exploratory percentile interval"
"exclude_source_caveats","pooled","C3_vs_C2","correct",140,624,120,624,22.4358974358974,19.2307692307692,-3.2051282051282,-5.12820512820513,-1.44230769230769,104,5000,"pointwise exploratory percentile interval"
"exclude_source_caveats","pooled","C3_vs_C2","abstain",147,624,277,624,23.5576923076923,44.3910256410256,20.8333333333333,16.8269230769231,25.1602564102564,104,5000,"pointwise exploratory percentile interval"
"exclude_source_caveats","pooled","C3_vs_C2","target",123,624,43,624,19.7115384615385,6.89102564102564,-12.8205128205128,-16.3461538461538,-9.2948717948718,104,5000,"pointwise exploratory percentile interval"
"exclude_source_caveats","pooled","C3_vs_C2","coverage",477,624,347,624,76.4423076923077,55.6089743589744,-20.8333333333333,-25.1602564102564,-16.8269230769231,104,5000,"pointwise exploratory percentile interval"
"exclude_source_caveats","pooled","C3_vs_C2","error_among_answered",337,477,227,347,70.6498951781971,65.4178674351585,-5.23202774303857,-8.79734598550696,-1.80503875034589,104,5000,"pointwise exploratory percentile interval"
"exclude_source_caveats","pooled","C5_vs_C4","error",200,624,172,624,32.051282051282,27.5641025641026,-4.48717948717949,-7.21153846153846,-1.76282051282051,104,5000,"pointwise exploratory percentile interval"
"exclude_source_caveats","pooled","C5_vs_C4","correct",294,624,158,624,47.1153846153846,25.3205128205128,-21.7948717948718,-25.8012820512821,-17.9487179487179,104,5000,"pointwise exploratory percentile interval"
"exclude_source_caveats","pooled","C5_vs_C4","abstain",130,624,294,624,20.8333333333333,47.1153846153846,26.2820512820513,21.7948717948718,30.7692307692308,104,5000,"pointwise exploratory percentile interval"
"exclude_source_caveats","pooled","C5_vs_C4","target",8,624,6,624,1.28205128205128,0.961538461538462,-0.320512820512821,-0.961538461538462,0.32051282051282,104,5000,"pointwise exploratory percentile interval"
"exclude_source_caveats","pooled","C5_vs_C4","coverage",494,624,330,624,79.1666666666667,52.8846153846154,-26.2820512820513,-30.7692307692308,-21.7948717948718,104,5000,"pointwise exploratory percentile interval"
"exclude_source_caveats","pooled","C5_vs_C4","error_among_answered",200,494,172,330,40.4858299595142,52.1212121212121,11.635382161698,7.28200858901212,16.542530395153,104,5000,"pointwise exploratory percentile interval"
"exclude_source_caveats","deepseek","C0_vs_baseline","error",60,208,75,208,28.8461538461538,36.0576923076923,7.21153846153846,-1.44230769230769,15.3846153846154,104,5000,"pointwise exploratory percentile interval"
"exclude_source_caveats","deepseek","C0_vs_baseline","correct",65,208,59,208,31.25,28.3653846153846,-2.88461538461538,-8.65384615384615,2.40384615384616,104,5000,"pointwise exploratory percentile interval"
"exclude_source_caveats","deepseek","C0_vs_baseline","abstain",83,208,74,208,39.9038461538462,35.5769230769231,-4.32692307692307,-13.9423076923077,5.28846153846154,104,5000,"pointwise exploratory percentile interval"
"exclude_source_caveats","deepseek","C0_vs_baseline","target",1,208,1,208,0.480769230769231,0.480769230769231,0,-1.44230769230769,1.44230769230769,104,5000,"pointwise exploratory percentile interval"
"exclude_source_caveats","deepseek","C0_vs_baseline","coverage",125,208,134,208,60.0961538461538,64.4230769230769,4.32692307692307,-5.28846153846154,13.9423076923077,104,5000,"pointwise exploratory percentile interval"
"exclude_source_caveats","deepseek","C0_vs_baseline","error_among_answered",60,125,75,134,48,55.9701492537313,7.97014925373134,-0.690917628278756,16.3813065722157,104,5000,"pointwise exploratory percentile interval"
"exclude_source_caveats","deepseek","C1_vs_C0","error",75,208,131,208,36.0576923076923,62.9807692307692,26.9230769230769,18.75,35.5769230769231,104,5000,"pointwise exploratory percentile interval"
"exclude_source_caveats","deepseek","C1_vs_C0","correct",59,208,68,208,28.3653846153846,32.6923076923077,4.32692307692308,-1.44230769230769,10.0961538461538,104,5000,"pointwise exploratory percentile interval"
"exclude_source_caveats","deepseek","C1_vs_C0","abstain",74,208,9,208,35.5769230769231,4.32692307692308,-31.25,-38.9423076923077,-23.5576923076923,104,5000,"pointwise exploratory percentile interval"
"exclude_source_caveats","deepseek","C1_vs_C0","target",1,208,97,208,0.480769230769231,46.6346153846154,46.1538461538462,37.0192307692308,55.2884615384615,104,5000,"pointwise exploratory percentile interval"
"exclude_source_caveats","deepseek","C1_vs_C0","coverage",134,208,199,208,64.4230769230769,95.6730769230769,31.25,23.5576923076923,38.9423076923077,104,5000,"pointwise exploratory percentile interval"
"exclude_source_caveats","deepseek","C1_vs_C0","error_among_answered",75,134,131,199,55.9701492537313,65.8291457286432,9.85899647491187,3.25925858893698,16.9460419292015,104,5000,"pointwise exploratory percentile interval"
"exclude_source_caveats","deepseek","C2_vs_C0","error",75,208,100,208,36.0576923076923,48.0769230769231,12.0192307692308,2.88461538461539,21.1538461538462,104,5000,"pointwise exploratory percentile interval"
"exclude_source_caveats","deepseek","C2_vs_C0","correct",59,208,66,208,28.3653846153846,31.7307692307692,3.36538461538461,-1.44230769230769,8.17307692307693,104,5000,"pointwise exploratory percentile interval"
"exclude_source_caveats","deepseek","C2_vs_C0","abstain",74,208,42,208,35.5769230769231,20.1923076923077,-15.3846153846154,-25,-6.25,104,5000,"pointwise exploratory percentile interval"
"exclude_source_caveats","deepseek","C2_vs_C0","target",1,208,61,208,0.480769230769231,29.3269230769231,28.8461538461538,21.1538461538462,36.5384615384615,104,5000,"pointwise exploratory percentile interval"
"exclude_source_caveats","deepseek","C2_vs_C0","coverage",134,208,166,208,64.4230769230769,79.8076923076923,15.3846153846154,6.25,25,104,5000,"pointwise exploratory percentile interval"
"exclude_source_caveats","deepseek","C2_vs_C0","error_among_answered",75,134,100,166,55.9701492537313,60.2409638554217,4.27081460169035,-2.56413736934979,11.25778027161,104,5000,"pointwise exploratory percentile interval"
"exclude_source_caveats","deepseek","C3_vs_C2","error",100,208,59,208,48.0769230769231,28.3653846153846,-19.7115384615385,-27.4038461538462,-12.5,104,5000,"pointwise exploratory percentile interval"
"exclude_source_caveats","deepseek","C3_vs_C2","correct",66,208,63,208,31.7307692307692,30.2884615384615,-1.44230769230769,-4.32692307692308,1.44230769230769,104,5000,"pointwise exploratory percentile interval"
"exclude_source_caveats","deepseek","C3_vs_C2","abstain",42,208,86,208,20.1923076923077,41.3461538461538,21.1538461538462,13.9423076923077,28.8461538461538,104,5000,"pointwise exploratory percentile interval"
"exclude_source_caveats","deepseek","C3_vs_C2","target",61,208,10,208,29.3269230769231,4.80769230769231,-24.5192307692308,-31.7307692307692,-17.7884615384615,104,5000,"pointwise exploratory percentile interval"
"exclude_source_caveats","deepseek","C3_vs_C2","coverage",166,208,122,208,79.8076923076923,58.6538461538462,-21.1538461538462,-28.8461538461538,-13.9423076923077,104,5000,"pointwise exploratory percentile interval"
"exclude_source_caveats","deepseek","C3_vs_C2","error_among_answered",100,166,59,122,60.2409638554217,48.3606557377049,-11.8803081177168,-18.3193567407695,-5.78031224046554,104,5000,"pointwise exploratory percentile interval"
"exclude_source_caveats","deepseek","C5_vs_C4","error",37,208,41,208,17.7884615384615,19.7115384615385,1.92307692307692,-1.44230769230769,5.76923076923077,104,5000,"pointwise exploratory percentile interval"
"exclude_source_caveats","deepseek","C5_vs_C4","correct",143,208,76,208,68.75,36.5384615384615,-32.2115384615385,-39.4230769230769,-24.5192307692308,104,5000,"pointwise exploratory percentile interval"
"exclude_source_caveats","deepseek","C5_vs_C4","abstain",28,208,91,208,13.4615384615385,43.75,30.2884615384615,23.0769230769231,37.5,104,5000,"pointwise exploratory percentile interval"
"exclude_source_caveats","deepseek","C5_vs_C4","target",0,208,0,208,0,0,0,0,0,104,5000,"degenerate; not evidence of equivalence"
"exclude_source_caveats","deepseek","C5_vs_C4","coverage",180,208,117,208,86.5384615384615,56.25,-30.2884615384615,-37.5,-23.0769230769231,104,5000,"pointwise exploratory percentile interval"
"exclude_source_caveats","deepseek","C5_vs_C4","error_among_answered",37,180,41,117,20.5555555555556,35.042735042735,14.4871794871795,8.33992664152677,21.4335190493447,104,5000,"pointwise exploratory percentile interval"
"exclude_source_caveats","kimi","C0_vs_baseline","error",99,208,65,208,47.5961538461538,31.25,-16.3461538461538,-24.5192307692308,-8.65384615384615,104,5000,"pointwise exploratory percentile interval"
"exclude_source_caveats","kimi","C0_vs_baseline","correct",46,208,35,208,22.1153846153846,16.8269230769231,-5.28846153846154,-10.0961538461538,-1.44230769230769,104,5000,"pointwise exploratory percentile interval"
"exclude_source_caveats","kimi","C0_vs_baseline","abstain",63,208,108,208,30.2884615384615,51.9230769230769,21.6346153846154,13.4615384615385,30.2884615384615,104,5000,"pointwise exploratory percentile interval"
"exclude_source_caveats","kimi","C0_vs_baseline","target",2,208,2,208,0.961538461538462,0.961538461538462,0,0,0,104,5000,"degenerate; not evidence of equivalence"
"exclude_source_caveats","kimi","C0_vs_baseline","coverage",145,208,100,208,69.7115384615385,48.0769230769231,-21.6346153846154,-30.2884615384615,-13.4615384615385,104,5000,"pointwise exploratory percentile interval"
"exclude_source_caveats","kimi","C0_vs_baseline","error_among_answered",99,145,65,100,68.2758620689655,65,-3.27586206896552,-10.7309443088964,4.0707296617277,104,5000,"pointwise exploratory percentile interval"
"exclude_source_caveats","kimi","C1_vs_C0","error",65,208,113,208,31.25,54.3269230769231,23.0769230769231,15.3846153846154,30.7692307692308,104,5000,"pointwise exploratory percentile interval"
"exclude_source_caveats","kimi","C1_vs_C0","correct",35,208,47,208,16.8269230769231,22.5961538461538,5.76923076923077,1.92307692307692,10.0961538461538,104,5000,"pointwise exploratory percentile interval"
"exclude_source_caveats","kimi","C1_vs_C0","abstain",108,208,48,208,51.9230769230769,23.0769230769231,-28.8461538461538,-36.5384615384615,-21.6346153846154,104,5000,"pointwise exploratory percentile interval"
"exclude_source_caveats","kimi","C1_vs_C0","target",2,208,46,208,0.961538461538462,22.1153846153846,21.1538461538462,14.9038461538462,27.8846153846154,104,5000,"pointwise exploratory percentile interval"
"exclude_source_caveats","kimi","C1_vs_C0","coverage",100,208,160,208,48.0769230769231,76.9230769230769,28.8461538461538,21.6346153846154,36.5384615384615,104,5000,"pointwise exploratory percentile interval"
"exclude_source_caveats","kimi","C1_vs_C0","error_among_answered",65,100,113,160,65,70.625,5.625,-1.58467932627597,13.1988218231761,104,5000,"pointwise exploratory percentile interval"
"exclude_source_caveats","kimi","C2_vs_C0","error",65,208,87,208,31.25,41.8269230769231,10.5769230769231,2.88461538461539,18.75,104,5000,"pointwise exploratory percentile interval"
"exclude_source_caveats","kimi","C2_vs_C0","correct",35,208,50,208,16.8269230769231,24.0384615384615,7.21153846153846,2.40384615384616,12.5,104,5000,"pointwise exploratory percentile interval"
"exclude_source_caveats","kimi","C2_vs_C0","abstain",108,208,71,208,51.9230769230769,34.1346153846154,-17.7884615384615,-26.4423076923077,-9.61538461538461,104,5000,"pointwise exploratory percentile interval"
"exclude_source_caveats","kimi","C2_vs_C0","target",2,208,17,208,0.961538461538462,8.17307692307692,7.21153846153846,2.88461538461538,12.0312499999998,104,5000,"pointwise exploratory percentile interval"
"exclude_source_caveats","kimi","C2_vs_C0","coverage",100,208,137,208,48.0769230769231,65.8653846153846,17.7884615384615,9.61538461538461,26.4423076923077,104,5000,"pointwise exploratory percentile interval"
"exclude_source_caveats","kimi","C2_vs_C0","error_among_answered",65,100,87,137,65,63.5036496350365,-1.4963503649635,-9.57837504398213,6.4464730791389,104,5000,"pointwise exploratory percentile interval"
"exclude_source_caveats","kimi","C3_vs_C2","error",87,208,70,208,41.8269230769231,33.6538461538462,-8.17307692307693,-13.9423076923077,-2.88461538461539,104,5000,"pointwise exploratory percentile interval"
"exclude_source_caveats","kimi","C3_vs_C2","correct",50,208,38,208,24.0384615384615,18.2692307692308,-5.76923076923077,-9.61538461538461,-2.40384615384615,104,5000,"pointwise exploratory percentile interval"
"exclude_source_caveats","kimi","C3_vs_C2","abstain",71,208,100,208,34.1346153846154,48.0769230769231,13.9423076923077,8.65384615384615,19.7115384615385,104,5000,"pointwise exploratory percentile interval"
"exclude_source_caveats","kimi","C3_vs_C2","target",17,208,10,208,8.17307692307692,4.80769230769231,-3.36538461538462,-7.21153846153846,0,104,5000,"pointwise exploratory percentile interval"
"exclude_source_caveats","kimi","C3_vs_C2","coverage",137,208,108,208,65.8653846153846,51.9230769230769,-13.9423076923077,-19.7115384615385,-8.65384615384615,104,5000,"pointwise exploratory percentile interval"
"exclude_source_caveats","kimi","C3_vs_C2","error_among_answered",87,137,70,108,63.5036496350365,64.8148148148148,1.31116517977831,-4.42734867465058,7.44916061819027,104,5000,"pointwise exploratory percentile interval"
"exclude_source_caveats","kimi","C5_vs_C4","error",69,208,58,208,33.1730769230769,27.8846153846154,-5.28846153846154,-10.0961538461538,-0.949519230769402,104,5000,"pointwise exploratory percentile interval"
"exclude_source_caveats","kimi","C5_vs_C4","correct",68,208,38,208,32.6923076923077,18.2692307692308,-14.4230769230769,-21.1538461538462,-8.17307692307693,104,5000,"pointwise exploratory percentile interval"
"exclude_source_caveats","kimi","C5_vs_C4","abstain",71,208,112,208,34.1346153846154,53.8461538461538,19.7115384615385,12.9807692307692,26.4423076923077,104,5000,"pointwise exploratory percentile interval"
"exclude_source_caveats","kimi","C5_vs_C4","target",2,208,1,208,0.961538461538462,0.480769230769231,-0.480769230769231,-1.44230769230769,0,104,5000,"pointwise exploratory percentile interval"
"exclude_source_caveats","kimi","C5_vs_C4","coverage",137,208,96,208,65.8653846153846,46.1538461538462,-19.7115384615385,-26.4423076923077,-12.9807692307692,104,5000,"pointwise exploratory percentile interval"
"exclude_source_caveats","kimi","C5_vs_C4","error_among_answered",69,137,58,96,50.3649635036496,60.4166666666667,10.051703163017,2.34445699952044,18.4030502389526,104,5000,"pointwise exploratory percentile interval"
"exclude_source_caveats","minimax","C0_vs_baseline","error",130,208,154,208,62.5,74.0384615384615,11.5384615384615,5.28846153846154,17.7884615384615,104,5000,"pointwise exploratory percentile interval"
"exclude_source_caveats","minimax","C0_vs_baseline","correct",21,208,20,208,10.0961538461538,9.61538461538461,-0.480769230769232,-2.40384615384615,0.961538461538462,104,5000,"pointwise exploratory percentile interval"
"exclude_source_caveats","minimax","C0_vs_baseline","abstain",57,208,34,208,27.4038461538462,16.3461538461538,-11.0576923076923,-17.3076923076923,-5.28846153846154,104,5000,"pointwise exploratory percentile interval"
"exclude_source_caveats","minimax","C0_vs_baseline","target",8,208,7,208,3.84615384615385,3.36538461538462,-0.480769230769231,-1.44230769230769,0,104,5000,"pointwise exploratory percentile interval"
"exclude_source_caveats","minimax","C0_vs_baseline","coverage",151,208,174,208,72.5961538461538,83.6538461538462,11.0576923076923,5.28846153846153,17.3076923076923,104,5000,"pointwise exploratory percentile interval"
"exclude_source_caveats","minimax","C0_vs_baseline","error_among_answered",130,151,154,174,86.0927152317881,88.5057471264368,2.41303189464871,0.103382657410792,4.92890586500356,104,5000,"pointwise exploratory percentile interval"
"exclude_source_caveats","minimax","C1_vs_C0","error",154,208,162,208,74.0384615384615,77.8846153846154,3.84615384615385,-2.88461538461539,10.5769230769231,104,5000,"pointwise exploratory percentile interval"
"exclude_source_caveats","minimax","C1_vs_C0","correct",20,208,27,208,9.61538461538461,12.9807692307692,3.36538461538461,0.961538461538461,6.25,104,5000,"pointwise exploratory percentile interval"
"exclude_source_caveats","minimax","C1_vs_C0","abstain",34,208,19,208,16.3461538461538,9.13461538461539,-7.21153846153846,-13.4615384615385,-1.44230769230769,104,5000,"pointwise exploratory percentile interval"
"exclude_source_caveats","minimax","C1_vs_C0","target",7,208,71,208,3.36538461538462,34.1346153846154,30.7692307692308,24.0384615384615,37.5,104,5000,"pointwise exploratory percentile interval"
"exclude_source_caveats","minimax","C1_vs_C0","coverage",174,208,189,208,83.6538461538462,90.8653846153846,7.21153846153845,1.44230769230769,13.4615384615385,104,5000,"pointwise exploratory percentile interval"
"exclude_source_caveats","minimax","C1_vs_C0","error_among_answered",154,174,162,189,88.5057471264368,85.7142857142857,-2.79146141215108,-6.06375183194919,0.219764787663788,104,5000,"pointwise exploratory percentile interval"
"exclude_source_caveats","minimax","C2_vs_C0","error",154,208,150,208,74.0384615384615,72.1153846153846,-1.92307692307692,-9.13461538461539,5.28846153846154,104,5000,"pointwise exploratory percentile interval"
"exclude_source_caveats","minimax","C2_vs_C0","correct",20,208,24,208,9.61538461538461,11.5384615384615,1.92307692307692,-0.961538461538461,5.28846153846154,104,5000,"pointwise exploratory percentile interval"
"exclude_source_caveats","minimax","C2_vs_C0","abstain",34,208,34,208,16.3461538461538,16.3461538461538,0,-6.73076923076923,6.73076923076923,104,5000,"pointwise exploratory percentile interval"
"exclude_source_caveats","minimax","C2_vs_C0","target",7,208,45,208,3.36538461538462,21.6346153846154,18.2692307692308,12.5,24.5192307692308,104,5000,"pointwise exploratory percentile interval"
"exclude_source_caveats","minimax","C2_vs_C0","coverage",174,208,174,208,83.6538461538462,83.6538461538462,0,-6.73076923076923,6.73076923076923,104,5000,"pointwise exploratory percentile interval"
"exclude_source_caveats","minimax","C2_vs_C0","error_among_answered",154,174,150,174,88.5057471264368,86.2068965517241,-2.29885057471265,-6.2687750499192,1.22010941767253,104,5000,"pointwise exploratory percentile interval"
"exclude_source_caveats","minimax","C3_vs_C2","error",150,208,98,208,72.1153846153846,47.1153846153846,-25,-32.6923076923077,-17.3076923076923,104,5000,"pointwise exploratory percentile interval"
"exclude_source_caveats","minimax","C3_vs_C2","correct",24,208,19,208,11.5384615384615,9.13461538461539,-2.40384615384615,-5.28846153846154,0.48076923076923,104,5000,"pointwise exploratory percentile interval"
"exclude_source_caveats","minimax","C3_vs_C2","abstain",34,208,91,208,16.3461538461538,43.75,27.4038461538462,20.1923076923077,35.0961538461538,104,5000,"pointwise exploratory percentile interval"
"exclude_source_caveats","minimax","C3_vs_C2","target",45,208,23,208,21.6346153846154,11.0576923076923,-10.5769230769231,-16.3461538461539,-4.80769230769231,104,5000,"pointwise exploratory percentile interval"
"exclude_source_caveats","minimax","C3_vs_C2","coverage",174,208,117,208,83.6538461538462,56.25,-27.4038461538462,-35.0961538461538,-20.1923076923077,104,5000,"pointwise exploratory percentile interval"
"exclude_source_caveats","minimax","C3_vs_C2","error_among_answered",150,174,98,117,86.2068965517241,83.7606837606838,-2.44621279104038,-7.15839203515647,2.33262587822013,104,5000,"pointwise exploratory percentile interval"
"exclude_source_caveats","minimax","C5_vs_C4","error",94,208,73,208,45.1923076923077,35.0961538461538,-10.0961538461538,-15.8653846153846,-4.32692307692308,104,5000,"pointwise exploratory percentile interval"
"exclude_source_caveats","minimax","C5_vs_C4","correct",83,208,44,208,39.9038461538462,21.1538461538462,-18.75,-25.4807692307692,-12.5,104,5000,"pointwise exploratory percentile interval"
"exclude_source_caveats","minimax","C5_vs_C4","abstain",31,208,91,208,14.9038461538462,43.75,28.8461538461538,21.6346153846154,36.0576923076923,104,5000,"pointwise exploratory percentile interval"
"exclude_source_caveats","minimax","C5_vs_C4","target",6,208,5,208,2.88461538461538,2.40384615384615,-0.480769230769231,-2.40384615384615,0.961538461538462,104,5000,"pointwise exploratory percentile interval"
"exclude_source_caveats","minimax","C5_vs_C4","coverage",177,208,117,208,85.0961538461538,56.25,-28.8461538461538,-36.0576923076923,-21.6346153846154,104,5000,"pointwise exploratory percentile interval"
"exclude_source_caveats","minimax","C5_vs_C4","error_among_answered",94,177,73,117,53.1073446327684,62.3931623931624,9.28581776039403,1.84042643291198,17.1858887850791,104,5000,"pointwise exploratory percentile interval"
"exclude_all_known_reference_concerns","pooled","C0_vs_baseline","error",279,612,284,612,45.5882352941176,46.4052287581699,0.816993464052288,-3.92156862745098,5.3921568627451,102,5000,"pointwise exploratory percentile interval"
"exclude_all_known_reference_concerns","pooled","C0_vs_baseline","correct",132,612,113,612,21.5686274509804,18.4640522875817,-3.1045751633987,-5.55555555555556,-0.816993464052287,102,5000,"pointwise exploratory percentile interval"
"exclude_all_known_reference_concerns","pooled","C0_vs_baseline","abstain",201,612,215,612,32.843137254902,35.1307189542484,2.2875816993464,-2.77777777777778,7.35702614379079,102,5000,"pointwise exploratory percentile interval"
"exclude_all_known_reference_concerns","pooled","C0_vs_baseline","target",10,612,9,612,1.63398692810458,1.47058823529412,-0.163398692810457,-0.816993464052287,0.326797385620915,102,5000,"pointwise exploratory percentile interval"
"exclude_all_known_reference_concerns","pooled","C0_vs_baseline","coverage",411,612,397,612,67.156862745098,64.8692810457516,-2.2875816993464,-7.35702614379086,2.77777777777778,102,5000,"pointwise exploratory percentile interval"
"exclude_all_known_reference_concerns","pooled","C0_vs_baseline","error_among_answered",279,411,284,397,67.8832116788321,71.536523929471,3.65331225063892,0.325118178453662,7.04343171928838,102,5000,"pointwise exploratory percentile interval"
"exclude_all_known_reference_concerns","pooled","C1_vs_C0","error",284,612,395,612,46.4052287581699,64.5424836601307,18.1372549019608,13.3986928104575,22.8758169934641,102,5000,"pointwise exploratory percentile interval"
"exclude_all_known_reference_concerns","pooled","C1_vs_C0","correct",113,612,141,612,18.4640522875817,23.0392156862745,4.57516339869281,2.12418300653595,7.18954248366013,102,5000,"pointwise exploratory percentile interval"
"exclude_all_known_reference_concerns","pooled","C1_vs_C0","abstain",215,612,76,612,35.1307189542484,12.4183006535948,-22.7124183006536,-26.9607843137255,-18.4640522875817,102,5000,"pointwise exploratory percentile interval"
"exclude_all_known_reference_concerns","pooled","C1_vs_C0","target",9,612,207,612,1.47058823529412,33.8235294117647,32.3529411764706,26.9607843137255,37.7450980392157,102,5000,"pointwise exploratory percentile interval"
"exclude_all_known_reference_concerns","pooled","C1_vs_C0","coverage",397,612,536,612,64.8692810457516,87.5816993464052,22.7124183006536,18.4640522875817,26.9607843137255,102,5000,"pointwise exploratory percentile interval"
"exclude_all_known_reference_concerns","pooled","C1_vs_C0","error_among_answered",284,397,395,536,71.536523929471,73.6940298507463,2.15750592127524,-0.82785545008416,5.12257307398477,102,5000,"pointwise exploratory percentile interval"
"exclude_all_known_reference_concerns","pooled","C2_vs_C0","error",284,612,329,612,46.4052287581699,53.7581699346405,7.35294117647059,2.77777777777777,12.2549019607843,102,5000,"pointwise exploratory percentile interval"
"exclude_all_known_reference_concerns","pooled","C2_vs_C0","correct",113,612,139,612,18.4640522875817,22.7124183006536,4.2483660130719,1.79738562091503,6.86274509803922,102,5000,"pointwise exploratory percentile interval"
"exclude_all_known_reference_concerns","pooled","C2_vs_C0","abstain",215,612,144,612,35.1307189542484,23.5294117647059,-11.6013071895425,-16.5032679738562,-6.86274509803921,102,5000,"pointwise exploratory percentile interval"
"exclude_all_known_reference_concerns","pooled","C2_vs_C0","target",9,612,122,612,1.47058823529412,19.9346405228758,18.4640522875817,14.5424836601307,22.3856209150327,102,5000,"pointwise exploratory percentile interval"
"exclude_all_known_reference_concerns","pooled","C2_vs_C0","coverage",397,612,468,612,64.8692810457516,76.4705882352941,11.6013071895425,6.86274509803921,16.5032679738562,102,5000,"pointwise exploratory percentile interval"
"exclude_all_known_reference_concerns","pooled","C2_vs_C0","error_among_answered",284,397,329,468,71.536523929471,70.2991452991453,-1.23737863032574,-4.64395206194649,2.07686326478774,102,5000,"pointwise exploratory percentile interval"
"exclude_all_known_reference_concerns","pooled","C3_vs_C2","error",329,612,223,612,53.7581699346405,36.437908496732,-17.3202614379085,-21.7320261437909,-12.9084967320261,102,5000,"pointwise exploratory percentile interval"
"exclude_all_known_reference_concerns","pooled","C3_vs_C2","correct",139,612,119,612,22.7124183006536,19.4444444444444,-3.26797385620915,-5.22875816993464,-1.47058823529412,102,5000,"pointwise exploratory percentile interval"
"exclude_all_known_reference_concerns","pooled","C3_vs_C2","abstain",144,612,270,612,23.5294117647059,44.1176470588235,20.5882352941176,16.5032679738562,24.8366013071895,102,5000,"pointwise exploratory percentile interval"
"exclude_all_known_reference_concerns","pooled","C3_vs_C2","target",122,612,43,612,19.9346405228758,7.02614379084967,-12.9084967320261,-16.5032679738562,-9.31372549019608,102,5000,"pointwise exploratory percentile interval"
"exclude_all_known_reference_concerns","pooled","C3_vs_C2","coverage",468,612,342,612,76.4705882352941,55.8823529411765,-20.5882352941176,-24.8366013071895,-16.5032679738562,102,5000,"pointwise exploratory percentile interval"
"exclude_all_known_reference_concerns","pooled","C3_vs_C2","error_among_answered",329,468,223,342,70.2991452991453,65.2046783625731,-5.09446693657219,-8.60578850623135,-1.68628892996751,102,5000,"pointwise exploratory percentile interval"
"exclude_all_known_reference_concerns","pooled","C5_vs_C4","error",196,612,168,612,32.0261437908497,27.4509803921569,-4.57516339869281,-7.18954248366013,-1.79738562091503,102,5000,"pointwise exploratory percentile interval"
"exclude_all_known_reference_concerns","pooled","C5_vs_C4","correct",286,612,155,612,46.7320261437908,25.3267973856209,-21.4052287581699,-25.4901960784314,-17.3202614379085,102,5000,"pointwise exploratory percentile interval"
"exclude_all_known_reference_concerns","pooled","C5_vs_C4","abstain",130,612,289,612,21.2418300653595,47.2222222222222,25.9803921568627,21.5686274509804,30.3921568627451,102,5000,"pointwise exploratory percentile interval"
"exclude_all_known_reference_concerns","pooled","C5_vs_C4","target",7,612,6,612,1.1437908496732,0.980392156862745,-0.163398692810457,-0.816993464052287,0.326797385620915,102,5000,"pointwise exploratory percentile interval"
"exclude_all_known_reference_concerns","pooled","C5_vs_C4","coverage",482,612,323,612,78.7581699346405,52.7777777777778,-25.9803921568627,-30.3921568627451,-21.5686274509804,102,5000,"pointwise exploratory percentile interval"
"exclude_all_known_reference_concerns","pooled","C5_vs_C4","error_among_answered",196,482,168,323,40.6639004149378,52.0123839009288,11.348483485991,6.96639873778298,16.1676469613211,102,5000,"pointwise exploratory percentile interval"
"exclude_all_known_reference_concerns","deepseek","C0_vs_baseline","error",58,204,72,204,28.4313725490196,35.2941176470588,6.86274509803922,-1.96078431372549,15.6862745098039,102,5000,"pointwise exploratory percentile interval"
"exclude_all_known_reference_concerns","deepseek","C0_vs_baseline","correct",65,204,58,204,31.8627450980392,28.4313725490196,-3.43137254901961,-8.83578431372549,1.96078431372549,102,5000,"pointwise exploratory percentile interval"
"exclude_all_known_reference_concerns","deepseek","C0_vs_baseline","abstain",81,204,74,204,39.7058823529412,36.2745098039216,-3.43137254901961,-13.2352941176471,6.37254901960784,102,5000,"pointwise exploratory percentile interval"
"exclude_all_known_reference_concerns","deepseek","C0_vs_baseline","target",1,204,1,204,0.490196078431373,0.490196078431373,0,-1.47058823529412,1.47058823529412,102,5000,"pointwise exploratory percentile interval"
"exclude_all_known_reference_concerns","deepseek","C0_vs_baseline","coverage",123,204,130,204,60.2941176470588,63.7254901960784,3.43137254901961,-6.37254901960784,13.2352941176471,102,5000,"pointwise exploratory percentile interval"
"exclude_all_known_reference_concerns","deepseek","C0_vs_baseline","error_among_answered",58,123,72,130,47.1544715447154,55.3846153846154,8.23014383989994,-0.63498188279562,17.1545893719807,102,5000,"pointwise exploratory percentile interval"
"exclude_all_known_reference_concerns","deepseek","C1_vs_C0","error",72,204,127,204,35.2941176470588,62.2549019607843,26.9607843137255,18.6274509803922,35.2941176470588,102,5000,"pointwise exploratory percentile interval"
"exclude_all_known_reference_concerns","deepseek","C1_vs_C0","correct",58,204,68,204,28.4313725490196,33.3333333333333,4.90196078431373,-0.490196078431376,10.2941176470588,102,5000,"pointwise exploratory percentile interval"
"exclude_all_known_reference_concerns","deepseek","C1_vs_C0","abstain",74,204,9,204,36.2745098039216,4.41176470588235,-31.8627450980392,-39.7058823529412,-24.0196078431373,102,5000,"pointwise exploratory percentile interval"
"exclude_all_known_reference_concerns","deepseek","C1_vs_C0","target",1,204,94,204,0.490196078431373,46.078431372549,45.5882352941176,36.2745098039216,54.4117647058824,102,5000,"pointwise exploratory percentile interval"
"exclude_all_known_reference_concerns","deepseek","C1_vs_C0","coverage",130,204,195,204,63.7254901960784,95.5882352941177,31.8627450980392,24.0196078431373,39.7058823529412,102,5000,"pointwise exploratory percentile interval"
"exclude_all_known_reference_concerns","deepseek","C1_vs_C0","error_among_answered",72,130,127,195,55.3846153846154,65.1282051282051,9.74358974358974,2.95801196182787,16.8559683693445,102,5000,"pointwise exploratory percentile interval"
"exclude_all_known_reference_concerns","deepseek","C2_vs_C0","error",72,204,97,204,35.2941176470588,47.5490196078431,12.2549019607843,2.94117647058824,21.5686274509804,102,5000,"pointwise exploratory percentile interval"
"exclude_all_known_reference_concerns","deepseek","C2_vs_C0","correct",58,204,66,204,28.4313725490196,32.3529411764706,3.92156862745098,-0.980392156862747,8.82352941176471,102,5000,"pointwise exploratory percentile interval"
"exclude_all_known_reference_concerns","deepseek","C2_vs_C0","abstain",74,204,41,204,36.2745098039216,20.0980392156863,-16.1764705882353,-25.9803921568627,-6.37254901960785,102,5000,"pointwise exploratory percentile interval"
"exclude_all_known_reference_concerns","deepseek","C2_vs_C0","target",1,204,60,204,0.490196078431373,29.4117647058824,28.921568627451,21.078431372549,36.7647058823529,102,5000,"pointwise exploratory percentile interval"
"exclude_all_known_reference_concerns","deepseek","C2_vs_C0","coverage",130,204,163,204,63.7254901960784,79.9019607843137,16.1764705882353,6.37254901960784,25.9803921568627,102,5000,"pointwise exploratory percentile interval"
"exclude_all_known_reference_concerns","deepseek","C2_vs_C0","error_among_answered",72,130,97,163,55.3846153846154,59.5092024539877,4.12458706937235,-3.13147120352103,11.4340608254865,102,5000,"pointwise exploratory percentile interval"
"exclude_all_known_reference_concerns","deepseek","C3_vs_C2","error",97,204,57,204,47.5490196078431,27.9411764705882,-19.6078431372549,-27.4509803921569,-12.2549019607843,102,5000,"pointwise exploratory percentile interval"
"exclude_all_known_reference_concerns","deepseek","C3_vs_C2","correct",66,204,63,204,32.3529411764706,30.8823529411765,-1.47058823529412,-4.41176470588235,1.47058823529412,102,5000,"pointwise exploratory percentile interval"
"exclude_all_known_reference_concerns","deepseek","C3_vs_C2","abstain",41,204,84,204,20.0980392156863,41.1764705882353,21.078431372549,13.7254901960784,28.4436274509802,102,5000,"pointwise exploratory percentile interval"
"exclude_all_known_reference_concerns","deepseek","C3_vs_C2","target",60,204,10,204,29.4117647058824,4.90196078431373,-24.5098039215686,-31.8627450980392,-17.6348039215688,102,5000,"pointwise exploratory percentile interval"
"exclude_all_known_reference_concerns","deepseek","C3_vs_C2","coverage",163,204,120,204,79.9019607843137,58.8235294117647,-21.078431372549,-28.4436274509804,-13.7254901960784,102,5000,"pointwise exploratory percentile interval"
"exclude_all_known_reference_concerns","deepseek","C3_vs_C2","error_among_answered",97,163,57,120,59.5092024539877,47.5,-12.0092024539877,-18.5945646497579,-5.94908654881,102,5000,"pointwise exploratory percentile interval"
"exclude_all_known_reference_concerns","deepseek","C5_vs_C4","error",35,204,40,204,17.156862745098,19.6078431372549,2.45098039215686,-0.980392156862744,6.37254901960784,102,5000,"pointwise exploratory percentile interval"
"exclude_all_known_reference_concerns","deepseek","C5_vs_C4","correct",141,204,76,204,69.1176470588235,37.2549019607843,-31.8627450980392,-39.7058823529412,-24.5098039215686,102,5000,"pointwise exploratory percentile interval"
"exclude_all_known_reference_concerns","deepseek","C5_vs_C4","abstain",28,204,88,204,13.7254901960784,43.1372549019608,29.4117647058824,22.0588235294118,37.2549019607843,102,5000,"pointwise exploratory percentile interval"
"exclude_all_known_reference_concerns","deepseek","C5_vs_C4","target",0,204,0,204,0,0,0,0,0,102,5000,"degenerate; not evidence of equivalence"
"exclude_all_known_reference_concerns","deepseek","C5_vs_C4","coverage",176,204,116,204,86.2745098039216,56.8627450980392,-29.4117647058824,-37.2549019607843,-22.0588235294118,102,5000,"pointwise exploratory percentile interval"
"exclude_all_known_reference_concerns","deepseek","C5_vs_C4","error_among_answered",35,176,40,116,19.8863636363636,34.4827586206897,14.596394984326,8.48009376460052,21.5704381085471,102,5000,"pointwise exploratory percentile interval"
"exclude_all_known_reference_concerns","kimi","C0_vs_baseline","error",95,204,62,204,46.5686274509804,30.3921568627451,-16.1764705882353,-25,-7.84313725490196,102,5000,"pointwise exploratory percentile interval"
"exclude_all_known_reference_concerns","kimi","C0_vs_baseline","correct",46,204,35,204,22.5490196078431,17.156862745098,-5.3921568627451,-10.2941176470588,-1.47058823529412,102,5000,"pointwise exploratory percentile interval"
"exclude_all_known_reference_concerns","kimi","C0_vs_baseline","abstain",63,204,107,204,30.8823529411765,52.4509803921569,21.5686274509804,13.2352941176471,30.3921568627451,102,5000,"pointwise exploratory percentile interval"
"exclude_all_known_reference_concerns","kimi","C0_vs_baseline","target",1,204,1,204,0.490196078431373,0.490196078431373,0,0,0,102,5000,"degenerate; not evidence of equivalence"
"exclude_all_known_reference_concerns","kimi","C0_vs_baseline","coverage",141,204,97,204,69.1176470588235,47.5490196078431,-21.5686274509804,-30.3921568627451,-13.2352941176471,102,5000,"pointwise exploratory percentile interval"
"exclude_all_known_reference_concerns","kimi","C0_vs_baseline","error_among_answered",95,141,62,97,67.3758865248227,63.9175257731959,-3.45836075162681,-11.0885439702197,4.13318494922268,102,5000,"pointwise exploratory percentile interval"
"exclude_all_known_reference_concerns","kimi","C1_vs_C0","error",62,204,110,204,30.3921568627451,53.921568627451,23.5294117647059,16.1764705882353,31.3725490196078,102,5000,"pointwise exploratory percentile interval"
"exclude_all_known_reference_concerns","kimi","C1_vs_C0","correct",35,204,46,204,17.156862745098,22.5490196078431,5.3921568627451,1.47058823529412,9.80392156862745,102,5000,"pointwise exploratory percentile interval"
"exclude_all_known_reference_concerns","kimi","C1_vs_C0","abstain",107,204,48,204,52.4509803921569,23.5294117647059,-28.921568627451,-36.7647058823529,-21.5686274509804,102,5000,"pointwise exploratory percentile interval"
"exclude_all_known_reference_concerns","kimi","C1_vs_C0","target",1,204,45,204,0.490196078431373,22.0588235294118,21.5686274509804,15.1960784313726,28.4313725490196,102,5000,"pointwise exploratory percentile interval"
"exclude_all_known_reference_concerns","kimi","C1_vs_C0","coverage",97,204,156,204,47.5490196078431,76.4705882352941,28.921568627451,21.5686274509804,36.7647058823529,102,5000,"pointwise exploratory percentile interval"
"exclude_all_known_reference_concerns","kimi","C1_vs_C0","error_among_answered",62,97,110,156,63.9175257731959,70.5128205128205,6.59529473962463,-0.692748917748914,14.1752030740795,102,5000,"pointwise exploratory percentile interval"
"exclude_all_known_reference_concerns","kimi","C2_vs_C0","error",62,204,85,204,30.3921568627451,41.6666666666667,11.2745098039216,3.43137254901961,19.6078431372549,102,5000,"pointwise exploratory percentile interval"
"exclude_all_known_reference_concerns","kimi","C2_vs_C0","correct",35,204,49,204,17.156862745098,24.0196078431373,6.86274509803922,2.45098039215686,11.7647058823529,102,5000,"pointwise exploratory percentile interval"
"exclude_all_known_reference_concerns","kimi","C2_vs_C0","abstain",107,204,70,204,52.4509803921569,34.3137254901961,-18.1372549019608,-26.4705882352941,-9.80392156862745,102,5000,"pointwise exploratory percentile interval"
"exclude_all_known_reference_concerns","kimi","C2_vs_C0","target",1,204,17,204,0.490196078431373,8.33333333333333,7.84313725490196,3.43137254901961,12.7450980392157,102,5000,"pointwise exploratory percentile interval"
"exclude_all_known_reference_concerns","kimi","C2_vs_C0","coverage",97,204,134,204,47.5490196078431,65.6862745098039,18.1372549019608,9.80392156862745,26.4705882352941,102,5000,"pointwise exploratory percentile interval"
"exclude_all_known_reference_concerns","kimi","C2_vs_C0","error_among_answered",62,97,85,134,63.9175257731959,63.4328358208955,-0.484689952300357,-8.32368817191195,7.33691769337317,102,5000,"pointwise exploratory percentile interval"
"exclude_all_known_reference_concerns","kimi","C3_vs_C2","error",85,204,68,204,41.6666666666667,33.3333333333333,-8.33333333333333,-14.2156862745098,-2.94117647058823,102,5000,"pointwise exploratory percentile interval"
"exclude_all_known_reference_concerns","kimi","C3_vs_C2","correct",49,204,37,204,24.0196078431373,18.1372549019608,-5.88235294117647,-9.80392156862745,-2.45098039215686,102,5000,"pointwise exploratory percentile interval"
"exclude_all_known_reference_concerns","kimi","C3_vs_C2","abstain",70,204,99,204,34.3137254901961,48.5294117647059,14.2156862745098,8.8235294117647,20.5882352941176,102,5000,"pointwise exploratory percentile interval"
"exclude_all_known_reference_concerns","kimi","C3_vs_C2","target",17,204,10,204,8.33333333333333,4.90196078431373,-3.43137254901961,-7.35294117647059,0,102,5000,"pointwise exploratory percentile interval"
"exclude_all_known_reference_concerns","kimi","C3_vs_C2","coverage",134,204,105,204,65.6862745098039,51.4705882352941,-14.2156862745098,-20.5882352941176,-8.82352941176471,102,5000,"pointwise exploratory percentile interval"
"exclude_all_known_reference_concerns","kimi","C3_vs_C2","error_among_answered",85,134,68,105,63.4328358208955,64.7619047619048,1.32906894100924,-4.60039414505183,7.73090100526191,102,5000,"pointwise exploratory percentile interval"
"exclude_all_known_reference_concerns","kimi","C5_vs_C4","error",67,204,56,204,32.843137254902,27.4509803921569,-5.3921568627451,-9.80392156862746,-0.980392156862744,102,5000,"pointwise exploratory percentile interval"
"exclude_all_known_reference_concerns","kimi","C5_vs_C4","correct",66,204,36,204,32.3529411764706,17.6470588235294,-14.7058823529412,-21.078431372549,-8.8235294117647,102,5000,"pointwise exploratory percentile interval"
"exclude_all_known_reference_concerns","kimi","C5_vs_C4","abstain",71,204,112,204,34.8039215686275,54.9019607843137,20.0980392156863,13.2352941176471,27.4509803921569,102,5000,"pointwise exploratory percentile interval"
"exclude_all_known_reference_concerns","kimi","C5_vs_C4","target",1,204,1,204,0.490196078431373,0.490196078431373,0,0,0,102,5000,"degenerate; not evidence of equivalence"
"exclude_all_known_reference_concerns","kimi","C5_vs_C4","coverage",133,204,92,204,65.1960784313726,45.0980392156863,-20.0980392156863,-27.4509803921569,-13.2352941176471,102,5000,"pointwise exploratory percentile interval"
"exclude_all_known_reference_concerns","kimi","C5_vs_C4","error_among_answered",67,133,56,92,50.3759398496241,60.8695652173913,10.4936253677672,2.84599351368454,18.7118751346692,102,5000,"pointwise exploratory percentile interval"
"exclude_all_known_reference_concerns","minimax","C0_vs_baseline","error",126,204,150,204,61.7647058823529,73.5294117647059,11.7647058823529,5.88235294117647,18.1372549019608,102,5000,"pointwise exploratory percentile interval"
"exclude_all_known_reference_concerns","minimax","C0_vs_baseline","correct",21,204,20,204,10.2941176470588,9.80392156862745,-0.490196078431373,-2.45098039215686,0.980392156862746,102,5000,"pointwise exploratory percentile interval"
"exclude_all_known_reference_concerns","minimax","C0_vs_baseline","abstain",57,204,34,204,27.9411764705882,16.6666666666667,-11.2745098039216,-17.6470588235294,-5.3921568627451,102,5000,"pointwise exploratory percentile interval"
"exclude_all_known_reference_concerns","minimax","C0_vs_baseline","target",8,204,7,204,3.92156862745098,3.43137254901961,-0.490196078431373,-1.47058823529412,0,102,5000,"pointwise exploratory percentile interval"
"exclude_all_known_reference_concerns","minimax","C0_vs_baseline","coverage",147,204,170,204,72.0588235294118,83.3333333333333,11.2745098039216,5.39215686274509,17.6470588235294,102,5000,"pointwise exploratory percentile interval"
"exclude_all_known_reference_concerns","minimax","C0_vs_baseline","error_among_answered",126,147,150,170,85.7142857142857,88.2352941176471,2.52100840336135,0.10933321114913,5.1074529866801,102,5000,"pointwise exploratory percentile interval"
"exclude_all_known_reference_concerns","minimax","C1_vs_C0","error",150,204,158,204,73.5294117647059,77.4509803921569,3.92156862745098,-2.94117647058824,10.7843137254902,102,5000,"pointwise exploratory percentile interval"
"exclude_all_known_reference_concerns","minimax","C1_vs_C0","correct",20,204,27,204,9.80392156862745,13.2352941176471,3.43137254901961,0.980392156862744,6.37254901960784,102,5000,"pointwise exploratory percentile interval"
"exclude_all_known_reference_concerns","minimax","C1_vs_C0","abstain",34,204,19,204,16.6666666666667,9.31372549019608,-7.35294117647059,-13.7254901960784,-1.47058823529412,102,5000,"pointwise exploratory percentile interval"
"exclude_all_known_reference_concerns","minimax","C1_vs_C0","target",7,204,68,204,3.43137254901961,33.3333333333333,29.9019607843137,23.5294117647059,36.7647058823529,102,5000,"pointwise exploratory percentile interval"
"exclude_all_known_reference_concerns","minimax","C1_vs_C0","coverage",170,204,185,204,83.3333333333333,90.6862745098039,7.35294117647059,1.47058823529411,13.7254901960784,102,5000,"pointwise exploratory percentile interval"
"exclude_all_known_reference_concerns","minimax","C1_vs_C0","error_among_answered",150,170,158,185,88.2352941176471,85.4054054054054,-2.82988871224165,-6.16656726100787,0.238916092281548,102,5000,"pointwise exploratory percentile interval"
"exclude_all_known_reference_concerns","minimax","C2_vs_C0","error",150,204,147,204,73.5294117647059,72.0588235294118,-1.47058823529412,-8.82352941176471,5.88235294117647,102,5000,"pointwise exploratory percentile interval"
"exclude_all_known_reference_concerns","minimax","C2_vs_C0","correct",20,204,24,204,9.80392156862745,11.7647058823529,1.96078431372549,-0.980392156862744,5.3921568627451,102,5000,"pointwise exploratory percentile interval"
"exclude_all_known_reference_concerns","minimax","C2_vs_C0","abstain",34,204,33,204,16.6666666666667,16.1764705882353,-0.490196078431374,-7.35294117647059,5.88235294117647,102,5000,"pointwise exploratory percentile interval"
"exclude_all_known_reference_concerns","minimax","C2_vs_C0","target",7,204,45,204,3.43137254901961,22.0588235294118,18.6274509803922,12.7450980392157,24.5098039215686,102,5000,"pointwise exploratory percentile interval"
"exclude_all_known_reference_concerns","minimax","C2_vs_C0","coverage",170,204,171,204,83.3333333333333,83.8235294117647,0.490196078431381,-5.88235294117647,7.35294117647058,102,5000,"pointwise exploratory percentile interval"
"exclude_all_known_reference_concerns","minimax","C2_vs_C0","error_among_answered",150,170,147,171,88.2352941176471,85.9649122807018,-2.2703818369453,-6.18648109276406,1.23701148772046,102,5000,"pointwise exploratory percentile interval"
"exclude_all_known_reference_concerns","minimax","C3_vs_C2","error",147,204,98,204,72.0588235294118,48.0392156862745,-24.0196078431373,-31.8627450980392,-16.6666666666667,102,5000,"pointwise exploratory percentile interval"
"exclude_all_known_reference_concerns","minimax","C3_vs_C2","correct",24,204,19,204,11.7647058823529,9.31372549019608,-2.45098039215686,-5.3921568627451,0.0122549019606059,102,5000,"pointwise exploratory percentile interval"
"exclude_all_known_reference_concerns","minimax","C3_vs_C2","abstain",33,204,87,204,16.1764705882353,42.6470588235294,26.4705882352941,19.1176470588235,33.8235294117647,102,5000,"pointwise exploratory percentile interval"
"exclude_all_known_reference_concerns","minimax","C3_vs_C2","target",45,204,23,204,22.0588235294118,11.2745098039216,-10.7843137254902,-16.6666666666667,-4.90196078431373,102,5000,"pointwise exploratory percentile interval"
"exclude_all_known_reference_concerns","minimax","C3_vs_C2","coverage",171,204,117,204,83.8235294117647,57.3529411764706,-26.4705882352941,-33.8235294117647,-19.1176470588235,102,5000,"pointwise exploratory percentile interval"
"exclude_all_known_reference_concerns","minimax","C3_vs_C2","error_among_answered",147,171,98,117,85.9649122807018,83.7606837606838,-2.20422852001799,-6.92762945501282,2.47708884448696,102,5000,"pointwise exploratory percentile interval"
"exclude_all_known_reference_concerns","minimax","C5_vs_C4","error",94,204,72,204,46.078431372549,35.2941176470588,-10.7843137254902,-16.6666666666667,-4.90196078431372,102,5000,"pointwise exploratory percentile interval"
"exclude_all_known_reference_concerns","minimax","C5_vs_C4","correct",79,204,43,204,38.7254901960784,21.078431372549,-17.6470588235294,-24.5098039215686,-11.2745098039216,102,5000,"pointwise exploratory percentile interval"
"exclude_all_known_reference_concerns","minimax","C5_vs_C4","abstain",31,204,89,204,15.1960784313725,43.6274509803922,28.4313725490196,21.078431372549,35.7843137254902,102,5000,"pointwise exploratory percentile interval"
"exclude_all_known_reference_concerns","minimax","C5_vs_C4","target",6,204,5,204,2.94117647058824,2.45098039215686,-0.490196078431373,-2.45098039215686,0.980392156862745,102,5000,"pointwise exploratory percentile interval"
"exclude_all_known_reference_concerns","minimax","C5_vs_C4","coverage",173,204,115,204,84.8039215686274,56.3725490196078,-28.4313725490196,-35.7843137254902,-21.078431372549,102,5000,"pointwise exploratory percentile interval"
"exclude_all_known_reference_concerns","minimax","C5_vs_C4","error_among_answered",94,173,72,115,54.3352601156069,62.6086956521739,8.27343553656698,0.889982063023201,16.0809520399956,102,5000,"pointwise exploratory percentile interval"
