"comparison","provider","baseline_stratum","from","to","n","denominator","from_denominator"
"C0_vs_baseline","pooled","all","correct","correct",106,719,154
"C0_vs_baseline","pooled","all","correct","incorrect",11,719,154
"C0_vs_baseline","pooled","all","correct","abstain",37,719,154
"C0_vs_baseline","pooled","all","incorrect","correct",10,719,322
"C0_vs_baseline","pooled","all","incorrect","incorrect",226,719,322
"C0_vs_baseline","pooled","all","incorrect","abstain",86,719,322
"C0_vs_baseline","pooled","all","abstain","correct",14,719,243
"C0_vs_baseline","pooled","all","abstain","incorrect",94,719,243
"C0_vs_baseline","pooled","all","abstain","abstain",135,719,243
"C0_vs_baseline","pooled","correct","correct","correct",106,154,154
"C0_vs_baseline","pooled","correct","correct","incorrect",11,154,154
"C0_vs_baseline","pooled","correct","correct","abstain",37,154,154
"C0_vs_baseline","pooled","correct","incorrect","correct",0,154,0
"C0_vs_baseline","pooled","correct","incorrect","incorrect",0,154,0
"C0_vs_baseline","pooled","correct","incorrect","abstain",0,154,0
"C0_vs_baseline","pooled","correct","abstain","correct",0,154,0
"C0_vs_baseline","pooled","correct","abstain","incorrect",0,154,0
"C0_vs_baseline","pooled","correct","abstain","abstain",0,154,0
"C0_vs_baseline","pooled","incorrect","correct","correct",0,322,0
"C0_vs_baseline","pooled","incorrect","correct","incorrect",0,322,0
"C0_vs_baseline","pooled","incorrect","correct","abstain",0,322,0
"C0_vs_baseline","pooled","incorrect","incorrect","correct",10,322,322
"C0_vs_baseline","pooled","incorrect","incorrect","incorrect",226,322,322
"C0_vs_baseline","pooled","incorrect","incorrect","abstain",86,322,322
"C0_vs_baseline","pooled","incorrect","abstain","correct",0,322,0
"C0_vs_baseline","pooled","incorrect","abstain","incorrect",0,322,0
"C0_vs_baseline","pooled","incorrect","abstain","abstain",0,322,0
"C0_vs_baseline","pooled","abstain","correct","correct",0,243,0
"C0_vs_baseline","pooled","abstain","correct","incorrect",0,243,0
"C0_vs_baseline","pooled","abstain","correct","abstain",0,243,0
"C0_vs_baseline","pooled","abstain","incorrect","correct",0,243,0
"C0_vs_baseline","pooled","abstain","incorrect","incorrect",0,243,0
"C0_vs_baseline","pooled","abstain","incorrect","abstain",0,243,0
"C0_vs_baseline","pooled","abstain","abstain","correct",14,243,243
"C0_vs_baseline","pooled","abstain","abstain","incorrect",94,243,243
"C0_vs_baseline","pooled","abstain","abstain","abstain",135,243,243
"C0_vs_baseline","deepseek","all","correct","correct",48,240,77
"C0_vs_baseline","deepseek","all","correct","incorrect",7,240,77
"C0_vs_baseline","deepseek","all","correct","abstain",22,240,77
"C0_vs_baseline","deepseek","all","incorrect","correct",9,240,67
"C0_vs_baseline","deepseek","all","incorrect","incorrect",34,240,67
"C0_vs_baseline","deepseek","all","incorrect","abstain",24,240,67
"C0_vs_baseline","deepseek","all","abstain","correct",11,240,96
"C0_vs_baseline","deepseek","all","abstain","incorrect",46,240,96
"C0_vs_baseline","deepseek","all","abstain","abstain",39,240,96
"C0_vs_baseline","deepseek","correct","correct","correct",48,77,77
"C0_vs_baseline","deepseek","correct","correct","incorrect",7,77,77
"C0_vs_baseline","deepseek","correct","correct","abstain",22,77,77
"C0_vs_baseline","deepseek","correct","incorrect","correct",0,77,0
"C0_vs_baseline","deepseek","correct","incorrect","incorrect",0,77,0
"C0_vs_baseline","deepseek","correct","incorrect","abstain",0,77,0
"C0_vs_baseline","deepseek","correct","abstain","correct",0,77,0
"C0_vs_baseline","deepseek","correct","abstain","incorrect",0,77,0
"C0_vs_baseline","deepseek","correct","abstain","abstain",0,77,0
"C0_vs_baseline","deepseek","incorrect","correct","correct",0,67,0
"C0_vs_baseline","deepseek","incorrect","correct","incorrect",0,67,0
"C0_vs_baseline","deepseek","incorrect","correct","abstain",0,67,0
"C0_vs_baseline","deepseek","incorrect","incorrect","correct",9,67,67
"C0_vs_baseline","deepseek","incorrect","incorrect","incorrect",34,67,67
"C0_vs_baseline","deepseek","incorrect","incorrect","abstain",24,67,67
"C0_vs_baseline","deepseek","incorrect","abstain","correct",0,67,0
"C0_vs_baseline","deepseek","incorrect","abstain","incorrect",0,67,0
"C0_vs_baseline","deepseek","incorrect","abstain","abstain",0,67,0
"C0_vs_baseline","deepseek","abstain","correct","correct",0,96,0
"C0_vs_baseline","deepseek","abstain","correct","incorrect",0,96,0
"C0_vs_baseline","deepseek","abstain","correct","abstain",0,96,0
"C0_vs_baseline","deepseek","abstain","incorrect","correct",0,96,0
"C0_vs_baseline","deepseek","abstain","incorrect","incorrect",0,96,0
"C0_vs_baseline","deepseek","abstain","incorrect","abstain",0,96,0
"C0_vs_baseline","deepseek","abstain","abstain","correct",11,96,96
"C0_vs_baseline","deepseek","abstain","abstain","incorrect",46,96,96
"C0_vs_baseline","deepseek","abstain","abstain","abstain",39,96,96
"C0_vs_baseline","kimi","all","correct","correct",37,240,54
"C0_vs_baseline","kimi","all","correct","incorrect",3,240,54
"C0_vs_baseline","kimi","all","correct","abstain",14,240,54
"C0_vs_baseline","kimi","all","incorrect","correct",0,240,109
"C0_vs_baseline","kimi","all","incorrect","incorrect",55,240,109
"C0_vs_baseline","kimi","all","incorrect","abstain",54,240,109
"C0_vs_baseline","kimi","all","abstain","correct",3,240,77
"C0_vs_baseline","kimi","all","abstain","incorrect",14,240,77
"C0_vs_baseline","kimi","all","abstain","abstain",60,240,77
"C0_vs_baseline","kimi","correct","correct","correct",37,54,54
"C0_vs_baseline","kimi","correct","correct","incorrect",3,54,54
"C0_vs_baseline","kimi","correct","correct","abstain",14,54,54
"C0_vs_baseline","kimi","correct","incorrect","correct",0,54,0
"C0_vs_baseline","kimi","correct","incorrect","incorrect",0,54,0
"C0_vs_baseline","kimi","correct","incorrect","abstain",0,54,0
"C0_vs_baseline","kimi","correct","abstain","correct",0,54,0
"C0_vs_baseline","kimi","correct","abstain","incorrect",0,54,0
"C0_vs_baseline","kimi","correct","abstain","abstain",0,54,0
"C0_vs_baseline","kimi","incorrect","correct","correct",0,109,0
"C0_vs_baseline","kimi","incorrect","correct","incorrect",0,109,0
"C0_vs_baseline","kimi","incorrect","correct","abstain",0,109,0
"C0_vs_baseline","kimi","incorrect","incorrect","correct",0,109,109
"C0_vs_baseline","kimi","incorrect","incorrect","incorrect",55,109,109
"C0_vs_baseline","kimi","incorrect","incorrect","abstain",54,109,109
"C0_vs_baseline","kimi","incorrect","abstain","correct",0,109,0
"C0_vs_baseline","kimi","incorrect","abstain","incorrect",0,109,0
"C0_vs_baseline","kimi","incorrect","abstain","abstain",0,109,0
"C0_vs_baseline","kimi","abstain","correct","correct",0,77,0
"C0_vs_baseline","kimi","abstain","correct","incorrect",0,77,0
"C0_vs_baseline","kimi","abstain","correct","abstain",0,77,0
"C0_vs_baseline","kimi","abstain","incorrect","correct",0,77,0
"C0_vs_baseline","kimi","abstain","incorrect","incorrect",0,77,0
"C0_vs_baseline","kimi","abstain","incorrect","abstain",0,77,0
"C0_vs_baseline","kimi","abstain","abstain","correct",3,77,77
"C0_vs_baseline","kimi","abstain","abstain","incorrect",14,77,77
"C0_vs_baseline","kimi","abstain","abstain","abstain",60,77,77
"C0_vs_baseline","minimax","all","correct","correct",21,239,23
"C0_vs_baseline","minimax","all","correct","incorrect",1,239,23
"C0_vs_baseline","minimax","all","correct","abstain",1,239,23
"C0_vs_baseline","minimax","all","incorrect","correct",1,239,146
"C0_vs_baseline","minimax","all","incorrect","incorrect",137,239,146
"C0_vs_baseline","minimax","all","incorrect","abstain",8,239,146
"C0_vs_baseline","minimax","all","abstain","correct",0,239,70
"C0_vs_baseline","minimax","all","abstain","incorrect",34,239,70
"C0_vs_baseline","minimax","all","abstain","abstain",36,239,70
"C0_vs_baseline","minimax","correct","correct","correct",21,23,23
"C0_vs_baseline","minimax","correct","correct","incorrect",1,23,23
"C0_vs_baseline","minimax","correct","correct","abstain",1,23,23
"C0_vs_baseline","minimax","correct","incorrect","correct",0,23,0
"C0_vs_baseline","minimax","correct","incorrect","incorrect",0,23,0
"C0_vs_baseline","minimax","correct","incorrect","abstain",0,23,0
"C0_vs_baseline","minimax","correct","abstain","correct",0,23,0
"C0_vs_baseline","minimax","correct","abstain","incorrect",0,23,0
"C0_vs_baseline","minimax","correct","abstain","abstain",0,23,0
"C0_vs_baseline","minimax","incorrect","correct","correct",0,146,0
"C0_vs_baseline","minimax","incorrect","correct","incorrect",0,146,0
"C0_vs_baseline","minimax","incorrect","correct","abstain",0,146,0
"C0_vs_baseline","minimax","incorrect","incorrect","correct",1,146,146
"C0_vs_baseline","minimax","incorrect","incorrect","incorrect",137,146,146
"C0_vs_baseline","minimax","incorrect","incorrect","abstain",8,146,146
"C0_vs_baseline","minimax","incorrect","abstain","correct",0,146,0
"C0_vs_baseline","minimax","incorrect","abstain","incorrect",0,146,0
"C0_vs_baseline","minimax","incorrect","abstain","abstain",0,146,0
"C0_vs_baseline","minimax","abstain","correct","correct",0,70,0
"C0_vs_baseline","minimax","abstain","correct","incorrect",0,70,0
"C0_vs_baseline","minimax","abstain","correct","abstain",0,70,0
"C0_vs_baseline","minimax","abstain","incorrect","correct",0,70,0
"C0_vs_baseline","minimax","abstain","incorrect","incorrect",0,70,0
"C0_vs_baseline","minimax","abstain","incorrect","abstain",0,70,0
"C0_vs_baseline","minimax","abstain","abstain","correct",0,70,70
"C0_vs_baseline","minimax","abstain","abstain","incorrect",34,70,70
"C0_vs_baseline","minimax","abstain","abstain","abstain",36,70,70
"C1_vs_C0","pooled","all","correct","correct",107,719,130
"C1_vs_C0","pooled","all","correct","incorrect",21,719,130
"C1_vs_C0","pooled","all","correct","abstain",2,719,130
"C1_vs_C0","pooled","all","incorrect","correct",19,719,331
"C1_vs_C0","pooled","all","incorrect","incorrect",287,719,331
"C1_vs_C0","pooled","all","incorrect","abstain",25,719,331
"C1_vs_C0","pooled","all","abstain","correct",36,719,258
"C1_vs_C0","pooled","all","abstain","incorrect",158,719,258
"C1_vs_C0","pooled","all","abstain","abstain",64,719,258
"C1_vs_C0","pooled","correct","correct","correct",105,154,106
"C1_vs_C0","pooled","correct","correct","incorrect",1,154,106
"C1_vs_C0","pooled","correct","correct","abstain",0,154,106
"C1_vs_C0","pooled","correct","incorrect","correct",11,154,11
"C1_vs_C0","pooled","correct","incorrect","incorrect",0,154,11
"C1_vs_C0","pooled","correct","incorrect","abstain",0,154,11
"C1_vs_C0","pooled","correct","abstain","correct",32,154,37
"C1_vs_C0","pooled","correct","abstain","incorrect",4,154,37
"C1_vs_C0","pooled","correct","abstain","abstain",1,154,37
"C1_vs_C0","pooled","incorrect","correct","correct",2,322,10
"C1_vs_C0","pooled","incorrect","correct","incorrect",8,322,10
"C1_vs_C0","pooled","incorrect","correct","abstain",0,322,10
"C1_vs_C0","pooled","incorrect","incorrect","correct",7,322,226
"C1_vs_C0","pooled","incorrect","incorrect","incorrect",211,322,226
"C1_vs_C0","pooled","incorrect","incorrect","abstain",8,322,226
"C1_vs_C0","pooled","incorrect","abstain","correct",3,322,86
"C1_vs_C0","pooled","incorrect","abstain","incorrect",66,322,86
"C1_vs_C0","pooled","incorrect","abstain","abstain",17,322,86
"C1_vs_C0","pooled","abstain","correct","correct",0,243,14
"C1_vs_C0","pooled","abstain","correct","incorrect",12,243,14
"C1_vs_C0","pooled","abstain","correct","abstain",2,243,14
"C1_vs_C0","pooled","abstain","incorrect","correct",1,243,94
"C1_vs_C0","pooled","abstain","incorrect","incorrect",76,243,94
"C1_vs_C0","pooled","abstain","incorrect","abstain",17,243,94
"C1_vs_C0","pooled","abstain","abstain","correct",1,243,135
"C1_vs_C0","pooled","abstain","abstain","incorrect",88,243,135
"C1_vs_C0","pooled","abstain","abstain","abstain",46,243,135
"C1_vs_C0","deepseek","all","correct","correct",49,240,68
"C1_vs_C0","deepseek","all","correct","incorrect",19,240,68
"C1_vs_C0","deepseek","all","correct","abstain",0,240,68
"C1_vs_C0","deepseek","all","incorrect","correct",8,240,87
"C1_vs_C0","deepseek","all","incorrect","incorrect",75,240,87
"C1_vs_C0","deepseek","all","incorrect","abstain",4,240,87
"C1_vs_C0","deepseek","all","abstain","correct",21,240,85
"C1_vs_C0","deepseek","all","abstain","incorrect",58,240,85
"C1_vs_C0","deepseek","all","abstain","abstain",6,240,85
"C1_vs_C0","deepseek","correct","correct","correct",47,77,48
"C1_vs_C0","deepseek","correct","correct","incorrect",1,77,48
"C1_vs_C0","deepseek","correct","correct","abstain",0,77,48
"C1_vs_C0","deepseek","correct","incorrect","correct",7,77,7
"C1_vs_C0","deepseek","correct","incorrect","incorrect",0,77,7
"C1_vs_C0","deepseek","correct","incorrect","abstain",0,77,7
"C1_vs_C0","deepseek","correct","abstain","correct",20,77,22
"C1_vs_C0","deepseek","correct","abstain","incorrect",2,77,22
"C1_vs_C0","deepseek","correct","abstain","abstain",0,77,22
"C1_vs_C0","deepseek","incorrect","correct","correct",2,67,9
"C1_vs_C0","deepseek","incorrect","correct","incorrect",7,67,9
"C1_vs_C0","deepseek","incorrect","correct","abstain",0,67,9
"C1_vs_C0","deepseek","incorrect","incorrect","correct",1,67,34
"C1_vs_C0","deepseek","incorrect","incorrect","incorrect",33,67,34
"C1_vs_C0","deepseek","incorrect","incorrect","abstain",0,67,34
"C1_vs_C0","deepseek","incorrect","abstain","correct",1,67,24
"C1_vs_C0","deepseek","incorrect","abstain","incorrect",22,67,24
"C1_vs_C0","deepseek","incorrect","abstain","abstain",1,67,24
"C1_vs_C0","deepseek","abstain","correct","correct",0,96,11
"C1_vs_C0","deepseek","abstain","correct","incorrect",11,96,11
"C1_vs_C0","deepseek","abstain","correct","abstain",0,96,11
"C1_vs_C0","deepseek","abstain","incorrect","correct",0,96,46
"C1_vs_C0","deepseek","abstain","incorrect","incorrect",42,96,46
"C1_vs_C0","deepseek","abstain","incorrect","abstain",4,96,46
"C1_vs_C0","deepseek","abstain","abstain","correct",0,96,39
"C1_vs_C0","deepseek","abstain","abstain","incorrect",34,96,39
"C1_vs_C0","deepseek","abstain","abstain","abstain",5,96,39
"C1_vs_C0","kimi","all","correct","correct",37,240,40
"C1_vs_C0","kimi","all","correct","incorrect",1,240,40
"C1_vs_C0","kimi","all","correct","abstain",2,240,40
"C1_vs_C0","kimi","all","incorrect","correct",4,240,72
"C1_vs_C0","kimi","all","incorrect","incorrect",59,240,72
"C1_vs_C0","kimi","all","incorrect","abstain",9,240,72
"C1_vs_C0","kimi","all","abstain","correct",14,240,128
"C1_vs_C0","kimi","all","abstain","incorrect",67,240,128
"C1_vs_C0","kimi","all","abstain","abstain",47,240,128
"C1_vs_C0","kimi","correct","correct","correct",37,54,37
"C1_vs_C0","kimi","correct","correct","incorrect",0,54,37
"C1_vs_C0","kimi","correct","correct","abstain",0,54,37
"C1_vs_C0","kimi","correct","incorrect","correct",3,54,3
"C1_vs_C0","kimi","correct","incorrect","incorrect",0,54,3
"C1_vs_C0","kimi","correct","incorrect","abstain",0,54,3
"C1_vs_C0","kimi","correct","abstain","correct",12,54,14
"C1_vs_C0","kimi","correct","abstain","incorrect",1,54,14
"C1_vs_C0","kimi","correct","abstain","abstain",1,54,14
"C1_vs_C0","kimi","incorrect","correct","correct",0,109,0
"C1_vs_C0","kimi","incorrect","correct","incorrect",0,109,0
"C1_vs_C0","kimi","incorrect","correct","abstain",0,109,0
"C1_vs_C0","kimi","incorrect","incorrect","correct",1,109,55
"C1_vs_C0","kimi","incorrect","incorrect","incorrect",51,109,55
"C1_vs_C0","kimi","incorrect","incorrect","abstain",3,109,55
"C1_vs_C0","kimi","incorrect","abstain","correct",2,109,54
"C1_vs_C0","kimi","incorrect","abstain","incorrect",39,109,54
"C1_vs_C0","kimi","incorrect","abstain","abstain",13,109,54
"C1_vs_C0","kimi","abstain","correct","correct",0,77,3
"C1_vs_C0","kimi","abstain","correct","incorrect",1,77,3
"C1_vs_C0","kimi","abstain","correct","abstain",2,77,3
"C1_vs_C0","kimi","abstain","incorrect","correct",0,77,14
"C1_vs_C0","kimi","abstain","incorrect","incorrect",8,77,14
"C1_vs_C0","kimi","abstain","incorrect","abstain",6,77,14
"C1_vs_C0","kimi","abstain","abstain","correct",0,77,60
"C1_vs_C0","kimi","abstain","abstain","incorrect",27,77,60
"C1_vs_C0","kimi","abstain","abstain","abstain",33,77,60
"C1_vs_C0","minimax","all","correct","correct",21,239,22
"C1_vs_C0","minimax","all","correct","incorrect",1,239,22
"C1_vs_C0","minimax","all","correct","abstain",0,239,22
"C1_vs_C0","minimax","all","incorrect","correct",7,239,172
"C1_vs_C0","minimax","all","incorrect","incorrect",153,239,172
"C1_vs_C0","minimax","all","incorrect","abstain",12,239,172
"C1_vs_C0","minimax","all","abstain","correct",1,239,45
"C1_vs_C0","minimax","all","abstain","incorrect",33,239,45
"C1_vs_C0","minimax","all","abstain","abstain",11,239,45
"C1_vs_C0","minimax","correct","correct","correct",21,23,21
"C1_vs_C0","minimax","correct","correct","incorrect",0,23,21
"C1_vs_C0","minimax","correct","correct","abstain",0,23,21
"C1_vs_C0","minimax","correct","incorrect","correct",1,23,1
"C1_vs_C0","minimax","correct","incorrect","incorrect",0,23,1
"C1_vs_C0","minimax","correct","incorrect","abstain",0,23,1
"C1_vs_C0","minimax","correct","abstain","correct",0,23,1
"C1_vs_C0","minimax","correct","abstain","incorrect",1,23,1
"C1_vs_C0","minimax","correct","abstain","abstain",0,23,1
"C1_vs_C0","minimax","incorrect","correct","correct",0,146,1
"C1_vs_C0","minimax","incorrect","correct","incorrect",1,146,1
"C1_vs_C0","minimax","incorrect","correct","abstain",0,146,1
"C1_vs_C0","minimax","incorrect","incorrect","correct",5,146,137
"C1_vs_C0","minimax","incorrect","incorrect","incorrect",127,146,137
"C1_vs_C0","minimax","incorrect","incorrect","abstain",5,146,137
"C1_vs_C0","minimax","incorrect","abstain","correct",0,146,8
"C1_vs_C0","minimax","incorrect","abstain","incorrect",5,146,8
"C1_vs_C0","minimax","incorrect","abstain","abstain",3,146,8
"C1_vs_C0","minimax","abstain","correct","correct",0,70,0
"C1_vs_C0","minimax","abstain","correct","incorrect",0,70,0
"C1_vs_C0","minimax","abstain","correct","abstain",0,70,0
"C1_vs_C0","minimax","abstain","incorrect","correct",1,70,34
"C1_vs_C0","minimax","abstain","incorrect","incorrect",26,70,34
"C1_vs_C0","minimax","abstain","incorrect","abstain",7,70,34
"C1_vs_C0","minimax","abstain","abstain","correct",1,70,36
"C1_vs_C0","minimax","abstain","abstain","incorrect",27,70,36
"C1_vs_C0","minimax","abstain","abstain","abstain",8,70,36
"C2_vs_C0","pooled","all","correct","correct",106,719,130
"C2_vs_C0","pooled","all","correct","incorrect",17,719,130
"C2_vs_C0","pooled","all","correct","abstain",7,719,130
"C2_vs_C0","pooled","all","incorrect","correct",18,719,331
"C2_vs_C0","pooled","all","incorrect","incorrect",246,719,331
"C2_vs_C0","pooled","all","incorrect","abstain",67,719,331
"C2_vs_C0","pooled","all","abstain","correct",38,719,258
"C2_vs_C0","pooled","all","abstain","incorrect",114,719,258
"C2_vs_C0","pooled","all","abstain","abstain",106,719,258
"C2_vs_C0","pooled","correct","correct","correct",102,154,106
"C2_vs_C0","pooled","correct","correct","incorrect",3,154,106
"C2_vs_C0","pooled","correct","correct","abstain",1,154,106
"C2_vs_C0","pooled","correct","incorrect","correct",11,154,11
"C2_vs_C0","pooled","correct","incorrect","incorrect",0,154,11
"C2_vs_C0","pooled","correct","incorrect","abstain",0,154,11
"C2_vs_C0","pooled","correct","abstain","correct",35,154,37
"C2_vs_C0","pooled","correct","abstain","incorrect",0,154,37
"C2_vs_C0","pooled","correct","abstain","abstain",2,154,37
"C2_vs_C0","pooled","incorrect","correct","correct",3,322,10
"C2_vs_C0","pooled","incorrect","correct","incorrect",6,322,10
"C2_vs_C0","pooled","incorrect","correct","abstain",1,322,10
"C2_vs_C0","pooled","incorrect","incorrect","correct",6,322,226
"C2_vs_C0","pooled","incorrect","incorrect","incorrect",201,322,226
"C2_vs_C0","pooled","incorrect","incorrect","abstain",19,322,226
"C2_vs_C0","pooled","incorrect","abstain","correct",3,322,86
"C2_vs_C0","pooled","incorrect","abstain","incorrect",64,322,86
"C2_vs_C0","pooled","incorrect","abstain","abstain",19,322,86
"C2_vs_C0","pooled","abstain","correct","correct",1,243,14
"C2_vs_C0","pooled","abstain","correct","incorrect",8,243,14
"C2_vs_C0","pooled","abstain","correct","abstain",5,243,14
"C2_vs_C0","pooled","abstain","incorrect","correct",1,243,94
"C2_vs_C0","pooled","abstain","incorrect","incorrect",45,243,94
"C2_vs_C0","pooled","abstain","incorrect","abstain",48,243,94
"C2_vs_C0","pooled","abstain","abstain","correct",0,243,135
"C2_vs_C0","pooled","abstain","abstain","incorrect",50,243,135
"C2_vs_C0","pooled","abstain","abstain","abstain",85,243,135
"C2_vs_C0","deepseek","all","correct","correct",49,240,68
"C2_vs_C0","deepseek","all","correct","incorrect",15,240,68
"C2_vs_C0","deepseek","all","correct","abstain",4,240,68
"C2_vs_C0","deepseek","all","incorrect","correct",8,240,87
"C2_vs_C0","deepseek","all","incorrect","incorrect",57,240,87
"C2_vs_C0","deepseek","all","incorrect","abstain",22,240,87
"C2_vs_C0","deepseek","all","abstain","correct",21,240,85
"C2_vs_C0","deepseek","all","abstain","incorrect",43,240,85
"C2_vs_C0","deepseek","all","abstain","abstain",21,240,85
"C2_vs_C0","deepseek","correct","correct","correct",45,77,48
"C2_vs_C0","deepseek","correct","correct","incorrect",2,77,48
"C2_vs_C0","deepseek","correct","correct","abstain",1,77,48
"C2_vs_C0","deepseek","correct","incorrect","correct",7,77,7
"C2_vs_C0","deepseek","correct","incorrect","incorrect",0,77,7
"C2_vs_C0","deepseek","correct","incorrect","abstain",0,77,7
"C2_vs_C0","deepseek","correct","abstain","correct",21,77,22
"C2_vs_C0","deepseek","correct","abstain","incorrect",0,77,22
"C2_vs_C0","deepseek","correct","abstain","abstain",1,77,22
"C2_vs_C0","deepseek","incorrect","correct","correct",3,67,9
"C2_vs_C0","deepseek","incorrect","correct","incorrect",5,67,9
"C2_vs_C0","deepseek","incorrect","correct","abstain",1,67,9
"C2_vs_C0","deepseek","incorrect","incorrect","correct",0,67,34
"C2_vs_C0","deepseek","incorrect","incorrect","incorrect",32,67,34
"C2_vs_C0","deepseek","incorrect","incorrect","abstain",2,67,34
"C2_vs_C0","deepseek","incorrect","abstain","correct",0,67,24
"C2_vs_C0","deepseek","incorrect","abstain","incorrect",18,67,24
"C2_vs_C0","deepseek","incorrect","abstain","abstain",6,67,24
"C2_vs_C0","deepseek","abstain","correct","correct",1,96,11
"C2_vs_C0","deepseek","abstain","correct","incorrect",8,96,11
"C2_vs_C0","deepseek","abstain","correct","abstain",2,96,11
"C2_vs_C0","deepseek","abstain","incorrect","correct",1,96,46
"C2_vs_C0","deepseek","abstain","incorrect","incorrect",25,96,46
"C2_vs_C0","deepseek","abstain","incorrect","abstain",20,96,46
"C2_vs_C0","deepseek","abstain","abstain","correct",0,96,39
"C2_vs_C0","deepseek","abstain","abstain","incorrect",25,96,39
"C2_vs_C0","deepseek","abstain","abstain","abstain",14,96,39
"C2_vs_C0","kimi","all","correct","correct",37,240,40
"C2_vs_C0","kimi","all","correct","incorrect",0,240,40
"C2_vs_C0","kimi","all","correct","abstain",3,240,40
"C2_vs_C0","kimi","all","incorrect","correct",4,240,72
"C2_vs_C0","kimi","all","incorrect","incorrect",50,240,72
"C2_vs_C0","kimi","all","incorrect","abstain",18,240,72
"C2_vs_C0","kimi","all","abstain","correct",16,240,128
"C2_vs_C0","kimi","all","abstain","incorrect",44,240,128
"C2_vs_C0","kimi","all","abstain","abstain",68,240,128
"C2_vs_C0","kimi","correct","correct","correct",37,54,37
"C2_vs_C0","kimi","correct","correct","incorrect",0,54,37
"C2_vs_C0","kimi","correct","correct","abstain",0,54,37
"C2_vs_C0","kimi","correct","incorrect","correct",3,54,3
"C2_vs_C0","kimi","correct","incorrect","incorrect",0,54,3
"C2_vs_C0","kimi","correct","incorrect","abstain",0,54,3
"C2_vs_C0","kimi","correct","abstain","correct",13,54,14
"C2_vs_C0","kimi","correct","abstain","incorrect",0,54,14
"C2_vs_C0","kimi","correct","abstain","abstain",1,54,14
"C2_vs_C0","kimi","incorrect","correct","correct",0,109,0
"C2_vs_C0","kimi","incorrect","correct","incorrect",0,109,0
"C2_vs_C0","kimi","incorrect","correct","abstain",0,109,0
"C2_vs_C0","kimi","incorrect","incorrect","correct",1,109,55
"C2_vs_C0","kimi","incorrect","incorrect","incorrect",49,109,55
"C2_vs_C0","kimi","incorrect","incorrect","abstain",5,109,55
"C2_vs_C0","kimi","incorrect","abstain","correct",3,109,54
"C2_vs_C0","kimi","incorrect","abstain","incorrect",38,109,54
"C2_vs_C0","kimi","incorrect","abstain","abstain",13,109,54
"C2_vs_C0","kimi","abstain","correct","correct",0,77,3
"C2_vs_C0","kimi","abstain","correct","incorrect",0,77,3
"C2_vs_C0","kimi","abstain","correct","abstain",3,77,3
"C2_vs_C0","kimi","abstain","incorrect","correct",0,77,14
"C2_vs_C0","kimi","abstain","incorrect","incorrect",1,77,14
"C2_vs_C0","kimi","abstain","incorrect","abstain",13,77,14
"C2_vs_C0","kimi","abstain","abstain","correct",0,77,60
"C2_vs_C0","kimi","abstain","abstain","incorrect",6,77,60
"C2_vs_C0","kimi","abstain","abstain","abstain",54,77,60
"C2_vs_C0","minimax","all","correct","correct",20,239,22
"C2_vs_C0","minimax","all","correct","incorrect",2,239,22
"C2_vs_C0","minimax","all","correct","abstain",0,239,22
"C2_vs_C0","minimax","all","incorrect","correct",6,239,172
"C2_vs_C0","minimax","all","incorrect","incorrect",139,239,172
"C2_vs_C0","minimax","all","incorrect","abstain",27,239,172
"C2_vs_C0","minimax","all","abstain","correct",1,239,45
"C2_vs_C0","minimax","all","abstain","incorrect",27,239,45
"C2_vs_C0","minimax","all","abstain","abstain",17,239,45
"C2_vs_C0","minimax","correct","correct","correct",20,23,21
"C2_vs_C0","minimax","correct","correct","incorrect",1,23,21
"C2_vs_C0","minimax","correct","correct","abstain",0,23,21
"C2_vs_C0","minimax","correct","incorrect","correct",1,23,1
"C2_vs_C0","minimax","correct","incorrect","incorrect",0,23,1
"C2_vs_C0","minimax","correct","incorrect","abstain",0,23,1
"C2_vs_C0","minimax","correct","abstain","correct",1,23,1
"C2_vs_C0","minimax","correct","abstain","incorrect",0,23,1
"C2_vs_C0","minimax","correct","abstain","abstain",0,23,1
"C2_vs_C0","minimax","incorrect","correct","correct",0,146,1
"C2_vs_C0","minimax","incorrect","correct","incorrect",1,146,1
"C2_vs_C0","minimax","incorrect","correct","abstain",0,146,1
"C2_vs_C0","minimax","incorrect","incorrect","correct",5,146,137
"C2_vs_C0","minimax","incorrect","incorrect","incorrect",120,146,137
"C2_vs_C0","minimax","incorrect","incorrect","abstain",12,146,137
"C2_vs_C0","minimax","incorrect","abstain","correct",0,146,8
"C2_vs_C0","minimax","incorrect","abstain","incorrect",8,146,8
"C2_vs_C0","minimax","incorrect","abstain","abstain",0,146,8
"C2_vs_C0","minimax","abstain","correct","correct",0,70,0
"C2_vs_C0","minimax","abstain","correct","incorrect",0,70,0
"C2_vs_C0","minimax","abstain","correct","abstain",0,70,0
"C2_vs_C0","minimax","abstain","incorrect","correct",0,70,34
"C2_vs_C0","minimax","abstain","incorrect","incorrect",19,70,34
"C2_vs_C0","minimax","abstain","incorrect","abstain",15,70,34
"C2_vs_C0","minimax","abstain","abstain","correct",0,70,36
"C2_vs_C0","minimax","abstain","abstain","incorrect",19,70,36
"C2_vs_C0","minimax","abstain","abstain","abstain",17,70,36
"C3_vs_C2","pooled","all","correct","correct",133,719,162
"C3_vs_C2","pooled","all","correct","incorrect",9,719,162
"C3_vs_C2","pooled","all","correct","abstain",20,719,162
"C3_vs_C2","pooled","all","incorrect","correct",5,719,377
"C3_vs_C2","pooled","all","incorrect","incorrect",228,719,377
"C3_vs_C2","pooled","all","incorrect","abstain",144,719,377
"C3_vs_C2","pooled","all","abstain","correct",3,719,180
"C3_vs_C2","pooled","all","abstain","incorrect",21,719,180
"C3_vs_C2","pooled","all","abstain","abstain",156,719,180
"C3_vs_C2","pooled","correct","correct","correct",131,154,148
"C3_vs_C2","pooled","correct","correct","incorrect",0,154,148
"C3_vs_C2","pooled","correct","correct","abstain",17,154,148
"C3_vs_C2","pooled","correct","incorrect","correct",3,154,3
"C3_vs_C2","pooled","correct","incorrect","incorrect",0,154,3
"C3_vs_C2","pooled","correct","incorrect","abstain",0,154,3
"C3_vs_C2","pooled","correct","abstain","correct",3,154,3
"C3_vs_C2","pooled","correct","abstain","incorrect",0,154,3
"C3_vs_C2","pooled","correct","abstain","abstain",0,154,3
"C3_vs_C2","pooled","incorrect","correct","correct",1,322,12
"C3_vs_C2","pooled","incorrect","correct","incorrect",9,322,12
"C3_vs_C2","pooled","incorrect","correct","abstain",2,322,12
"C3_vs_C2","pooled","incorrect","incorrect","correct",2,322,271
"C3_vs_C2","pooled","incorrect","incorrect","incorrect",203,322,271
"C3_vs_C2","pooled","incorrect","incorrect","abstain",66,322,271
"C3_vs_C2","pooled","incorrect","abstain","correct",0,322,39
"C3_vs_C2","pooled","incorrect","abstain","incorrect",19,322,39
"C3_vs_C2","pooled","incorrect","abstain","abstain",20,322,39
"C3_vs_C2","pooled","abstain","correct","correct",1,243,2
"C3_vs_C2","pooled","abstain","correct","incorrect",0,243,2
"C3_vs_C2","pooled","abstain","correct","abstain",1,243,2
"C3_vs_C2","pooled","abstain","incorrect","correct",0,243,103
"C3_vs_C2","pooled","abstain","incorrect","incorrect",25,243,103
"C3_vs_C2","pooled","abstain","incorrect","abstain",78,243,103
"C3_vs_C2","pooled","abstain","abstain","correct",0,243,138
"C3_vs_C2","pooled","abstain","abstain","incorrect",2,243,138
"C3_vs_C2","pooled","abstain","abstain","abstain",136,243,138
"C3_vs_C2","deepseek","all","correct","correct",71,240,78
"C3_vs_C2","deepseek","all","correct","incorrect",3,240,78
"C3_vs_C2","deepseek","all","correct","abstain",4,240,78
"C3_vs_C2","deepseek","all","incorrect","correct",2,240,115
"C3_vs_C2","deepseek","all","incorrect","incorrect",63,240,115
"C3_vs_C2","deepseek","all","incorrect","abstain",50,240,115
"C3_vs_C2","deepseek","all","abstain","correct",2,240,47
"C3_vs_C2","deepseek","all","abstain","incorrect",3,240,47
"C3_vs_C2","deepseek","all","abstain","abstain",42,240,47
"C3_vs_C2","deepseek","correct","correct","correct",70,77,73
"C3_vs_C2","deepseek","correct","correct","incorrect",0,77,73
"C3_vs_C2","deepseek","correct","correct","abstain",3,77,73
"C3_vs_C2","deepseek","correct","incorrect","correct",2,77,2
"C3_vs_C2","deepseek","correct","incorrect","incorrect",0,77,2
"C3_vs_C2","deepseek","correct","incorrect","abstain",0,77,2
"C3_vs_C2","deepseek","correct","abstain","correct",2,77,2
"C3_vs_C2","deepseek","correct","abstain","incorrect",0,77,2
"C3_vs_C2","deepseek","correct","abstain","abstain",0,77,2
"C3_vs_C2","deepseek","incorrect","correct","correct",0,67,3
"C3_vs_C2","deepseek","incorrect","correct","incorrect",3,67,3
"C3_vs_C2","deepseek","incorrect","correct","abstain",0,67,3
"C3_vs_C2","deepseek","incorrect","incorrect","correct",0,67,55
"C3_vs_C2","deepseek","incorrect","incorrect","incorrect",51,67,55
"C3_vs_C2","deepseek","incorrect","incorrect","abstain",4,67,55
"C3_vs_C2","deepseek","incorrect","abstain","correct",0,67,9
"C3_vs_C2","deepseek","incorrect","abstain","incorrect",3,67,9
"C3_vs_C2","deepseek","incorrect","abstain","abstain",6,67,9
"C3_vs_C2","deepseek","abstain","correct","correct",1,96,2
"C3_vs_C2","deepseek","abstain","correct","incorrect",0,96,2
"C3_vs_C2","deepseek","abstain","correct","abstain",1,96,2
"C3_vs_C2","deepseek","abstain","incorrect","correct",0,96,58
"C3_vs_C2","deepseek","abstain","incorrect","incorrect",12,96,58
"C3_vs_C2","deepseek","abstain","incorrect","abstain",46,96,58
"C3_vs_C2","deepseek","abstain","abstain","correct",0,96,36
"C3_vs_C2","deepseek","abstain","abstain","incorrect",0,96,36
"C3_vs_C2","deepseek","abstain","abstain","abstain",36,96,36
"C3_vs_C2","kimi","all","correct","correct",44,240,57
"C3_vs_C2","kimi","all","correct","incorrect",3,240,57
"C3_vs_C2","kimi","all","correct","abstain",10,240,57
"C3_vs_C2","kimi","all","incorrect","correct",0,240,94
"C3_vs_C2","kimi","all","incorrect","incorrect",70,240,94
"C3_vs_C2","kimi","all","incorrect","abstain",24,240,94
"C3_vs_C2","kimi","all","abstain","correct",1,240,89
"C3_vs_C2","kimi","all","abstain","incorrect",6,240,89
"C3_vs_C2","kimi","all","abstain","abstain",82,240,89
"C3_vs_C2","kimi","correct","correct","correct",43,54,53
"C3_vs_C2","kimi","correct","correct","incorrect",0,54,53
"C3_vs_C2","kimi","correct","correct","abstain",10,54,53
"C3_vs_C2","kimi","correct","incorrect","correct",0,54,0
"C3_vs_C2","kimi","correct","incorrect","incorrect",0,54,0
"C3_vs_C2","kimi","correct","incorrect","abstain",0,54,0
"C3_vs_C2","kimi","correct","abstain","correct",1,54,1
"C3_vs_C2","kimi","correct","abstain","incorrect",0,54,1
"C3_vs_C2","kimi","correct","abstain","abstain",0,54,1
"C3_vs_C2","kimi","incorrect","correct","correct",1,109,4
"C3_vs_C2","kimi","incorrect","correct","incorrect",3,109,4
"C3_vs_C2","kimi","incorrect","correct","abstain",0,109,4
"C3_vs_C2","kimi","incorrect","incorrect","correct",0,109,87
"C3_vs_C2","kimi","incorrect","incorrect","incorrect",68,109,87
"C3_vs_C2","kimi","incorrect","incorrect","abstain",19,109,87
"C3_vs_C2","kimi","incorrect","abstain","correct",0,109,18
"C3_vs_C2","kimi","incorrect","abstain","incorrect",6,109,18
"C3_vs_C2","kimi","incorrect","abstain","abstain",12,109,18
"C3_vs_C2","kimi","abstain","correct","correct",0,77,0
"C3_vs_C2","kimi","abstain","correct","incorrect",0,77,0
"C3_vs_C2","kimi","abstain","correct","abstain",0,77,0
"C3_vs_C2","kimi","abstain","incorrect","correct",0,77,7
"C3_vs_C2","kimi","abstain","incorrect","incorrect",2,77,7
"C3_vs_C2","kimi","abstain","incorrect","abstain",5,77,7
"C3_vs_C2","kimi","abstain","abstain","correct",0,77,70
"C3_vs_C2","kimi","abstain","abstain","incorrect",0,77,70
"C3_vs_C2","kimi","abstain","abstain","abstain",70,77,70
"C3_vs_C2","minimax","all","correct","correct",18,239,27
"C3_vs_C2","minimax","all","correct","incorrect",3,239,27
"C3_vs_C2","minimax","all","correct","abstain",6,239,27
"C3_vs_C2","minimax","all","incorrect","correct",3,239,168
"C3_vs_C2","minimax","all","incorrect","incorrect",95,239,168
"C3_vs_C2","minimax","all","incorrect","abstain",70,239,168
"C3_vs_C2","minimax","all","abstain","correct",0,239,44
"C3_vs_C2","minimax","all","abstain","incorrect",12,239,44
"C3_vs_C2","minimax","all","abstain","abstain",32,239,44
"C3_vs_C2","minimax","correct","correct","correct",18,23,22
"C3_vs_C2","minimax","correct","correct","incorrect",0,23,22
"C3_vs_C2","minimax","correct","correct","abstain",4,23,22
"C3_vs_C2","minimax","correct","incorrect","correct",1,23,1
"C3_vs_C2","minimax","correct","incorrect","incorrect",0,23,1
"C3_vs_C2","minimax","correct","incorrect","abstain",0,23,1
"C3_vs_C2","minimax","correct","abstain","correct",0,23,0
"C3_vs_C2","minimax","correct","abstain","incorrect",0,23,0
"C3_vs_C2","minimax","correct","abstain","abstain",0,23,0
"C3_vs_C2","minimax","incorrect","correct","correct",0,146,5
"C3_vs_C2","minimax","incorrect","correct","incorrect",3,146,5
"C3_vs_C2","minimax","incorrect","correct","abstain",2,146,5
"C3_vs_C2","minimax","incorrect","incorrect","correct",2,146,129
"C3_vs_C2","minimax","incorrect","incorrect","incorrect",84,146,129
"C3_vs_C2","minimax","incorrect","incorrect","abstain",43,146,129
"C3_vs_C2","minimax","incorrect","abstain","correct",0,146,12
"C3_vs_C2","minimax","incorrect","abstain","incorrect",10,146,12
"C3_vs_C2","minimax","incorrect","abstain","abstain",2,146,12
"C3_vs_C2","minimax","abstain","correct","correct",0,70,0
"C3_vs_C2","minimax","abstain","correct","incorrect",0,70,0
"C3_vs_C2","minimax","abstain","correct","abstain",0,70,0
"C3_vs_C2","minimax","abstain","incorrect","correct",0,70,38
"C3_vs_C2","minimax","abstain","incorrect","incorrect",11,70,38
"C3_vs_C2","minimax","abstain","incorrect","abstain",27,70,38
"C3_vs_C2","minimax","abstain","abstain","correct",0,70,32
"C3_vs_C2","minimax","abstain","abstain","incorrect",2,70,32
"C3_vs_C2","minimax","abstain","abstain","abstain",30,70,32
"C5_vs_C4","pooled","all","correct","correct",172,719,353
"C5_vs_C4","pooled","all","correct","incorrect",24,719,353
"C5_vs_C4","pooled","all","correct","abstain",157,719,353
"C5_vs_C4","pooled","all","incorrect","correct",13,719,217
"C5_vs_C4","pooled","all","incorrect","incorrect",152,719,217
"C5_vs_C4","pooled","all","incorrect","abstain",52,719,217
"C5_vs_C4","pooled","all","abstain","correct",8,719,149
"C5_vs_C4","pooled","all","abstain","incorrect",7,719,149
"C5_vs_C4","pooled","all","abstain","abstain",134,719,149
"C5_vs_C4","pooled","correct","correct","correct",114,154,144
"C5_vs_C4","pooled","correct","correct","incorrect",0,154,144
"C5_vs_C4","pooled","correct","correct","abstain",30,154,144
"C5_vs_C4","pooled","correct","incorrect","correct",0,154,2
"C5_vs_C4","pooled","correct","incorrect","incorrect",2,154,2
"C5_vs_C4","pooled","correct","incorrect","abstain",0,154,2
"C5_vs_C4","pooled","correct","abstain","correct",1,154,8
"C5_vs_C4","pooled","correct","abstain","incorrect",0,154,8
"C5_vs_C4","pooled","correct","abstain","abstain",7,154,8
"C5_vs_C4","pooled","incorrect","correct","correct",28,322,76
"C5_vs_C4","pooled","incorrect","correct","incorrect",24,322,76
"C5_vs_C4","pooled","incorrect","correct","abstain",24,322,76
"C5_vs_C4","pooled","incorrect","incorrect","correct",13,322,214
"C5_vs_C4","pooled","incorrect","incorrect","incorrect",150,322,214
"C5_vs_C4","pooled","incorrect","incorrect","abstain",51,322,214
"C5_vs_C4","pooled","incorrect","abstain","correct",4,322,32
"C5_vs_C4","pooled","incorrect","abstain","incorrect",6,322,32
"C5_vs_C4","pooled","incorrect","abstain","abstain",22,322,32
"C5_vs_C4","pooled","abstain","correct","correct",30,243,133
"C5_vs_C4","pooled","abstain","correct","incorrect",0,243,133
"C5_vs_C4","pooled","abstain","correct","abstain",103,243,133
"C5_vs_C4","pooled","abstain","incorrect","correct",0,243,1
"C5_vs_C4","pooled","abstain","incorrect","incorrect",0,243,1
"C5_vs_C4","pooled","abstain","incorrect","abstain",1,243,1
"C5_vs_C4","pooled","abstain","abstain","correct",3,243,109
"C5_vs_C4","pooled","abstain","abstain","incorrect",1,243,109
"C5_vs_C4","pooled","abstain","abstain","abstain",105,243,109
"C5_vs_C4","deepseek","all","correct","correct",90,240,171
"C5_vs_C4","deepseek","all","correct","incorrect",9,240,171
"C5_vs_C4","deepseek","all","correct","abstain",72,240,171
"C5_vs_C4","deepseek","all","incorrect","correct",0,240,40
"C5_vs_C4","deepseek","all","incorrect","incorrect",35,240,40
"C5_vs_C4","deepseek","all","incorrect","abstain",5,240,40
"C5_vs_C4","deepseek","all","abstain","correct",2,240,29
"C5_vs_C4","deepseek","all","abstain","incorrect",0,240,29
"C5_vs_C4","deepseek","all","abstain","abstain",27,240,29
"C5_vs_C4","deepseek","correct","correct","correct",64,77,76
"C5_vs_C4","deepseek","correct","correct","incorrect",0,77,76
"C5_vs_C4","deepseek","correct","correct","abstain",12,77,76
"C5_vs_C4","deepseek","correct","incorrect","correct",0,77,0
"C5_vs_C4","deepseek","correct","incorrect","incorrect",0,77,0
"C5_vs_C4","deepseek","correct","incorrect","abstain",0,77,0
"C5_vs_C4","deepseek","correct","abstain","correct",1,77,1
"C5_vs_C4","deepseek","correct","abstain","incorrect",0,77,1
"C5_vs_C4","deepseek","correct","abstain","abstain",0,77,1
"C5_vs_C4","deepseek","incorrect","correct","correct",10,67,23
"C5_vs_C4","deepseek","incorrect","correct","incorrect",9,67,23
"C5_vs_C4","deepseek","incorrect","correct","abstain",4,67,23
"C5_vs_C4","deepseek","incorrect","incorrect","correct",0,67,40
"C5_vs_C4","deepseek","incorrect","incorrect","incorrect",35,67,40
"C5_vs_C4","deepseek","incorrect","incorrect","abstain",5,67,40
"C5_vs_C4","deepseek","incorrect","abstain","correct",1,67,4
"C5_vs_C4","deepseek","incorrect","abstain","incorrect",0,67,4
"C5_vs_C4","deepseek","incorrect","abstain","abstain",3,67,4
"C5_vs_C4","deepseek","abstain","correct","correct",16,96,72
"C5_vs_C4","deepseek","abstain","correct","incorrect",0,96,72
"C5_vs_C4","deepseek","abstain","correct","abstain",56,96,72
"C5_vs_C4","deepseek","abstain","incorrect","correct",0,96,0
"C5_vs_C4","deepseek","abstain","incorrect","incorrect",0,96,0
"C5_vs_C4","deepseek","abstain","incorrect","abstain",0,96,0
"C5_vs_C4","deepseek","abstain","abstain","correct",0,96,24
"C5_vs_C4","deepseek","abstain","abstain","incorrect",0,96,24
"C5_vs_C4","deepseek","abstain","abstain","abstain",24,96,24
"C5_vs_C4","kimi","all","correct","correct",40,240,81
"C5_vs_C4","kimi","all","correct","incorrect",4,240,81
"C5_vs_C4","kimi","all","correct","abstain",37,240,81
"C5_vs_C4","kimi","all","incorrect","correct",6,240,74
"C5_vs_C4","kimi","all","incorrect","incorrect",53,240,74
"C5_vs_C4","kimi","all","incorrect","abstain",15,240,74
"C5_vs_C4","kimi","all","abstain","correct",0,240,85
"C5_vs_C4","kimi","all","abstain","incorrect",5,240,85
"C5_vs_C4","kimi","all","abstain","abstain",80,240,85
"C5_vs_C4","kimi","correct","correct","correct",30,54,45
"C5_vs_C4","kimi","correct","correct","incorrect",0,54,45
"C5_vs_C4","kimi","correct","correct","abstain",15,54,45
"C5_vs_C4","kimi","correct","incorrect","correct",0,54,2
"C5_vs_C4","kimi","correct","incorrect","incorrect",2,54,2
"C5_vs_C4","kimi","correct","incorrect","abstain",0,54,2
"C5_vs_C4","kimi","correct","abstain","correct",0,54,7
"C5_vs_C4","kimi","correct","abstain","incorrect",0,54,7
"C5_vs_C4","kimi","correct","abstain","abstain",7,54,7
"C5_vs_C4","kimi","incorrect","correct","correct",9,109,19
"C5_vs_C4","kimi","incorrect","correct","incorrect",4,109,19
"C5_vs_C4","kimi","incorrect","correct","abstain",6,109,19
"C5_vs_C4","kimi","incorrect","incorrect","correct",6,109,72
"C5_vs_C4","kimi","incorrect","incorrect","incorrect",51,109,72
"C5_vs_C4","kimi","incorrect","incorrect","abstain",15,109,72
"C5_vs_C4","kimi","incorrect","abstain","correct",0,109,18
"C5_vs_C4","kimi","incorrect","abstain","incorrect",5,109,18
"C5_vs_C4","kimi","incorrect","abstain","abstain",13,109,18
"C5_vs_C4","kimi","abstain","correct","correct",1,77,17
"C5_vs_C4","kimi","abstain","correct","incorrect",0,77,17
"C5_vs_C4","kimi","abstain","correct","abstain",16,77,17
"C5_vs_C4","kimi","abstain","incorrect","correct",0,77,0
"C5_vs_C4","kimi","abstain","incorrect","incorrect",0,77,0
"C5_vs_C4","kimi","abstain","incorrect","abstain",0,77,0
"C5_vs_C4","kimi","abstain","abstain","correct",0,77,60
"C5_vs_C4","kimi","abstain","abstain","incorrect",0,77,60
"C5_vs_C4","kimi","abstain","abstain","abstain",60,77,60
"C5_vs_C4","minimax","all","correct","correct",42,239,101
"C5_vs_C4","minimax","all","correct","incorrect",11,239,101
"C5_vs_C4","minimax","all","correct","abstain",48,239,101
"C5_vs_C4","minimax","all","incorrect","correct",7,239,103
"C5_vs_C4","minimax","all","incorrect","incorrect",64,239,103
"C5_vs_C4","minimax","all","incorrect","abstain",32,239,103
"C5_vs_C4","minimax","all","abstain","correct",6,239,35
"C5_vs_C4","minimax","all","abstain","incorrect",2,239,35
"C5_vs_C4","minimax","all","abstain","abstain",27,239,35
"C5_vs_C4","minimax","correct","correct","correct",20,23,23
"C5_vs_C4","minimax","correct","correct","incorrect",0,23,23
"C5_vs_C4","minimax","correct","correct","abstain",3,23,23
"C5_vs_C4","minimax","correct","incorrect","correct",0,23,0
"C5_vs_C4","minimax","correct","incorrect","incorrect",0,23,0
"C5_vs_C4","minimax","correct","incorrect","abstain",0,23,0
"C5_vs_C4","minimax","correct","abstain","correct",0,23,0
"C5_vs_C4","minimax","correct","abstain","incorrect",0,23,0
"C5_vs_C4","minimax","correct","abstain","abstain",0,23,0
"C5_vs_C4","minimax","incorrect","correct","correct",9,146,34
"C5_vs_C4","minimax","incorrect","correct","incorrect",11,146,34
"C5_vs_C4","minimax","incorrect","correct","abstain",14,146,34
"C5_vs_C4","minimax","incorrect","incorrect","correct",7,146,102
"C5_vs_C4","minimax","incorrect","incorrect","incorrect",64,146,102
"C5_vs_C4","minimax","incorrect","incorrect","abstain",31,146,102
"C5_vs_C4","minimax","incorrect","abstain","correct",3,146,10
"C5_vs_C4","minimax","incorrect","abstain","incorrect",1,146,10
"C5_vs_C4","minimax","incorrect","abstain","abstain",6,146,10
"C5_vs_C4","minimax","abstain","correct","correct",13,70,44
"C5_vs_C4","minimax","abstain","correct","incorrect",0,70,44
"C5_vs_C4","minimax","abstain","correct","abstain",31,70,44
"C5_vs_C4","minimax","abstain","incorrect","correct",0,70,1
"C5_vs_C4","minimax","abstain","incorrect","incorrect",0,70,1
"C5_vs_C4","minimax","abstain","incorrect","abstain",1,70,1
"C5_vs_C4","minimax","abstain","abstain","correct",3,70,25
"C5_vs_C4","minimax","abstain","abstain","incorrect",1,70,25
"C5_vs_C4","minimax","abstain","abstain","abstain",21,70,25
